geo,ref_date,students,employmentrate,participationrate,unemploymentrate,date,province_id,treated,post,did,compare_sample,date_num,mdate,year,month,year_1,year_2,year_3,year_4,year_5,year_6,year_7,year_8,year_9,year_10,year_11,month_1,month_2,month_3,month_4,month_5,month_6,month_7,month_8,treat_year2,treat_year3,treat_year4,treat_year5,nowork,treated2,did2,compare_sample2,_est_OLS,_est_FE_Standard,_est_FE,_est_RE
Alberta,2015-01-01,Non-students,82.099998,88.199997,7,2015-01-01,Alberta,0,0,0,,01jan2015,2015m1,2015,1,1,0,0,0,0,0,0,0,0,0,0,1,0,0,0,0,0,0,0,0,0,0,0,17.900002,1,0,1,1,0,0,0
Alberta,2015-02-01,Non-students,79.800003,90,11.3,2015-02-01,Alberta,0,0,0,,01feb2015,2015m2,2015,2,1,0,0,0,0,0,0,0,0,0,0,0,1,0,0,0,0,0,0,0,0,0,0,20.199997,1,0,1,1,0,0,0
Alberta,2015-03-01,Non-students,81.099998,90.400002,10.2,2015-03-01,Alberta,0,0,0,,01mar2015,2015m3,2015,3,1,0,0,0,0,0,0,0,0,0,0,0,0,1,0,0,0,0,0,0,0,0,0,18.900002,1,0,1,1,0,0,0
Alberta,2015-04-01,Non-students,80.5,89.599998,10.2,2015-04-01,Alberta,0,0,0,,01apr2015,2015m4,2015,4,1,0,0,0,0,0,0,0,0,0,0,0,0,0,1,0,0,0,0,0,0,0,0,19.5,1,0,1,1,0,0,0
Alberta,2015-09-01,Non-students,80.5,89.300003,9.8000002,2015-09-01,Alberta,0,0,0,,01sep2015,2015m9,2015,9,1,0,0,0,0,0,0,0,0,0,0,0,0,0,0,1,0,0,0,0,0,0,0,19.5,1,0,1,1,0,0,0
Alberta,2015-10-01,Non-students,79.800003,88,9.3000002,2015-10-01,Alberta,0,0,0,,01oct2015,2015m10,2015,10,1,0,0,0,0,0,0,0,0,0,0,0,0,0,0,0,1,0,0,0,0,0,0,20.199997,1,0,1,1,0,0,0
Alberta,2015-11-01,Non-students,76.800003,88.699997,13.4,2015-11-01,Alberta,0,0,0,,01nov2015,2015m11,2015,11,1,0,0,0,0,0,0,0,0,0,0,0,0,0,0,0,0,1,0,0,0,0,0,23.199997,1,0,1,1,0,0,0
Alberta,2015-12-01,Non-students,76.800003,85.800003,10.5,2015-12-01,Alberta,0,0,0,,01dec2015,2015m12,2015,12,1,0,0,0,0,0,0,0,0,0,0,0,0,0,0,0,0,0,1,0,0,0,0,23.199997,1,0,1,1,0,0,0
Alberta,2016-01-01,Non-students,75.5,86.5,12.7,2016-01-01,Alberta,0,0,0,,01jan2016,2016m1,2016,1,0,1,0,0,0,0,0,0,0,0,0,1,0,0,0,0,0,0,0,0,0,0,0,24.5,1,0,1,1,0,0,0
Alberta,2016-02-01,Non-students,78.599998,90,12.7,2016-02-01,Alberta,0,0,0,,01feb2016,2016m2,2016,2,0,1,0,0,0,0,0,0,0,0,0,0,1,0,0,0,0,0,0,0,0,0,0,21.400002,1,0,1,1,0,0,0
Alberta,2016-03-01,Non-students,79.900002,91,12.2,2016-03-01,Alberta,0,0,0,,01mar2016,2016m3,2016,3,0,1,0,0,0,0,0,0,0,0,0,0,0,1,0,0,0,0,0,0,0,0,0,20.099998,1,0,1,1,0,0,0
Alberta,2016-04-01,Non-students,80.599998,90.699997,11.2,2016-04-01,Alberta,0,0,0,,01apr2016,2016m4,2016,4,0,1,0,0,0,0,0,0,0,0,0,0,0,0,1,0,0,0,0,0,0,0,0,19.400002,1,0,1,1,0,0,0
Alberta,2016-09-01,Non-students,79.599998,90.099998,11.7,2016-09-01,Alberta,0,0,0,,01sep2016,2016m9,2016,9,0,1,0,0,0,0,0,0,0,0,0,0,0,0,0,1,0,0,0,0,0,0,0,20.400002,1,0,1,1,0,0,0
Alberta,2016-10-01,Non-students,80.800003,89.400002,9.6999998,2016-10-01,Alberta,0,0,0,,01oct2016,2016m10,2016,10,0,1,0,0,0,0,0,0,0,0,0,0,0,0,0,0,1,0,0,0,0,0,0,19.199997,1,0,1,1,0,0,0
Alberta,2016-11-01,Non-students,79.400002,89.699997,11.5,2016-11-01,Alberta,0,0,0,,01nov2016,2016m11,2016,11,0,1,0,0,0,0,0,0,0,0,0,0,0,0,0,0,0,1,0,0,0,0,0,20.599998,1,0,1,1,0,0,0
Alberta,2016-12-01,Non-students,80.199997,89.199997,10,2016-12-01,Alberta,0,0,0,,01dec2016,2016m12,2016,12,0,1,0,0,0,0,0,0,0,0,0,0,0,0,0,0,0,0,1,0,0,0,0,19.800003,1,0,1,1,0,0,0
Alberta,2017-01-01,Non-students,75.599998,87.300003,13.4,2017-01-01,Alberta,0,0,0,,01jan2017,2017m1,2017,1,0,0,1,0,0,0,0,0,0,0,0,1,0,0,0,0,0,0,0,0,0,0,0,24.400002,1,0,1,1,0,0,0
Alberta,2017-02-01,Non-students,76.900002,89.199997,13.8,2017-02-01,Alberta,0,0,0,,01feb2017,2017m2,2017,2,0,0,1,0,0,0,0,0,0,0,0,0,1,0,0,0,0,0,0,0,0,0,0,23.099998,1,0,1,1,0,0,0
Alberta,2017-03-01,Non-students,76.699997,89.800003,14.5,2017-03-01,Alberta,0,0,0,,01mar2017,2017m3,2017,3,0,0,1,0,0,0,0,0,0,0,0,0,0,1,0,0,0,0,0,0,0,0,0,23.300003,1,0,1,1,0,0,0
Alberta,2017-04-01,Non-students,77.699997,88.300003,12.1,2017-04-01,Alberta,0,0,0,,01apr2017,2017m4,2017,4,0,0,1,0,0,0,0,0,0,0,0,0,0,0,1,0,0,0,0,0,0,0,0,22.300003,1,0,1,1,0,0,0
Alberta,2017-09-01,Non-students,80.800003,89.400002,9.6000004,2017-09-01,Alberta,0,0,0,,01sep2017,2017m9,2017,9,0,0,1,0,0,0,0,0,0,0,0,0,0,0,0,1,0,0,0,0,0,0,0,19.199997,1,0,1,1,0,0,0
Alberta,2017-10-01,Non-students,81.099998,89.599998,9.5,2017-10-01,Alberta,0,0,0,,01oct2017,2017m10,2017,10,0,0,1,0,0,0,0,0,0,0,0,0,0,0,0,0,1,0,0,0,0,0,0,18.900002,1,0,1,1,0,0,0
Alberta,2017-11-01,Non-students,79.5,88.699997,10.4,2017-11-01,Alberta,0,0,0,,01nov2017,2017m11,2017,11,0,0,1,0,0,0,0,0,0,0,0,0,0,0,0,0,0,1,0,0,0,0,0,20.5,1,0,1,1,0,0,0
Alberta,2017-12-01,Non-students,79.900002,90,11.2,2017-12-01,Alberta,0,0,0,,01dec2017,2017m12,2017,12,0,0,1,0,0,0,0,0,0,0,0,0,0,0,0,0,0,0,1,0,0,0,0,20.099998,1,0,1,1,0,0,0
Alberta,2018-01-01,Non-students,77.900002,87.099998,10.6,2018-01-01,Alberta,0,0,0,,01jan2018,2018m1,2018,1,0,0,0,1,0,0,0,0,0,0,0,1,0,0,0,0,0,0,0,0,0,0,0,22.099998,1,0,1,1,0,0,0
Alberta,2018-02-01,Non-students,77.199997,86.800003,11.1,2018-02-01,Alberta,0,0,0,,01feb2018,2018m2,2018,2,0,0,0,1,0,0,0,0,0,0,0,0,1,0,0,0,0,0,0,0,0,0,0,22.800003,1,0,1,1,0,0,0
Alberta,2018-03-01,Non-students,78.800003,88.800003,11.3,2018-03-01,Alberta,0,0,0,,01mar2018,2018m3,2018,3,0,0,0,1,0,0,0,0,0,0,0,0,0,1,0,0,0,0,0,0,0,0,0,21.199997,1,0,1,1,0,0,0
Alberta,2018-04-01,Non-students,79.199997,87.699997,9.6999998,2018-04-01,Alberta,0,0,0,,01apr2018,2018m4,2018,4,0,0,0,1,0,0,0,0,0,0,0,0,0,0,1,0,0,0,0,0,0,0,0,20.800003,1,0,1,1,0,0,0
Alberta,2018-09-01,Non-students,80.599998,89.699997,10.1,2018-09-01,Alberta,0,0,0,,01sep2018,2018m9,2018,9,0,0,0,1,0,0,0,0,0,0,0,0,0,0,0,1,0,0,0,0,0,0,0,19.400002,1,0,1,1,0,0,0
Alberta,2018-10-01,Non-students,82.900002,89.5,7.4000001,2018-10-01,Alberta,0,0,0,,01oct2018,2018m10,2018,10,0,0,0,1,0,0,0,0,0,0,0,0,0,0,0,0,1,0,0,0,0,0,0,17.099998,1,0,1,1,0,0,0
Alberta,2018-11-01,Non-students,82.699997,90,8.1000004,2018-11-01,Alberta,0,0,0,,01nov2018,2018m11,2018,11,0,0,0,1,0,0,0,0,0,0,0,0,0,0,0,0,0,1,0,0,0,0,0,17.300003,1,0,1,1,0,0,0
Alberta,2018-12-01,Non-students,82.699997,89.400002,7.5,2018-12-01,Alberta,0,0,0,,01dec2018,2018m12,2018,12,0,0,0,1,0,0,0,0,0,0,0,0,0,0,0,0,0,0,1,0,0,0,0,17.300003,1,0,1,1,0,0,0
Alberta,2019-01-01,Non-students,80,88,9.1000004,2019-01-01,Alberta,0,0,0,,01jan2019,2019m1,2019,1,0,0,0,0,1,0,0,0,0,0,0,1,0,0,0,0,0,0,0,0,0,0,0,20,1,0,1,1,0,0,0
Alberta,2019-02-01,Non-students,79.5,89.699997,11.3,2019-02-01,Alberta,0,0,0,,01feb2019,2019m2,2019,2,0,0,0,0,1,0,0,0,0,0,0,0,1,0,0,0,0,0,0,0,0,0,0,20.5,1,0,1,1,0,0,0
Alberta,2019-03-01,Non-students,78.599998,88.5,11.2,2019-03-01,Alberta,0,0,0,,01mar2019,2019m3,2019,3,0,0,0,0,1,0,0,0,0,0,0,0,0,1,0,0,0,0,0,0,0,0,0,21.400002,1,0,1,1,0,0,0
Alberta,2019-04-01,Non-students,81.400002,88.599998,8.1999998,2019-04-01,Alberta,0,0,0,,01apr2019,2019m4,2019,4,0,0,0,0,1,0,0,0,0,0,0,0,0,0,1,0,0,0,0,0,0,0,0,18.599998,1,0,1,1,0,0,0
Alberta,2019-09-01,Non-students,83.699997,93.900002,10.8,2019-09-01,Alberta,0,0,0,,01sep2019,2019m9,2019,9,0,0,0,0,1,0,0,0,0,0,0,0,0,0,0,1,0,0,0,0,0,0,0,16.300003,1,0,1,1,0,0,0
Alberta,2019-10-01,Non-students,80.800003,89.099998,9.3000002,2019-10-01,Alberta,0,0,0,,01oct2019,2019m10,2019,10,0,0,0,0,1,0,0,0,0,0,0,0,0,0,0,0,1,0,0,0,0,0,0,19.199997,1,0,1,1,0,0,0
Alberta,2019-11-01,Non-students,81.5,91.5,10.9,2019-11-01,Alberta,0,0,0,,01nov2019,2019m11,2019,11,0,0,0,0,1,0,0,0,0,0,0,0,0,0,0,0,0,1,0,0,0,0,0,18.5,1,0,1,1,0,0,0
Alberta,2019-12-01,Non-students,78.599998,90.699997,13.3,2019-12-01,Alberta,0,0,0,,01dec2019,2019m12,2019,12,0,0,0,0,1,0,0,0,0,0,0,0,0,0,0,0,0,0,1,0,0,0,0,21.400002,1,0,1,1,0,0,0
Alberta,2020-01-01,Non-students,75.5,88.800003,15,2020-01-01,Alberta,0,0,0,,01jan2020,2020m1,2020,1,0,0,0,0,0,1,0,0,0,0,0,1,0,0,0,0,0,0,0,0,0,0,0,24.5,1,0,1,1,0,0,0
Alberta,2020-02-01,Non-students,79.099998,91.400002,13.4,2020-02-01,Alberta,0,0,0,,01feb2020,2020m2,2020,2,0,0,0,0,0,1,0,0,0,0,0,0,1,0,0,0,0,0,0,0,0,0,0,20.900002,1,0,1,1,0,0,0
Alberta,2020-03-01,Non-students,68.199997,82.900002,17.799999,2020-03-01,Alberta,0,1,0,,01mar2020,2020m3,2020,3,0,0,0,0,0,1,0,0,0,0,0,0,0,1,0,0,0,0,0,0,0,0,0,31.800003,1,1,1,1,0,0,0
Alberta,2020-04-01,Non-students,51.799999,70.099998,26.1,2020-04-01,Alberta,0,1,0,,01apr2020,2020m4,2020,4,0,0,0,0,0,1,0,0,0,0,0,0,0,0,1,0,0,0,0,0,0,0,0,48.200001,1,1,1,1,0,0,0
Alberta,2020-09-01,Non-students,65.900002,84.400002,22,2020-09-01,Alberta,0,1,0,,01sep2020,2020m9,2020,9,0,0,0,0,0,1,0,0,0,0,0,0,0,0,0,1,0,0,0,0,0,0,0,34.099998,1,1,1,1,0,0,0
Alberta,2020-10-01,Non-students,66.599998,85.400002,22,2020-10-01,Alberta,0,1,0,,01oct2020,2020m10,2020,10,0,0,0,0,0,1,0,0,0,0,0,0,0,0,0,0,1,0,0,0,0,0,0,33.400002,1,1,1,1,0,0,0
Alberta,2020-11-01,Non-students,67.099998,88.300003,24,2020-11-01,Alberta,0,1,0,,01nov2020,2020m11,2020,11,0,0,0,0,0,1,0,0,0,0,0,0,0,0,0,0,0,1,0,0,0,0,0,32.900002,1,1,1,1,0,0,0
Alberta,2020-12-01,Non-students,63.099998,83.900002,24.799999,2020-12-01,Alberta,0,1,0,,01dec2020,2020m12,2020,12,0,0,0,0,0,1,0,0,0,0,0,0,0,0,0,0,0,0,1,0,0,0,0,36.900002,1,1,1,1,0,0,0
Alberta,2021-01-01,Non-students,67.900002,83.400002,18.6,2021-01-01,Alberta,0,1,0,,01jan2021,2021m1,2021,1,0,0,0,0,0,0,1,0,0,0,0,1,0,0,0,0,0,0,0,0,0,0,0,32.099998,1,1,1,1,0,0,0
Alberta,2021-02-01,Non-students,72.900002,89.300003,18.4,2021-02-01,Alberta,0,1,0,,01feb2021,2021m2,2021,2,0,0,0,0,0,0,1,0,0,0,0,0,1,0,0,0,0,0,0,0,0,0,0,27.099998,1,1,1,1,0,0,0
Alberta,2021-03-01,Non-students,77.199997,88,12.3,2021-03-01,Alberta,0,1,0,,01mar2021,2021m3,2021,3,0,0,0,0,0,0,1,0,0,0,0,0,0,1,0,0,0,0,0,0,0,0,0,22.800003,1,1,1,1,0,0,0
Alberta,2021-04-01,Non-students,79.199997,90.099998,12.1,2021-04-01,Alberta,0,1,0,,01apr2021,2021m4,2021,4,0,0,0,0,0,0,1,0,0,0,0,0,0,0,1,0,0,0,0,0,0,0,0,20.800003,1,1,1,1,0,0,0
Alberta,2021-09-01,Non-students,77.699997,88.199997,12,2021-09-01,Alberta,0,1,0,,01sep2021,2021m9,2021,9,0,0,0,0,0,0,1,0,0,0,0,0,0,0,0,1,0,0,0,0,0,0,0,22.300003,1,1,1,1,0,0,0
Alberta,2021-10-01,Non-students,80.099998,88.099998,9.1000004,2021-10-01,Alberta,0,1,0,,01oct2021,2021m10,2021,10,0,0,0,0,0,0,1,0,0,0,0,0,0,0,0,0,1,0,0,0,0,0,0,19.900002,1,1,1,1,0,0,0
Alberta,2021-11-01,Non-students,75.5,87.5,13.8,2021-11-01,Alberta,0,1,0,,01nov2021,2021m11,2021,11,0,0,0,0,0,0,1,0,0,0,0,0,0,0,0,0,0,1,0,0,0,0,0,24.5,1,1,1,1,0,0,0
Alberta,2021-12-01,Non-students,78.5,90,12.8,2021-12-01,Alberta,0,1,0,,01dec2021,2021m12,2021,12,0,0,0,0,0,0,1,0,0,0,0,0,0,0,0,0,0,0,1,0,0,0,0,21.5,1,1,1,1,0,0,0
Alberta,2022-01-01,Non-students,74.099998,84.5,12.3,2022-01-01,Alberta,0,1,0,,01jan2022,2022m1,2022,1,0,0,0,0,0,0,0,1,0,0,0,1,0,0,0,0,0,0,0,0,0,0,0,25.900002,1,1,1,1,0,0,0
Alberta,2022-02-01,Non-students,77.800003,90.300003,13.9,2022-02-01,Alberta,0,1,0,,01feb2022,2022m2,2022,2,0,0,0,0,0,0,0,1,0,0,0,0,1,0,0,0,0,0,0,0,0,0,0,22.199997,1,1,1,1,0,0,0
Alberta,2022-03-01,Non-students,77,90.400002,14.7,2022-03-01,Alberta,0,1,0,,01mar2022,2022m3,2022,3,0,0,0,0,0,0,0,1,0,0,0,0,0,1,0,0,0,0,0,0,0,0,0,23,1,1,1,1,0,0,0
Alberta,2022-04-01,Non-students,80.199997,89.800003,10.6,2022-04-01,Alberta,0,1,0,,01apr2022,2022m4,2022,4,0,0,0,0,0,0,0,1,0,0,0,0,0,0,1,0,0,0,0,0,0,0,0,19.800003,1,1,1,1,0,0,0
Alberta,2022-09-01,Non-students,77.699997,88.099998,11.8,2022-09-01,Alberta,0,1,0,,01sep2022,2022m9,2022,9,0,0,0,0,0,0,0,1,0,0,0,0,0,0,0,1,0,0,0,0,0,0,0,22.300003,1,1,1,1,0,0,0
Alberta,2022-10-01,Non-students,79.699997,88.5,10,2022-10-01,Alberta,0,1,0,,01oct2022,2022m10,2022,10,0,0,0,0,0,0,0,1,0,0,0,0,0,0,0,0,1,0,0,0,0,0,0,20.300003,1,1,1,1,0,0,0
Alberta,2022-11-01,Non-students,77.400002,85.900002,9.8999996,2022-11-01,Alberta,0,1,0,,01nov2022,2022m11,2022,11,0,0,0,0,0,0,0,1,0,0,0,0,0,0,0,0,0,1,0,0,0,0,0,22.599998,1,1,1,1,0,0,0
Alberta,2022-12-01,Non-students,79.900002,88.900002,10.1,2022-12-01,Alberta,0,1,0,,01dec2022,2022m12,2022,12,0,0,0,0,0,0,0,1,0,0,0,0,0,0,0,0,0,0,1,0,0,0,0,20.099998,1,1,1,1,0,0,0
Alberta,2023-01-01,Non-students,78.400002,85.699997,8.5,2023-01-01,Alberta,0,1,0,,01jan2023,2023m1,2023,1,0,0,0,0,0,0,0,0,1,0,0,1,0,0,0,0,0,0,0,0,0,0,0,21.599998,1,1,1,1,0,0,0
Alberta,2023-02-01,Non-students,75.800003,86.900002,12.7,2023-02-01,Alberta,0,1,0,,01feb2023,2023m2,2023,2,0,0,0,0,0,0,0,0,1,0,0,0,1,0,0,0,0,0,0,0,0,0,0,24.199997,1,1,1,1,0,0,0
Alberta,2023-03-01,Non-students,78.099998,86.5,9.6999998,2023-03-01,Alberta,0,1,0,,01mar2023,2023m3,2023,3,0,0,0,0,0,0,0,0,1,0,0,0,0,1,0,0,0,0,0,0,0,0,0,21.900002,1,1,1,1,0,0,0
Alberta,2023-04-01,Non-students,77,86.699997,11.1,2023-04-01,Alberta,0,1,0,,01apr2023,2023m4,2023,4,0,0,0,0,0,0,0,0,1,0,0,0,0,0,1,0,0,0,0,0,0,0,0,23,1,1,1,1,0,0,0
Alberta,2023-09-01,Non-students,73.099998,84.699997,13.6,2023-09-01,Alberta,0,1,0,,01sep2023,2023m9,2023,9,0,0,0,0,0,0,0,0,1,0,0,0,0,0,0,1,0,0,0,0,0,0,0,26.900002,1,1,1,1,0,0,0
Alberta,2023-10-01,Non-students,76.699997,85.599998,10.4,2023-10-01,Alberta,0,1,0,,01oct2023,2023m10,2023,10,0,0,0,0,0,0,0,0,1,0,0,0,0,0,0,0,1,0,0,0,0,0,0,23.300003,1,1,1,1,0,0,0
Alberta,2023-11-01,Non-students,70.5,83.400002,15.4,2023-11-01,Alberta,0,1,0,,01nov2023,2023m11,2023,11,0,0,0,0,0,0,0,0,1,0,0,0,0,0,0,0,0,1,0,0,0,0,0,29.5,1,1,1,1,0,0,0
Alberta,2023-12-01,Non-students,69.5,81.199997,14.4,2023-12-01,Alberta,0,1,0,,01dec2023,2023m12,2023,12,0,0,0,0,0,0,0,0,1,0,0,0,0,0,0,0,0,0,1,0,0,0,0,30.5,1,1,1,1,0,0,0
Alberta,2024-01-01,Non-students,69.699997,84.800003,17.799999,2024-01-01,Alberta,0,1,0,,01jan2024,2024m1,2024,1,0,0,0,0,0,0,0,0,0,1,0,1,0,0,0,0,0,0,0,0,0,0,0,30.300003,1,1,1,1,0,0,0
Alberta,2024-02-01,Non-students,72.900002,86.400002,15.6,2024-02-01,Alberta,0,1,0,,01feb2024,2024m2,2024,2,0,0,0,0,0,0,0,0,0,1,0,0,1,0,0,0,0,0,0,0,0,0,0,27.099998,1,1,1,1,0,0,0
Alberta,2024-03-01,Non-students,74.300003,87.099998,14.7,2024-03-01,Alberta,0,1,0,,01mar2024,2024m3,2024,3,0,0,0,0,0,0,0,0,0,1,0,0,0,1,0,0,0,0,0,0,0,0,0,25.699997,1,1,1,1,0,0,0
Alberta,2024-04-01,Non-students,73.199997,86.599998,15.5,2024-04-01,Alberta,0,1,0,,01apr2024,2024m4,2024,4,0,0,0,0,0,0,0,0,0,1,0,0,0,0,1,0,0,0,0,0,0,0,0,26.800003,1,1,1,1,0,0,0
Alberta,2024-09-01,Non-students,76.300003,88.199997,13.6,2024-09-01,Alberta,0,1,0,,01sep2024,2024m9,2024,9,0,0,0,0,0,0,0,0,0,1,0,0,0,0,0,1,0,0,0,0,0,0,0,23.699997,1,1,1,1,0,0,0
Alberta,2024-10-01,Non-students,73.900002,88.099998,16.1,2024-10-01,Alberta,0,1,0,,01oct2024,2024m10,2024,10,0,0,0,0,0,0,0,0,0,1,0,0,0,0,0,0,1,0,0,0,0,0,0,26.099998,1,1,1,1,0,0,0
Alberta,2024-11-01,Non-students,75.900002,89.599998,15.2,2024-11-01,Alberta,0,1,0,,01nov2024,2024m11,2024,11,0,0,0,0,0,0,0,0,0,1,0,0,0,0,0,0,0,1,0,0,0,0,0,24.099998,1,1,1,1,0,0,0
Alberta,2024-12-01,Non-students,79.5,90.599998,12.2,2024-12-01,Alberta,0,1,0,,01dec2024,2024m12,2024,12,0,0,0,0,0,0,0,0,0,1,0,0,0,0,0,0,0,0,1,0,0,0,0,20.5,1,1,1,1,0,0,0
Alberta,2025-01-01,Non-students,73.5,85.400002,13.9,2025-01-01,Alberta,0,1,0,,01jan2025,2025m1,2025,1,0,0,0,0,0,0,0,0,0,0,1,1,0,0,0,0,0,0,0,0,0,0,0,26.5,1,1,1,1,0,0,0
Alberta,2025-02-01,Non-students,74.800003,87.099998,14.2,2025-02-01,Alberta,0,1,0,,01feb2025,2025m2,2025,2,0,0,0,0,0,0,0,0,0,0,1,0,1,0,0,0,0,0,0,0,0,0,0,25.199997,1,1,1,1,0,0,0
Alberta,2025-03-01,Non-students,76.699997,89,13.9,2025-03-01,Alberta,0,1,0,,01mar2025,2025m3,2025,3,0,0,0,0,0,0,0,0,0,0,1,0,0,1,0,0,0,0,0,0,0,0,0,23.300003,1,1,1,1,0,0,0
Alberta,2025-04-01,Non-students,75.099998,87.599998,14.3,2025-04-01,Alberta,0,1,0,,01apr2025,2025m4,2025,4,0,0,0,0,0,0,0,0,0,0,1,0,0,0,1,0,0,0,0,0,0,0,0,24.900002,1,1,1,1,0,0,0
Alberta,2025-09-01,Non-students,76.800003,87.599998,12.2,2025-09-01,Alberta,0,1,0,,01sep2025,2025m9,2025,9,0,0,0,0,0,0,0,0,0,0,1,0,0,0,0,1,0,0,0,0,0,0,0,23.199997,1,1,1,1,0,0,0
Alberta,2025-10-01,Non-students,68.099998,76.699997,11.1,2025-10-01,Alberta,0,1,0,,01oct2025,2025m10,2025,10,0,0,0,0,0,0,0,0,0,0,1,0,0,0,0,0,1,0,0,0,0,0,0,31.900002,1,1,1,1,0,0,0
Alberta,2025-11-01,Non-students,74.400002,83.199997,10.6,2025-11-01,Alberta,0,1,0,,01nov2025,2025m11,2025,11,0,0,0,0,0,0,0,0,0,0,1,0,0,0,0,0,0,1,0,0,0,0,0,25.599998,1,1,1,1,0,0,0
Alberta,2025-12-01,Non-students,77.199997,89,13.2,2025-12-01,Alberta,0,1,0,,01dec2025,2025m12,2025,12,0,0,0,0,0,0,0,0,0,0,1,0,0,0,0,0,0,0,1,0,0,0,0,22.800003,1,1,1,1,0,0,0
British Columbia,2015-01-01,Non-students,74.599998,85.099998,12.4,2015-01-01,British Columbia,0,0,0,,01jan2015,2015m1,2015,1,1,0,0,0,0,0,0,0,0,0,0,1,0,0,0,0,0,0,0,0,0,0,0,25.400002,1,0,1,1,0,0,0
British Columbia,2015-02-01,Non-students,75.099998,87.300003,14,2015-02-01,British Columbia,0,0,0,,01feb2015,2015m2,2015,2,1,0,0,0,0,0,0,0,0,0,0,0,1,0,0,0,0,0,0,0,0,0,0,24.900002,1,0,1,1,0,0,0
British Columbia,2015-03-01,Non-students,73.900002,82.699997,10.7,2015-03-01,British Columbia,0,0,0,,01mar2015,2015m3,2015,3,1,0,0,0,0,0,0,0,0,0,0,0,0,1,0,0,0,0,0,0,0,0,0,26.099998,1,0,1,1,0,0,0
British Columbia,2015-04-01,Non-students,75.699997,84.599998,10.5,2015-04-01,British Columbia,0,0,0,,01apr2015,2015m4,2015,4,1,0,0,0,0,0,0,0,0,0,0,0,0,0,1,0,0,0,0,0,0,0,0,24.300003,1,0,1,1,0,0,0
British Columbia,2015-09-01,Non-students,80,89.699997,10.7,2015-09-01,British Columbia,0,0,0,,01sep2015,2015m9,2015,9,1,0,0,0,0,0,0,0,0,0,0,0,0,0,0,1,0,0,0,0,0,0,0,20,1,0,1,1,0,0,0
British Columbia,2015-10-01,Non-students,79.199997,87.599998,9.5,2015-10-01,British Columbia,0,0,0,,01oct2015,2015m10,2015,10,1,0,0,0,0,0,0,0,0,0,0,0,0,0,0,0,1,0,0,0,0,0,0,20.800003,1,0,1,1,0,0,0
British Columbia,2015-11-01,Non-students,78.900002,89.199997,11.6,2015-11-01,British Columbia,0,0,0,,01nov2015,2015m11,2015,11,1,0,0,0,0,0,0,0,0,0,0,0,0,0,0,0,0,1,0,0,0,0,0,21.099998,1,0,1,1,0,0,0
British Columbia,2015-12-01,Non-students,79.099998,89.699997,11.8,2015-12-01,British Columbia,0,0,0,,01dec2015,2015m12,2015,12,1,0,0,0,0,0,0,0,0,0,0,0,0,0,0,0,0,0,1,0,0,0,0,20.900002,1,0,1,1,0,0,0
British Columbia,2016-01-01,Non-students,79.800003,89.599998,10.9,2016-01-01,British Columbia,0,0,0,,01jan2016,2016m1,2016,1,0,1,0,0,0,0,0,0,0,0,0,1,0,0,0,0,0,0,0,0,0,0,0,20.199997,1,0,1,1,0,0,0
British Columbia,2016-02-01,Non-students,79.5,89.699997,11.4,2016-02-01,British Columbia,0,0,0,,01feb2016,2016m2,2016,2,0,1,0,0,0,0,0,0,0,0,0,0,1,0,0,0,0,0,0,0,0,0,0,20.5,1,0,1,1,0,0,0
British Columbia,2016-03-01,Non-students,73.400002,84.400002,13,2016-03-01,British Columbia,0,0,0,,01mar2016,2016m3,2016,3,0,1,0,0,0,0,0,0,0,0,0,0,0,1,0,0,0,0,0,0,0,0,0,26.599998,1,0,1,1,0,0,0
British Columbia,2016-04-01,Non-students,80.5,87.699997,8.1999998,2016-04-01,British Columbia,0,0,0,,01apr2016,2016m4,2016,4,0,1,0,0,0,0,0,0,0,0,0,0,0,0,1,0,0,0,0,0,0,0,0,19.5,1,0,1,1,0,0,0
British Columbia,2016-09-01,Non-students,79.900002,87.300003,8.5,2016-09-01,British Columbia,0,0,0,,01sep2016,2016m9,2016,9,0,1,0,0,0,0,0,0,0,0,0,0,0,0,0,1,0,0,0,0,0,0,0,20.099998,1,0,1,1,0,0,0
British Columbia,2016-10-01,Non-students,81.099998,89.800003,9.6999998,2016-10-01,British Columbia,0,0,0,,01oct2016,2016m10,2016,10,0,1,0,0,0,0,0,0,0,0,0,0,0,0,0,0,1,0,0,0,0,0,0,18.900002,1,0,1,1,0,0,0
British Columbia,2016-11-01,Non-students,76.599998,86.300003,11.3,2016-11-01,British Columbia,0,0,0,,01nov2016,2016m11,2016,11,0,1,0,0,0,0,0,0,0,0,0,0,0,0,0,0,0,1,0,0,0,0,0,23.400002,1,0,1,1,0,0,0
British Columbia,2016-12-01,Non-students,80.900002,87,7,2016-12-01,British Columbia,0,0,0,,01dec2016,2016m12,2016,12,0,1,0,0,0,0,0,0,0,0,0,0,0,0,0,0,0,0,1,0,0,0,0,19.099998,1,0,1,1,0,0,0
British Columbia,2017-01-01,Non-students,78.699997,87.300003,9.8000002,2017-01-01,British Columbia,0,0,0,,01jan2017,2017m1,2017,1,0,0,1,0,0,0,0,0,0,0,0,1,0,0,0,0,0,0,0,0,0,0,0,21.300003,1,0,1,1,0,0,0
British Columbia,2017-02-01,Non-students,81.099998,88.699997,8.6999998,2017-02-01,British Columbia,0,0,0,,01feb2017,2017m2,2017,2,0,0,1,0,0,0,0,0,0,0,0,0,1,0,0,0,0,0,0,0,0,0,0,18.900002,1,0,1,1,0,0,0
British Columbia,2017-03-01,Non-students,80.400002,87.800003,8.6000004,2017-03-01,British Columbia,0,0,0,,01mar2017,2017m3,2017,3,0,0,1,0,0,0,0,0,0,0,0,0,0,1,0,0,0,0,0,0,0,0,0,19.599998,1,0,1,1,0,0,0
British Columbia,2017-04-01,Non-students,82,90.5,9.5,2017-04-01,British Columbia,0,0,0,,01apr2017,2017m4,2017,4,0,0,1,0,0,0,0,0,0,0,0,0,0,0,1,0,0,0,0,0,0,0,0,18,1,0,1,1,0,0,0
British Columbia,2017-09-01,Non-students,80.599998,88.099998,8.3999996,2017-09-01,British Columbia,0,0,0,,01sep2017,2017m9,2017,9,0,0,1,0,0,0,0,0,0,0,0,0,0,0,0,1,0,0,0,0,0,0,0,19.400002,1,0,1,1,0,0,0
British Columbia,2017-10-01,Non-students,81.099998,89.5,9.3999996,2017-10-01,British Columbia,0,0,0,,01oct2017,2017m10,2017,10,0,0,1,0,0,0,0,0,0,0,0,0,0,0,0,0,1,0,0,0,0,0,0,18.900002,1,0,1,1,0,0,0
British Columbia,2017-11-01,Non-students,83.5,88.900002,6.0999999,2017-11-01,British Columbia,0,0,0,,01nov2017,2017m11,2017,11,0,0,1,0,0,0,0,0,0,0,0,0,0,0,0,0,0,1,0,0,0,0,0,16.5,1,0,1,1,0,0,0
British Columbia,2017-12-01,Non-students,80.599998,86.199997,6.5,2017-12-01,British Columbia,0,0,0,,01dec2017,2017m12,2017,12,0,0,1,0,0,0,0,0,0,0,0,0,0,0,0,0,0,0,1,0,0,0,0,19.400002,1,0,1,1,0,0,0
British Columbia,2018-01-01,Non-students,77.5,84.900002,8.8000002,2018-01-01,British Columbia,0,0,0,,01jan2018,2018m1,2018,1,0,0,0,1,0,0,0,0,0,0,0,1,0,0,0,0,0,0,0,0,0,0,0,22.5,1,0,1,1,0,0,0
British Columbia,2018-02-01,Non-students,78.800003,86.5,8.8999996,2018-02-01,British Columbia,0,0,0,,01feb2018,2018m2,2018,2,0,0,0,1,0,0,0,0,0,0,0,0,1,0,0,0,0,0,0,0,0,0,0,21.199997,1,0,1,1,0,0,0
British Columbia,2018-03-01,Non-students,79.900002,87,8.1999998,2018-03-01,British Columbia,0,0,0,,01mar2018,2018m3,2018,3,0,0,0,1,0,0,0,0,0,0,0,0,0,1,0,0,0,0,0,0,0,0,0,20.099998,1,0,1,1,0,0,0
British Columbia,2018-04-01,Non-students,79.800003,87.400002,8.8000002,2018-04-01,British Columbia,0,0,0,,01apr2018,2018m4,2018,4,0,0,0,1,0,0,0,0,0,0,0,0,0,0,1,0,0,0,0,0,0,0,0,20.199997,1,0,1,1,0,0,0
British Columbia,2018-09-01,Non-students,84.599998,88.599998,4.5999999,2018-09-01,British Columbia,0,0,0,,01sep2018,2018m9,2018,9,0,0,0,1,0,0,0,0,0,0,0,0,0,0,0,1,0,0,0,0,0,0,0,15.400002,1,0,1,1,0,0,0
British Columbia,2018-10-01,Non-students,84.599998,88.699997,4.5999999,2018-10-01,British Columbia,0,0,0,,01oct2018,2018m10,2018,10,0,0,0,1,0,0,0,0,0,0,0,0,0,0,0,0,1,0,0,0,0,0,0,15.400002,1,0,1,1,0,0,0
British Columbia,2018-11-01,Non-students,86.199997,91.199997,5.4000001,2018-11-01,British Columbia,0,0,0,,01nov2018,2018m11,2018,11,0,0,0,1,0,0,0,0,0,0,0,0,0,0,0,0,0,1,0,0,0,0,0,13.800003,1,0,1,1,0,0,0
British Columbia,2018-12-01,Non-students,82.5,88.900002,7.1999998,2018-12-01,British Columbia,0,0,0,,01dec2018,2018m12,2018,12,0,0,0,1,0,0,0,0,0,0,0,0,0,0,0,0,0,0,1,0,0,0,0,17.5,1,0,1,1,0,0,0
British Columbia,2019-01-01,Non-students,82.300003,91.300003,9.8000002,2019-01-01,British Columbia,0,0,0,,01jan2019,2019m1,2019,1,0,0,0,0,1,0,0,0,0,0,0,1,0,0,0,0,0,0,0,0,0,0,0,17.699997,1,0,1,1,0,0,0
British Columbia,2019-02-01,Non-students,79.599998,88.900002,10.4,2019-02-01,British Columbia,0,0,0,,01feb2019,2019m2,2019,2,0,0,0,0,1,0,0,0,0,0,0,0,1,0,0,0,0,0,0,0,0,0,0,20.400002,1,0,1,1,0,0,0
British Columbia,2019-03-01,Non-students,77.800003,88.199997,11.7,2019-03-01,British Columbia,0,0,0,,01mar2019,2019m3,2019,3,0,0,0,0,1,0,0,0,0,0,0,0,0,1,0,0,0,0,0,0,0,0,0,22.199997,1,0,1,1,0,0,0
British Columbia,2019-04-01,Non-students,82.199997,89.5,8.1999998,2019-04-01,British Columbia,0,0,0,,01apr2019,2019m4,2019,4,0,0,0,0,1,0,0,0,0,0,0,0,0,0,1,0,0,0,0,0,0,0,0,17.800003,1,0,1,1,0,0,0
British Columbia,2019-09-01,Non-students,77.900002,86.800003,10.3,2019-09-01,British Columbia,0,0,0,,01sep2019,2019m9,2019,9,0,0,0,0,1,0,0,0,0,0,0,0,0,0,0,1,0,0,0,0,0,0,0,22.099998,1,0,1,1,0,0,0
British Columbia,2019-10-01,Non-students,84.300003,90.699997,7,2019-10-01,British Columbia,0,0,0,,01oct2019,2019m10,2019,10,0,0,0,0,1,0,0,0,0,0,0,0,0,0,0,0,1,0,0,0,0,0,0,15.699997,1,0,1,1,0,0,0
British Columbia,2019-11-01,Non-students,80.800003,89.300003,9.6000004,2019-11-01,British Columbia,0,0,0,,01nov2019,2019m11,2019,11,0,0,0,0,1,0,0,0,0,0,0,0,0,0,0,0,0,1,0,0,0,0,0,19.199997,1,0,1,1,0,0,0
British Columbia,2019-12-01,Non-students,78.199997,84.800003,7.9000001,2019-12-01,British Columbia,0,0,0,,01dec2019,2019m12,2019,12,0,0,0,0,1,0,0,0,0,0,0,0,0,0,0,0,0,0,1,0,0,0,0,21.800003,1,0,1,1,0,0,0
British Columbia,2020-01-01,Non-students,76.199997,84.300003,9.5,2020-01-01,British Columbia,0,0,0,,01jan2020,2020m1,2020,1,0,0,0,0,0,1,0,0,0,0,0,1,0,0,0,0,0,0,0,0,0,0,0,23.800003,1,0,1,1,0,0,0
British Columbia,2020-02-01,Non-students,77.199997,86.5,10.8,2020-02-01,British Columbia,0,0,0,,01feb2020,2020m2,2020,2,0,0,0,0,0,1,0,0,0,0,0,0,1,0,0,0,0,0,0,0,0,0,0,22.800003,1,0,1,1,0,0,0
British Columbia,2020-03-01,Non-students,60.900002,76.099998,20,2020-03-01,British Columbia,0,1,0,,01mar2020,2020m3,2020,3,0,0,0,0,0,1,0,0,0,0,0,0,0,1,0,0,0,0,0,0,0,0,0,39.099998,1,1,1,1,0,0,0
British Columbia,2020-04-01,Non-students,49.099998,65.5,25.200001,2020-04-01,British Columbia,0,1,0,,01apr2020,2020m4,2020,4,0,0,0,0,0,1,0,0,0,0,0,0,0,0,1,0,0,0,0,0,0,0,0,50.900002,1,1,1,1,0,0,0
British Columbia,2020-09-01,Non-students,73.5,84.900002,13.4,2020-09-01,British Columbia,0,1,0,,01sep2020,2020m9,2020,9,0,0,0,0,0,1,0,0,0,0,0,0,0,0,0,1,0,0,0,0,0,0,0,26.5,1,1,1,1,0,0,0
British Columbia,2020-10-01,Non-students,74.900002,86.599998,13.5,2020-10-01,British Columbia,0,1,0,,01oct2020,2020m10,2020,10,0,0,0,0,0,1,0,0,0,0,0,0,0,0,0,0,1,0,0,0,0,0,0,25.099998,1,1,1,1,0,0,0
British Columbia,2020-11-01,Non-students,69.699997,85.5,18.6,2020-11-01,British Columbia,0,1,0,,01nov2020,2020m11,2020,11,0,0,0,0,0,1,0,0,0,0,0,0,0,0,0,0,0,1,0,0,0,0,0,30.300003,1,1,1,1,0,0,0
British Columbia,2020-12-01,Non-students,73.400002,85,13.6,2020-12-01,British Columbia,0,1,0,,01dec2020,2020m12,2020,12,0,0,0,0,0,1,0,0,0,0,0,0,0,0,0,0,0,0,1,0,0,0,0,26.599998,1,1,1,1,0,0,0
British Columbia,2021-01-01,Non-students,66.5,81.199997,18.1,2021-01-01,British Columbia,0,1,0,,01jan2021,2021m1,2021,1,0,0,0,0,0,0,1,0,0,0,0,1,0,0,0,0,0,0,0,0,0,0,0,33.5,1,1,1,1,0,0,0
British Columbia,2021-02-01,Non-students,75.099998,87.300003,14,2021-02-01,British Columbia,0,1,0,,01feb2021,2021m2,2021,2,0,0,0,0,0,0,1,0,0,0,0,0,1,0,0,0,0,0,0,0,0,0,0,24.900002,1,1,1,1,0,0,0
British Columbia,2021-03-01,Non-students,73.599998,85.5,13.9,2021-03-01,British Columbia,0,1,0,,01mar2021,2021m3,2021,3,0,0,0,0,0,0,1,0,0,0,0,0,0,1,0,0,0,0,0,0,0,0,0,26.400002,1,1,1,1,0,0,0
British Columbia,2021-04-01,Non-students,74.400002,83.199997,10.5,2021-04-01,British Columbia,0,1,0,,01apr2021,2021m4,2021,4,0,0,0,0,0,0,1,0,0,0,0,0,0,0,1,0,0,0,0,0,0,0,0,25.599998,1,1,1,1,0,0,0
British Columbia,2021-09-01,Non-students,76.800003,85.300003,10,2021-09-01,British Columbia,0,1,0,,01sep2021,2021m9,2021,9,0,0,0,0,0,0,1,0,0,0,0,0,0,0,0,1,0,0,0,0,0,0,0,23.199997,1,1,1,1,0,0,0
British Columbia,2021-10-01,Non-students,78.900002,87.199997,9.6000004,2021-10-01,British Columbia,0,1,0,,01oct2021,2021m10,2021,10,0,0,0,0,0,0,1,0,0,0,0,0,0,0,0,0,1,0,0,0,0,0,0,21.099998,1,1,1,1,0,0,0
British Columbia,2021-11-01,Non-students,77.900002,87,10.5,2021-11-01,British Columbia,0,1,0,,01nov2021,2021m11,2021,11,0,0,0,0,0,0,1,0,0,0,0,0,0,0,0,0,0,1,0,0,0,0,0,22.099998,1,1,1,1,0,0,0
British Columbia,2021-12-01,Non-students,79.199997,89.300003,11.4,2021-12-01,British Columbia,0,1,0,,01dec2021,2021m12,2021,12,0,0,0,0,0,0,1,0,0,0,0,0,0,0,0,0,0,0,1,0,0,0,0,20.800003,1,1,1,1,0,0,0
British Columbia,2022-01-01,Non-students,73.900002,86,14.1,2022-01-01,British Columbia,0,1,0,,01jan2022,2022m1,2022,1,0,0,0,0,0,0,0,1,0,0,0,1,0,0,0,0,0,0,0,0,0,0,0,26.099998,1,1,1,1,0,0,0
British Columbia,2022-02-01,Non-students,80,89,10.1,2022-02-01,British Columbia,0,1,0,,01feb2022,2022m2,2022,2,0,0,0,0,0,0,0,1,0,0,0,0,1,0,0,0,0,0,0,0,0,0,0,20,1,1,1,1,0,0,0
British Columbia,2022-03-01,Non-students,79.099998,87.900002,10,2022-03-01,British Columbia,0,1,0,,01mar2022,2022m3,2022,3,0,0,0,0,0,0,0,1,0,0,0,0,0,1,0,0,0,0,0,0,0,0,0,20.900002,1,1,1,1,0,0,0
British Columbia,2022-04-01,Non-students,80,88.199997,9.3999996,2022-04-01,British Columbia,0,1,0,,01apr2022,2022m4,2022,4,0,0,0,0,0,0,0,1,0,0,0,0,0,0,1,0,0,0,0,0,0,0,0,20,1,1,1,1,0,0,0
British Columbia,2022-09-01,Non-students,81.5,88.599998,8,2022-09-01,British Columbia,0,1,0,,01sep2022,2022m9,2022,9,0,0,0,0,0,0,0,1,0,0,0,0,0,0,0,1,0,0,0,0,0,0,0,18.5,1,1,1,1,0,0,0
British Columbia,2022-10-01,Non-students,81.300003,87.400002,7,2022-10-01,British Columbia,0,1,0,,01oct2022,2022m10,2022,10,0,0,0,0,0,0,0,1,0,0,0,0,0,0,0,0,1,0,0,0,0,0,0,18.699997,1,1,1,1,0,0,0
British Columbia,2022-11-01,Non-students,77.699997,87.599998,11.3,2022-11-01,British Columbia,0,1,0,,01nov2022,2022m11,2022,11,0,0,0,0,0,0,0,1,0,0,0,0,0,0,0,0,0,1,0,0,0,0,0,22.300003,1,1,1,1,0,0,0
British Columbia,2022-12-01,Non-students,81.800003,88.599998,7.6999998,2022-12-01,British Columbia,0,1,0,,01dec2022,2022m12,2022,12,0,0,0,0,0,0,0,1,0,0,0,0,0,0,0,0,0,0,1,0,0,0,0,18.199997,1,1,1,1,0,0,0
British Columbia,2023-01-01,Non-students,77.800003,86.400002,10,2023-01-01,British Columbia,0,1,0,,01jan2023,2023m1,2023,1,0,0,0,0,0,0,0,0,1,0,0,1,0,0,0,0,0,0,0,0,0,0,0,22.199997,1,1,1,1,0,0,0
British Columbia,2023-02-01,Non-students,79,87.300003,9.3999996,2023-02-01,British Columbia,0,1,0,,01feb2023,2023m2,2023,2,0,0,0,0,0,0,0,0,1,0,0,0,1,0,0,0,0,0,0,0,0,0,0,21,1,1,1,1,0,0,0
British Columbia,2023-03-01,Non-students,79.400002,86.199997,7.9000001,2023-03-01,British Columbia,0,1,0,,01mar2023,2023m3,2023,3,0,0,0,0,0,0,0,0,1,0,0,0,0,1,0,0,0,0,0,0,0,0,0,20.599998,1,1,1,1,0,0,0
British Columbia,2023-04-01,Non-students,78.099998,88.599998,11.8,2023-04-01,British Columbia,0,1,0,,01apr2023,2023m4,2023,4,0,0,0,0,0,0,0,0,1,0,0,0,0,0,1,0,0,0,0,0,0,0,0,21.900002,1,1,1,1,0,0,0
British Columbia,2023-09-01,Non-students,81,89.099998,9.1000004,2023-09-01,British Columbia,0,1,0,,01sep2023,2023m9,2023,9,0,0,0,0,0,0,0,0,1,0,0,0,0,0,0,1,0,0,0,0,0,0,0,19,1,1,1,1,0,0,0
British Columbia,2023-10-01,Non-students,83.5,89.599998,6.8000002,2023-10-01,British Columbia,0,1,0,,01oct2023,2023m10,2023,10,0,0,0,0,0,0,0,0,1,0,0,0,0,0,0,0,1,0,0,0,0,0,0,16.5,1,1,1,1,0,0,0
British Columbia,2023-11-01,Non-students,83,89.300003,7.0999999,2023-11-01,British Columbia,0,1,0,,01nov2023,2023m11,2023,11,0,0,0,0,0,0,0,0,1,0,0,0,0,0,0,0,0,1,0,0,0,0,0,17,1,1,1,1,0,0,0
British Columbia,2023-12-01,Non-students,80.300003,87.900002,8.6000004,2023-12-01,British Columbia,0,1,0,,01dec2023,2023m12,2023,12,0,0,0,0,0,0,0,0,1,0,0,0,0,0,0,0,0,0,1,0,0,0,0,19.699997,1,1,1,1,0,0,0
British Columbia,2024-01-01,Non-students,79.5,87.199997,8.8999996,2024-01-01,British Columbia,0,1,0,,01jan2024,2024m1,2024,1,0,0,0,0,0,0,0,0,0,1,0,1,0,0,0,0,0,0,0,0,0,0,0,20.5,1,1,1,1,0,0,0
British Columbia,2024-02-01,Non-students,82.599998,90.599998,8.8999996,2024-02-01,British Columbia,0,1,0,,01feb2024,2024m2,2024,2,0,0,0,0,0,0,0,0,0,1,0,0,1,0,0,0,0,0,0,0,0,0,0,17.400002,1,1,1,1,0,0,0
British Columbia,2024-03-01,Non-students,80.400002,88,8.6999998,2024-03-01,British Columbia,0,1,0,,01mar2024,2024m3,2024,3,0,0,0,0,0,0,0,0,0,1,0,0,0,1,0,0,0,0,0,0,0,0,0,19.599998,1,1,1,1,0,0,0
British Columbia,2024-04-01,Non-students,81.800003,89.5,8.5,2024-04-01,British Columbia,0,1,0,,01apr2024,2024m4,2024,4,0,0,0,0,0,0,0,0,0,1,0,0,0,0,1,0,0,0,0,0,0,0,0,18.199997,1,1,1,1,0,0,0
British Columbia,2024-09-01,Non-students,76.099998,85,10.5,2024-09-01,British Columbia,0,1,0,,01sep2024,2024m9,2024,9,0,0,0,0,0,0,0,0,0,1,0,0,0,0,0,1,0,0,0,0,0,0,0,23.900002,1,1,1,1,0,0,0
British Columbia,2024-10-01,Non-students,74.900002,84.400002,11.3,2024-10-01,British Columbia,0,1,0,,01oct2024,2024m10,2024,10,0,0,0,0,0,0,0,0,0,1,0,0,0,0,0,0,1,0,0,0,0,0,0,25.099998,1,1,1,1,0,0,0
British Columbia,2024-11-01,Non-students,76.199997,86.099998,11.5,2024-11-01,British Columbia,0,1,0,,01nov2024,2024m11,2024,11,0,0,0,0,0,0,0,0,0,1,0,0,0,0,0,0,0,1,0,0,0,0,0,23.800003,1,1,1,1,0,0,0
British Columbia,2024-12-01,Non-students,77.199997,87.400002,11.6,2024-12-01,British Columbia,0,1,0,,01dec2024,2024m12,2024,12,0,0,0,0,0,0,0,0,0,1,0,0,0,0,0,0,0,0,1,0,0,0,0,22.800003,1,1,1,1,0,0,0
British Columbia,2025-01-01,Non-students,76.300003,87.300003,12.6,2025-01-01,British Columbia,0,1,0,,01jan2025,2025m1,2025,1,0,0,0,0,0,0,0,0,0,0,1,1,0,0,0,0,0,0,0,0,0,0,0,23.699997,1,1,1,1,0,0,0
British Columbia,2025-02-01,Non-students,75,85.300003,12.2,2025-02-01,British Columbia,0,1,0,,01feb2025,2025m2,2025,2,0,0,0,0,0,0,0,0,0,0,1,0,1,0,0,0,0,0,0,0,0,0,0,25,1,1,1,1,0,0,0
British Columbia,2025-03-01,Non-students,77.099998,88,12.4,2025-03-01,British Columbia,0,1,0,,01mar2025,2025m3,2025,3,0,0,0,0,0,0,0,0,0,0,1,0,0,1,0,0,0,0,0,0,0,0,0,22.900002,1,1,1,1,0,0,0
British Columbia,2025-04-01,Non-students,79.599998,87.199997,8.6999998,2025-04-01,British Columbia,0,1,0,,01apr2025,2025m4,2025,4,0,0,0,0,0,0,0,0,0,0,1,0,0,0,1,0,0,0,0,0,0,0,0,20.400002,1,1,1,1,0,0,0
British Columbia,2025-09-01,Non-students,74.099998,84.199997,12,2025-09-01,British Columbia,0,1,0,,01sep2025,2025m9,2025,9,0,0,0,0,0,0,0,0,0,0,1,0,0,0,0,1,0,0,0,0,0,0,0,25.900002,1,1,1,1,0,0,0
British Columbia,2025-10-01,Non-students,71.699997,85.199997,15.8,2025-10-01,British Columbia,0,1,0,,01oct2025,2025m10,2025,10,0,0,0,0,0,0,0,0,0,0,1,0,0,0,0,0,1,0,0,0,0,0,0,28.300003,1,1,1,1,0,0,0
British Columbia,2025-11-01,Non-students,77,85.300003,9.6999998,2025-11-01,British Columbia,0,1,0,,01nov2025,2025m11,2025,11,0,0,0,0,0,0,0,0,0,0,1,0,0,0,0,0,0,1,0,0,0,0,0,23,1,1,1,1,0,0,0
British Columbia,2025-12-01,Non-students,74.199997,82.699997,10.4,2025-12-01,British Columbia,0,1,0,,01dec2025,2025m12,2025,12,0,0,0,0,0,0,0,0,0,0,1,0,0,0,0,0,0,0,1,0,0,0,0,25.800003,1,1,1,1,0,0,0
Manitoba,2015-01-01,Non-students,77.699997,85.699997,9.3000002,2015-01-01,Manitoba,0,0,0,,01jan2015,2015m1,2015,1,1,0,0,0,0,0,0,0,0,0,0,1,0,0,0,0,0,0,0,0,0,0,0,22.300003,1,0,1,1,0,0,0
Manitoba,2015-02-01,Non-students,78,86.400002,9.6999998,2015-02-01,Manitoba,0,0,0,,01feb2015,2015m2,2015,2,1,0,0,0,0,0,0,0,0,0,0,0,1,0,0,0,0,0,0,0,0,0,0,22,1,0,1,1,0,0,0
Manitoba,2015-03-01,Non-students,77.599998,85.800003,9.6999998,2015-03-01,Manitoba,0,0,0,,01mar2015,2015m3,2015,3,1,0,0,0,0,0,0,0,0,0,0,0,0,1,0,0,0,0,0,0,0,0,0,22.400002,1,0,1,1,0,0,0
Manitoba,2015-04-01,Non-students,77.5,86.199997,10.1,2015-04-01,Manitoba,0,0,0,,01apr2015,2015m4,2015,4,1,0,0,0,0,0,0,0,0,0,0,0,0,0,1,0,0,0,0,0,0,0,0,22.5,1,0,1,1,0,0,0
Manitoba,2015-09-01,Non-students,78.300003,87.599998,10.6,2015-09-01,Manitoba,0,0,0,,01sep2015,2015m9,2015,9,1,0,0,0,0,0,0,0,0,0,0,0,0,0,0,1,0,0,0,0,0,0,0,21.699997,1,0,1,1,0,0,0
Manitoba,2015-10-01,Non-students,79.900002,88,9.3000002,2015-10-01,Manitoba,0,0,0,,01oct2015,2015m10,2015,10,1,0,0,0,0,0,0,0,0,0,0,0,0,0,0,0,1,0,0,0,0,0,0,20.099998,1,0,1,1,0,0,0
Manitoba,2015-11-01,Non-students,77.800003,86.800003,10.4,2015-11-01,Manitoba,0,0,0,,01nov2015,2015m11,2015,11,1,0,0,0,0,0,0,0,0,0,0,0,0,0,0,0,0,1,0,0,0,0,0,22.199997,1,0,1,1,0,0,0
Manitoba,2015-12-01,Non-students,77.400002,85.400002,9.5,2015-12-01,Manitoba,0,0,0,,01dec2015,2015m12,2015,12,1,0,0,0,0,0,0,0,0,0,0,0,0,0,0,0,0,0,1,0,0,0,0,22.599998,1,0,1,1,0,0,0
Manitoba,2016-01-01,Non-students,72.5,83.199997,12.7,2016-01-01,Manitoba,0,0,0,,01jan2016,2016m1,2016,1,0,1,0,0,0,0,0,0,0,0,0,1,0,0,0,0,0,0,0,0,0,0,0,27.5,1,0,1,1,0,0,0
Manitoba,2016-02-01,Non-students,75.699997,85.400002,11.4,2016-02-01,Manitoba,0,0,0,,01feb2016,2016m2,2016,2,0,1,0,0,0,0,0,0,0,0,0,0,1,0,0,0,0,0,0,0,0,0,0,24.300003,1,0,1,1,0,0,0
Manitoba,2016-03-01,Non-students,77.400002,86.400002,10.5,2016-03-01,Manitoba,0,0,0,,01mar2016,2016m3,2016,3,0,1,0,0,0,0,0,0,0,0,0,0,0,1,0,0,0,0,0,0,0,0,0,22.599998,1,0,1,1,0,0,0
Manitoba,2016-04-01,Non-students,80.5,89.099998,9.6999998,2016-04-01,Manitoba,0,0,0,,01apr2016,2016m4,2016,4,0,1,0,0,0,0,0,0,0,0,0,0,0,0,1,0,0,0,0,0,0,0,0,19.5,1,0,1,1,0,0,0
Manitoba,2016-09-01,Non-students,78.5,89.699997,12.5,2016-09-01,Manitoba,0,0,0,,01sep2016,2016m9,2016,9,0,1,0,0,0,0,0,0,0,0,0,0,0,0,0,1,0,0,0,0,0,0,0,21.5,1,0,1,1,0,0,0
Manitoba,2016-10-01,Non-students,78,86.099998,9.3999996,2016-10-01,Manitoba,0,0,0,,01oct2016,2016m10,2016,10,0,1,0,0,0,0,0,0,0,0,0,0,0,0,0,0,1,0,0,0,0,0,0,22,1,0,1,1,0,0,0
Manitoba,2016-11-01,Non-students,77.5,87.599998,11.5,2016-11-01,Manitoba,0,0,0,,01nov2016,2016m11,2016,11,0,1,0,0,0,0,0,0,0,0,0,0,0,0,0,0,0,1,0,0,0,0,0,22.5,1,0,1,1,0,0,0
Manitoba,2016-12-01,Non-students,78.699997,87.199997,9.8000002,2016-12-01,Manitoba,0,0,0,,01dec2016,2016m12,2016,12,0,1,0,0,0,0,0,0,0,0,0,0,0,0,0,0,0,0,1,0,0,0,0,21.300003,1,0,1,1,0,0,0
Manitoba,2017-01-01,Non-students,74.400002,85.099998,12.7,2017-01-01,Manitoba,0,0,0,,01jan2017,2017m1,2017,1,0,0,1,0,0,0,0,0,0,0,0,1,0,0,0,0,0,0,0,0,0,0,0,25.599998,1,0,1,1,0,0,0
Manitoba,2017-02-01,Non-students,73.400002,84.400002,13,2017-02-01,Manitoba,0,0,0,,01feb2017,2017m2,2017,2,0,0,1,0,0,0,0,0,0,0,0,0,1,0,0,0,0,0,0,0,0,0,0,26.599998,1,0,1,1,0,0,0
Manitoba,2017-03-01,Non-students,77,87.599998,12.1,2017-03-01,Manitoba,0,0,0,,01mar2017,2017m3,2017,3,0,0,1,0,0,0,0,0,0,0,0,0,0,1,0,0,0,0,0,0,0,0,0,23,1,0,1,1,0,0,0
Manitoba,2017-04-01,Non-students,78.599998,86.5,9.1999998,2017-04-01,Manitoba,0,0,0,,01apr2017,2017m4,2017,4,0,0,1,0,0,0,0,0,0,0,0,0,0,0,1,0,0,0,0,0,0,0,0,21.400002,1,0,1,1,0,0,0
Manitoba,2017-09-01,Non-students,77,85.5,9.8999996,2017-09-01,Manitoba,0,0,0,,01sep2017,2017m9,2017,9,0,0,1,0,0,0,0,0,0,0,0,0,0,0,0,1,0,0,0,0,0,0,0,23,1,0,1,1,0,0,0
Manitoba,2017-10-01,Non-students,77.400002,84.699997,8.6999998,2017-10-01,Manitoba,0,0,0,,01oct2017,2017m10,2017,10,0,0,1,0,0,0,0,0,0,0,0,0,0,0,0,0,1,0,0,0,0,0,0,22.599998,1,0,1,1,0,0,0
Manitoba,2017-11-01,Non-students,77.300003,85.599998,9.6999998,2017-11-01,Manitoba,0,0,0,,01nov2017,2017m11,2017,11,0,0,1,0,0,0,0,0,0,0,0,0,0,0,0,0,0,1,0,0,0,0,0,22.699997,1,0,1,1,0,0,0
Manitoba,2017-12-01,Non-students,76.099998,84.199997,9.6000004,2017-12-01,Manitoba,0,0,0,,01dec2017,2017m12,2017,12,0,0,1,0,0,0,0,0,0,0,0,0,0,0,0,0,0,0,1,0,0,0,0,23.900002,1,0,1,1,0,0,0
Manitoba,2018-01-01,Non-students,74.099998,83.800003,11.5,2018-01-01,Manitoba,0,0,0,,01jan2018,2018m1,2018,1,0,0,0,1,0,0,0,0,0,0,0,1,0,0,0,0,0,0,0,0,0,0,0,25.900002,1,0,1,1,0,0,0
Manitoba,2018-02-01,Non-students,74.599998,84.400002,11.6,2018-02-01,Manitoba,0,0,0,,01feb2018,2018m2,2018,2,0,0,0,1,0,0,0,0,0,0,0,0,1,0,0,0,0,0,0,0,0,0,0,25.400002,1,0,1,1,0,0,0
Manitoba,2018-03-01,Non-students,76.900002,86.5,11.1,2018-03-01,Manitoba,0,0,0,,01mar2018,2018m3,2018,3,0,0,0,1,0,0,0,0,0,0,0,0,0,1,0,0,0,0,0,0,0,0,0,23.099998,1,0,1,1,0,0,0
Manitoba,2018-04-01,Non-students,79.300003,87.800003,9.3999996,2018-04-01,Manitoba,0,0,0,,01apr2018,2018m4,2018,4,0,0,0,1,0,0,0,0,0,0,0,0,0,0,1,0,0,0,0,0,0,0,0,20.699997,1,0,1,1,0,0,0
Manitoba,2018-09-01,Non-students,77.099998,85.099998,9.3999996,2018-09-01,Manitoba,0,0,0,,01sep2018,2018m9,2018,9,0,0,0,1,0,0,0,0,0,0,0,0,0,0,0,1,0,0,0,0,0,0,0,22.900002,1,0,1,1,0,0,0
Manitoba,2018-10-01,Non-students,76.900002,84.300003,8.8999996,2018-10-01,Manitoba,0,0,0,,01oct2018,2018m10,2018,10,0,0,0,1,0,0,0,0,0,0,0,0,0,0,0,0,1,0,0,0,0,0,0,23.099998,1,0,1,1,0,0,0
Manitoba,2018-11-01,Non-students,75.300003,86.099998,12.5,2018-11-01,Manitoba,0,0,0,,01nov2018,2018m11,2018,11,0,0,0,1,0,0,0,0,0,0,0,0,0,0,0,0,0,1,0,0,0,0,0,24.699997,1,0,1,1,0,0,0
Manitoba,2018-12-01,Non-students,76.599998,86.400002,11.4,2018-12-01,Manitoba,0,0,0,,01dec2018,2018m12,2018,12,0,0,0,1,0,0,0,0,0,0,0,0,0,0,0,0,0,0,1,0,0,0,0,23.400002,1,0,1,1,0,0,0
Manitoba,2019-01-01,Non-students,72.300003,85.199997,15.1,2019-01-01,Manitoba,0,0,0,,01jan2019,2019m1,2019,1,0,0,0,0,1,0,0,0,0,0,0,1,0,0,0,0,0,0,0,0,0,0,0,27.699997,1,0,1,1,0,0,0
Manitoba,2019-02-01,Non-students,74.099998,85.199997,12.8,2019-02-01,Manitoba,0,0,0,,01feb2019,2019m2,2019,2,0,0,0,0,1,0,0,0,0,0,0,0,1,0,0,0,0,0,0,0,0,0,0,25.900002,1,0,1,1,0,0,0
Manitoba,2019-03-01,Non-students,76.099998,85,10.5,2019-03-01,Manitoba,0,0,0,,01mar2019,2019m3,2019,3,0,0,0,0,1,0,0,0,0,0,0,0,0,1,0,0,0,0,0,0,0,0,0,23.900002,1,0,1,1,0,0,0
Manitoba,2019-04-01,Non-students,78.300003,87.699997,10.7,2019-04-01,Manitoba,0,0,0,,01apr2019,2019m4,2019,4,0,0,0,0,1,0,0,0,0,0,0,0,0,0,1,0,0,0,0,0,0,0,0,21.699997,1,0,1,1,0,0,0
Manitoba,2019-09-01,Non-students,80.300003,87.599998,8.3000002,2019-09-01,Manitoba,0,0,0,,01sep2019,2019m9,2019,9,0,0,0,0,1,0,0,0,0,0,0,0,0,0,0,1,0,0,0,0,0,0,0,19.699997,1,0,1,1,0,0,0
Manitoba,2019-10-01,Non-students,80.099998,89,10.2,2019-10-01,Manitoba,0,0,0,,01oct2019,2019m10,2019,10,0,0,0,0,1,0,0,0,0,0,0,0,0,0,0,0,1,0,0,0,0,0,0,19.900002,1,0,1,1,0,0,0
Manitoba,2019-11-01,Non-students,76,86,11.6,2019-11-01,Manitoba,0,0,0,,01nov2019,2019m11,2019,11,0,0,0,0,1,0,0,0,0,0,0,0,0,0,0,0,0,1,0,0,0,0,0,24,1,0,1,1,0,0,0
Manitoba,2019-12-01,Non-students,80.199997,87.5,8.3999996,2019-12-01,Manitoba,0,0,0,,01dec2019,2019m12,2019,12,0,0,0,0,1,0,0,0,0,0,0,0,0,0,0,0,0,0,1,0,0,0,0,19.800003,1,0,1,1,0,0,0
Manitoba,2020-01-01,Non-students,79.800003,87.199997,8.6000004,2020-01-01,Manitoba,0,0,0,,01jan2020,2020m1,2020,1,0,0,0,0,0,1,0,0,0,0,0,1,0,0,0,0,0,0,0,0,0,0,0,20.199997,1,0,1,1,0,0,0
Manitoba,2020-02-01,Non-students,77.699997,86.599998,10.1,2020-02-01,Manitoba,0,0,0,,01feb2020,2020m2,2020,2,0,0,0,0,0,1,0,0,0,0,0,0,1,0,0,0,0,0,0,0,0,0,0,22.300003,1,0,1,1,0,0,0
Manitoba,2020-03-01,Non-students,70.5,78.099998,9.6999998,2020-03-01,Manitoba,0,1,0,,01mar2020,2020m3,2020,3,0,0,0,0,0,1,0,0,0,0,0,0,0,1,0,0,0,0,0,0,0,0,0,29.5,1,1,1,1,0,0,0
Manitoba,2020-04-01,Non-students,56.400002,74.900002,24.700001,2020-04-01,Manitoba,0,1,0,,01apr2020,2020m4,2020,4,0,0,0,0,0,1,0,0,0,0,0,0,0,0,1,0,0,0,0,0,0,0,0,43.599998,1,1,1,1,0,0,0
Manitoba,2020-09-01,Non-students,78,88.199997,11.5,2020-09-01,Manitoba,0,1,0,,01sep2020,2020m9,2020,9,0,0,0,0,0,1,0,0,0,0,0,0,0,0,0,1,0,0,0,0,0,0,0,22,1,1,1,1,0,0,0
Manitoba,2020-10-01,Non-students,79.599998,88.300003,9.6999998,2020-10-01,Manitoba,0,1,0,,01oct2020,2020m10,2020,10,0,0,0,0,0,1,0,0,0,0,0,0,0,0,0,0,1,0,0,0,0,0,0,20.400002,1,1,1,1,0,0,0
Manitoba,2020-11-01,Non-students,70.400002,83,15.5,2020-11-01,Manitoba,0,1,0,,01nov2020,2020m11,2020,11,0,0,0,0,0,1,0,0,0,0,0,0,0,0,0,0,0,1,0,0,0,0,0,29.599998,1,1,1,1,0,0,0
Manitoba,2020-12-01,Non-students,68,82.099998,17.200001,2020-12-01,Manitoba,0,1,0,,01dec2020,2020m12,2020,12,0,0,0,0,0,1,0,0,0,0,0,0,0,0,0,0,0,0,1,0,0,0,0,32,1,1,1,1,0,0,0
Manitoba,2021-01-01,Non-students,70,84,16.700001,2021-01-01,Manitoba,0,1,0,,01jan2021,2021m1,2021,1,0,0,0,0,0,0,1,0,0,0,0,1,0,0,0,0,0,0,0,0,0,0,0,30,1,1,1,1,0,0,0
Manitoba,2021-02-01,Non-students,78,89.199997,12.6,2021-02-01,Manitoba,0,1,0,,01feb2021,2021m2,2021,2,0,0,0,0,0,0,1,0,0,0,0,0,1,0,0,0,0,0,0,0,0,0,0,22,1,1,1,1,0,0,0
Manitoba,2021-03-01,Non-students,78.900002,86.900002,9.3999996,2021-03-01,Manitoba,0,1,0,,01mar2021,2021m3,2021,3,0,0,0,0,0,0,1,0,0,0,0,0,0,1,0,0,0,0,0,0,0,0,0,21.099998,1,1,1,1,0,0,0
Manitoba,2021-04-01,Non-students,79.800003,89.5,10.7,2021-04-01,Manitoba,0,1,0,,01apr2021,2021m4,2021,4,0,0,0,0,0,0,1,0,0,0,0,0,0,0,1,0,0,0,0,0,0,0,0,20.199997,1,1,1,1,0,0,0
Manitoba,2021-09-01,Non-students,83.300003,90,7.4000001,2021-09-01,Manitoba,0,1,0,,01sep2021,2021m9,2021,9,0,0,0,0,0,0,1,0,0,0,0,0,0,0,0,1,0,0,0,0,0,0,0,16.699997,1,1,1,1,0,0,0
Manitoba,2021-10-01,Non-students,84.099998,89.199997,5.6999998,2021-10-01,Manitoba,0,1,0,,01oct2021,2021m10,2021,10,0,0,0,0,0,0,1,0,0,0,0,0,0,0,0,0,1,0,0,0,0,0,0,15.900002,1,1,1,1,0,0,0
Manitoba,2021-11-01,Non-students,85.800003,92.400002,7.0999999,2021-11-01,Manitoba,0,1,0,,01nov2021,2021m11,2021,11,0,0,0,0,0,0,1,0,0,0,0,0,0,0,0,0,0,1,0,0,0,0,0,14.199997,1,1,1,1,0,0,0
Manitoba,2021-12-01,Non-students,84.599998,90.099998,6,2021-12-01,Manitoba,0,1,0,,01dec2021,2021m12,2021,12,0,0,0,0,0,0,1,0,0,0,0,0,0,0,0,0,0,0,1,0,0,0,0,15.400002,1,1,1,1,0,0,0
Manitoba,2022-01-01,Non-students,83.5,88.599998,5.6999998,2022-01-01,Manitoba,0,1,0,,01jan2022,2022m1,2022,1,0,0,0,0,0,0,0,1,0,0,0,1,0,0,0,0,0,0,0,0,0,0,0,16.5,1,1,1,1,0,0,0
Manitoba,2022-02-01,Non-students,84.5,89.699997,5.6999998,2022-02-01,Manitoba,0,1,0,,01feb2022,2022m2,2022,2,0,0,0,0,0,0,0,1,0,0,0,0,1,0,0,0,0,0,0,0,0,0,0,15.5,1,1,1,1,0,0,0
Manitoba,2022-03-01,Non-students,77.199997,85,9.1999998,2022-03-01,Manitoba,0,1,0,,01mar2022,2022m3,2022,3,0,0,0,0,0,0,0,1,0,0,0,0,0,1,0,0,0,0,0,0,0,0,0,22.800003,1,1,1,1,0,0,0
Manitoba,2022-04-01,Non-students,78.199997,87.300003,10.5,2022-04-01,Manitoba,0,1,0,,01apr2022,2022m4,2022,4,0,0,0,0,0,0,0,1,0,0,0,0,0,0,1,0,0,0,0,0,0,0,0,21.800003,1,1,1,1,0,0,0
Manitoba,2022-09-01,Non-students,78.199997,84.199997,7.3000002,2022-09-01,Manitoba,0,1,0,,01sep2022,2022m9,2022,9,0,0,0,0,0,0,0,1,0,0,0,0,0,0,0,1,0,0,0,0,0,0,0,21.800003,1,1,1,1,0,0,0
Manitoba,2022-10-01,Non-students,79.199997,87,9,2022-10-01,Manitoba,0,1,0,,01oct2022,2022m10,2022,10,0,0,0,0,0,0,0,1,0,0,0,0,0,0,0,0,1,0,0,0,0,0,0,20.800003,1,1,1,1,0,0,0
Manitoba,2022-11-01,Non-students,77,86.099998,10.5,2022-11-01,Manitoba,0,1,0,,01nov2022,2022m11,2022,11,0,0,0,0,0,0,0,1,0,0,0,0,0,0,0,0,0,1,0,0,0,0,0,23,1,1,1,1,0,0,0
Manitoba,2022-12-01,Non-students,79.5,85.699997,7.1999998,2022-12-01,Manitoba,0,1,0,,01dec2022,2022m12,2022,12,0,0,0,0,0,0,0,1,0,0,0,0,0,0,0,0,0,0,1,0,0,0,0,20.5,1,1,1,1,0,0,0
Manitoba,2023-01-01,Non-students,76.199997,83.900002,9.3000002,2023-01-01,Manitoba,0,1,0,,01jan2023,2023m1,2023,1,0,0,0,0,0,0,0,0,1,0,0,1,0,0,0,0,0,0,0,0,0,0,0,23.800003,1,1,1,1,0,0,0
Manitoba,2023-02-01,Non-students,80.800003,88.599998,8.8000002,2023-02-01,Manitoba,0,1,0,,01feb2023,2023m2,2023,2,0,0,0,0,0,0,0,0,1,0,0,0,1,0,0,0,0,0,0,0,0,0,0,19.199997,1,1,1,1,0,0,0
Manitoba,2023-03-01,Non-students,79.900002,86.599998,7.6999998,2023-03-01,Manitoba,0,1,0,,01mar2023,2023m3,2023,3,0,0,0,0,0,0,0,0,1,0,0,0,0,1,0,0,0,0,0,0,0,0,0,20.099998,1,1,1,1,0,0,0
Manitoba,2023-04-01,Non-students,78.099998,86.599998,9.8000002,2023-04-01,Manitoba,0,1,0,,01apr2023,2023m4,2023,4,0,0,0,0,0,0,0,0,1,0,0,0,0,0,1,0,0,0,0,0,0,0,0,21.900002,1,1,1,1,0,0,0
Manitoba,2023-09-01,Non-students,80.300003,87.599998,8.3999996,2023-09-01,Manitoba,0,1,0,,01sep2023,2023m9,2023,9,0,0,0,0,0,0,0,0,1,0,0,0,0,0,0,1,0,0,0,0,0,0,0,19.699997,1,1,1,1,0,0,0
Manitoba,2023-10-01,Non-students,79.099998,89.400002,11.5,2023-10-01,Manitoba,0,1,0,,01oct2023,2023m10,2023,10,0,0,0,0,0,0,0,0,1,0,0,0,0,0,0,0,1,0,0,0,0,0,0,20.900002,1,1,1,1,0,0,0
Manitoba,2023-11-01,Non-students,77.900002,86,9.5,2023-11-01,Manitoba,0,1,0,,01nov2023,2023m11,2023,11,0,0,0,0,0,0,0,0,1,0,0,0,0,0,0,0,0,1,0,0,0,0,0,22.099998,1,1,1,1,0,0,0
Manitoba,2023-12-01,Non-students,80.099998,86.900002,7.9000001,2023-12-01,Manitoba,0,1,0,,01dec2023,2023m12,2023,12,0,0,0,0,0,0,0,0,1,0,0,0,0,0,0,0,0,0,1,0,0,0,0,19.900002,1,1,1,1,0,0,0
Manitoba,2024-01-01,Non-students,78.300003,82.400002,5,2024-01-01,Manitoba,0,1,0,,01jan2024,2024m1,2024,1,0,0,0,0,0,0,0,0,0,1,0,1,0,0,0,0,0,0,0,0,0,0,0,21.699997,1,1,1,1,0,0,0
Manitoba,2024-02-01,Non-students,80.900002,87.800003,7.9000001,2024-02-01,Manitoba,0,1,0,,01feb2024,2024m2,2024,2,0,0,0,0,0,0,0,0,0,1,0,0,1,0,0,0,0,0,0,0,0,0,0,19.099998,1,1,1,1,0,0,0
Manitoba,2024-03-01,Non-students,80.400002,87.5,8.1000004,2024-03-01,Manitoba,0,1,0,,01mar2024,2024m3,2024,3,0,0,0,0,0,0,0,0,0,1,0,0,0,1,0,0,0,0,0,0,0,0,0,19.599998,1,1,1,1,0,0,0
Manitoba,2024-04-01,Non-students,76.699997,84.199997,8.8999996,2024-04-01,Manitoba,0,1,0,,01apr2024,2024m4,2024,4,0,0,0,0,0,0,0,0,0,1,0,0,0,0,1,0,0,0,0,0,0,0,0,23.300003,1,1,1,1,0,0,0
Manitoba,2024-09-01,Non-students,81.199997,87.900002,7.5999999,2024-09-01,Manitoba,0,1,0,,01sep2024,2024m9,2024,9,0,0,0,0,0,0,0,0,0,1,0,0,0,0,0,1,0,0,0,0,0,0,0,18.800003,1,1,1,1,0,0,0
Manitoba,2024-10-01,Non-students,83.199997,91.199997,8.6999998,2024-10-01,Manitoba,0,1,0,,01oct2024,2024m10,2024,10,0,0,0,0,0,0,0,0,0,1,0,0,0,0,0,0,1,0,0,0,0,0,0,16.800003,1,1,1,1,0,0,0
Manitoba,2024-11-01,Non-students,75.900002,85,10.7,2024-11-01,Manitoba,0,1,0,,01nov2024,2024m11,2024,11,0,0,0,0,0,0,0,0,0,1,0,0,0,0,0,0,0,1,0,0,0,0,0,24.099998,1,1,1,1,0,0,0
Manitoba,2024-12-01,Non-students,77.5,86.300003,10.2,2024-12-01,Manitoba,0,1,0,,01dec2024,2024m12,2024,12,0,0,0,0,0,0,0,0,0,1,0,0,0,0,0,0,0,0,1,0,0,0,0,22.5,1,1,1,1,0,0,0
Manitoba,2025-01-01,Non-students,76.599998,87.5,12.5,2025-01-01,Manitoba,0,1,0,,01jan2025,2025m1,2025,1,0,0,0,0,0,0,0,0,0,0,1,1,0,0,0,0,0,0,0,0,0,0,0,23.400002,1,1,1,1,0,0,0
Manitoba,2025-02-01,Non-students,78.699997,89.099998,11.7,2025-02-01,Manitoba,0,1,0,,01feb2025,2025m2,2025,2,0,0,0,0,0,0,0,0,0,0,1,0,1,0,0,0,0,0,0,0,0,0,0,21.300003,1,1,1,1,0,0,0
Manitoba,2025-03-01,Non-students,77.800003,87.800003,11.4,2025-03-01,Manitoba,0,1,0,,01mar2025,2025m3,2025,3,0,0,0,0,0,0,0,0,0,0,1,0,0,1,0,0,0,0,0,0,0,0,0,22.199997,1,1,1,1,0,0,0
Manitoba,2025-04-01,Non-students,79.199997,88.599998,10.5,2025-04-01,Manitoba,0,1,0,,01apr2025,2025m4,2025,4,0,0,0,0,0,0,0,0,0,0,1,0,0,0,1,0,0,0,0,0,0,0,0,20.800003,1,1,1,1,0,0,0
Manitoba,2025-09-01,Non-students,77.5,87.300003,11.2,2025-09-01,Manitoba,0,1,0,,01sep2025,2025m9,2025,9,0,0,0,0,0,0,0,0,0,0,1,0,0,0,0,1,0,0,0,0,0,0,0,22.5,1,1,1,1,0,0,0
Manitoba,2025-10-01,Non-students,77.800003,86.599998,10.2,2025-10-01,Manitoba,0,1,0,,01oct2025,2025m10,2025,10,0,0,0,0,0,0,0,0,0,0,1,0,0,0,0,0,1,0,0,0,0,0,0,22.199997,1,1,1,1,0,0,0
Manitoba,2025-11-01,Non-students,76.099998,88,13.6,2025-11-01,Manitoba,0,1,0,,01nov2025,2025m11,2025,11,0,0,0,0,0,0,0,0,0,0,1,0,0,0,0,0,0,1,0,0,0,0,0,23.900002,1,1,1,1,0,0,0
Manitoba,2025-12-01,Non-students,75.5,83.699997,9.8000002,2025-12-01,Manitoba,0,1,0,,01dec2025,2025m12,2025,12,0,0,0,0,0,0,0,0,0,0,1,0,0,0,0,0,0,0,1,0,0,0,0,24.5,1,1,1,1,0,0,0
New Brunswick,2015-01-01,Non-students,68.699997,87.300003,21.299999,2015-01-01,New Brunswick,0,0,0,0,01jan2015,2015m1,2015,1,1,0,0,0,0,0,0,0,0,0,0,1,0,0,0,0,0,0,0,0,0,0,0,31.300003,0,0,0,1,1,1,1
New Brunswick,2015-02-01,Non-students,69.099998,90.099998,23.299999,2015-02-01,New Brunswick,0,0,0,0,01feb2015,2015m2,2015,2,1,0,0,0,0,0,0,0,0,0,0,0,1,0,0,0,0,0,0,0,0,0,0,30.900002,0,0,0,1,1,1,1
New Brunswick,2015-03-01,Non-students,69.099998,87.400002,20.700001,2015-03-01,New Brunswick,0,0,0,0,01mar2015,2015m3,2015,3,1,0,0,0,0,0,0,0,0,0,0,0,0,1,0,0,0,0,0,0,0,0,0,30.900002,0,0,0,1,1,1,1
New Brunswick,2015-04-01,Non-students,68.599998,87.300003,21.4,2015-04-01,New Brunswick,0,0,0,0,01apr2015,2015m4,2015,4,1,0,0,0,0,0,0,0,0,0,0,0,0,0,1,0,0,0,0,0,0,0,0,31.400002,0,0,0,1,1,1,1
New Brunswick,2015-09-01,Non-students,74.400002,88.699997,16.200001,2015-09-01,New Brunswick,0,0,0,0,01sep2015,2015m9,2015,9,1,0,0,0,0,0,0,0,0,0,0,0,0,0,0,1,0,0,0,0,0,0,0,25.599998,0,0,0,1,1,1,1
New Brunswick,2015-10-01,Non-students,71,85.800003,17.200001,2015-10-01,New Brunswick,0,0,0,0,01oct2015,2015m10,2015,10,1,0,0,0,0,0,0,0,0,0,0,0,0,0,0,0,1,0,0,0,0,0,0,29,0,0,0,1,1,1,1
New Brunswick,2015-11-01,Non-students,71.699997,82,12.5,2015-11-01,New Brunswick,0,0,0,0,01nov2015,2015m11,2015,11,1,0,0,0,0,0,0,0,0,0,0,0,0,0,0,0,0,1,0,0,0,0,0,28.300003,0,0,0,1,1,1,1
New Brunswick,2015-12-01,Non-students,68.5,82,16.5,2015-12-01,New Brunswick,0,0,0,0,01dec2015,2015m12,2015,12,1,0,0,0,0,0,0,0,0,0,0,0,0,0,0,0,0,0,1,0,0,0,0,31.5,0,0,0,1,1,1,1
New Brunswick,2016-01-01,Non-students,64.599998,80.800003,20,2016-01-01,New Brunswick,0,0,0,0,01jan2016,2016m1,2016,1,0,1,0,0,0,0,0,0,0,0,0,1,0,0,0,0,0,0,0,0,0,0,0,35.400002,0,0,0,1,1,1,1
New Brunswick,2016-02-01,Non-students,63.099998,78.800003,19.5,2016-02-01,New Brunswick,0,0,0,0,01feb2016,2016m2,2016,2,0,1,0,0,0,0,0,0,0,0,0,0,1,0,0,0,0,0,0,0,0,0,0,36.900002,0,0,0,1,1,1,1
New Brunswick,2016-03-01,Non-students,66.699997,82.099998,18.799999,2016-03-01,New Brunswick,0,0,0,0,01mar2016,2016m3,2016,3,0,1,0,0,0,0,0,0,0,0,0,0,0,1,0,0,0,0,0,0,0,0,0,33.300003,0,0,0,1,1,1,1
New Brunswick,2016-04-01,Non-students,71.599998,86.099998,16.799999,2016-04-01,New Brunswick,0,0,0,0,01apr2016,2016m4,2016,4,0,1,0,0,0,0,0,0,0,0,0,0,0,0,1,0,0,0,0,0,0,0,0,28.400002,0,0,0,1,1,1,1
New Brunswick,2016-09-01,Non-students,77.300003,87.800003,11.6,2016-09-01,New Brunswick,0,0,0,0,01sep2016,2016m9,2016,9,0,1,0,0,0,0,0,0,0,0,0,0,0,0,0,1,0,0,0,0,0,0,0,22.699997,0,0,0,1,1,1,1
New Brunswick,2016-10-01,Non-students,76.5,87.5,12.6,2016-10-01,New Brunswick,0,0,0,0,01oct2016,2016m10,2016,10,0,1,0,0,0,0,0,0,0,0,0,0,0,0,0,0,1,0,0,0,0,0,0,23.5,0,0,0,1,1,1,1
New Brunswick,2016-11-01,Non-students,73,85.800003,14.9,2016-11-01,New Brunswick,0,0,0,0,01nov2016,2016m11,2016,11,0,1,0,0,0,0,0,0,0,0,0,0,0,0,0,0,0,1,0,0,0,0,0,27,0,0,0,1,1,1,1
New Brunswick,2016-12-01,Non-students,70.900002,82.599998,14.2,2016-12-01,New Brunswick,0,0,0,0,01dec2016,2016m12,2016,12,0,1,0,0,0,0,0,0,0,0,0,0,0,0,0,0,0,0,1,0,0,0,0,29.099998,0,0,0,1,1,1,1
New Brunswick,2017-01-01,Non-students,69.400002,82.5,16.200001,2017-01-01,New Brunswick,0,0,0,0,01jan2017,2017m1,2017,1,0,0,1,0,0,0,0,0,0,0,0,1,0,0,0,0,0,0,0,0,0,0,0,30.599998,0,0,0,1,1,1,1
New Brunswick,2017-02-01,Non-students,69.199997,80.699997,14.2,2017-02-01,New Brunswick,0,0,0,0,01feb2017,2017m2,2017,2,0,0,1,0,0,0,0,0,0,0,0,0,1,0,0,0,0,0,0,0,0,0,0,30.800003,0,0,0,1,1,1,1
New Brunswick,2017-03-01,Non-students,71.199997,83.800003,15,2017-03-01,New Brunswick,0,0,0,0,01mar2017,2017m3,2017,3,0,0,1,0,0,0,0,0,0,0,0,0,0,1,0,0,0,0,0,0,0,0,0,28.800003,0,0,0,1,1,1,1
New Brunswick,2017-04-01,Non-students,67.599998,83.800003,19.299999,2017-04-01,New Brunswick,0,0,0,0,01apr2017,2017m4,2017,4,0,0,1,0,0,0,0,0,0,0,0,0,0,0,1,0,0,0,0,0,0,0,0,32.400002,0,0,0,1,1,1,1
New Brunswick,2017-09-01,Non-students,77.099998,89,13.4,2017-09-01,New Brunswick,0,0,0,0,01sep2017,2017m9,2017,9,0,0,1,0,0,0,0,0,0,0,0,0,0,0,0,1,0,0,0,0,0,0,0,22.900002,0,0,0,1,1,1,1
New Brunswick,2017-10-01,Non-students,77.099998,87.099998,11.8,2017-10-01,New Brunswick,0,0,0,0,01oct2017,2017m10,2017,10,0,0,1,0,0,0,0,0,0,0,0,0,0,0,0,0,1,0,0,0,0,0,0,22.900002,0,0,0,1,1,1,1
New Brunswick,2017-11-01,Non-students,77.099998,85.699997,10,2017-11-01,New Brunswick,0,0,0,0,01nov2017,2017m11,2017,11,0,0,1,0,0,0,0,0,0,0,0,0,0,0,0,0,0,1,0,0,0,0,0,22.900002,0,0,0,1,1,1,1
New Brunswick,2017-12-01,Non-students,79,87.400002,9.5,2017-12-01,New Brunswick,0,0,0,0,01dec2017,2017m12,2017,12,0,0,1,0,0,0,0,0,0,0,0,0,0,0,0,0,0,0,1,0,0,0,0,21,0,0,0,1,1,1,1
New Brunswick,2018-01-01,Non-students,69.400002,85.5,18.9,2018-01-01,New Brunswick,0,0,0,0,01jan2018,2018m1,2018,1,0,0,0,1,0,0,0,0,0,0,0,1,0,0,0,0,0,0,0,0,0,0,0,30.599998,0,0,0,1,1,1,1
New Brunswick,2018-02-01,Non-students,73.400002,87.5,16.1,2018-02-01,New Brunswick,0,0,0,0,01feb2018,2018m2,2018,2,0,0,0,1,0,0,0,0,0,0,0,0,1,0,0,0,0,0,0,0,0,0,0,26.599998,0,0,0,1,1,1,1
New Brunswick,2018-03-01,Non-students,72.199997,87.099998,17.1,2018-03-01,New Brunswick,0,0,0,0,01mar2018,2018m3,2018,3,0,0,0,1,0,0,0,0,0,0,0,0,0,1,0,0,0,0,0,0,0,0,0,27.800003,0,0,0,1,1,1,1
New Brunswick,2018-04-01,Non-students,73.599998,89.400002,17.4,2018-04-01,New Brunswick,0,0,0,0,01apr2018,2018m4,2018,4,0,0,0,1,0,0,0,0,0,0,0,0,0,0,1,0,0,0,0,0,0,0,0,26.400002,0,0,0,1,1,1,1
New Brunswick,2018-09-01,Non-students,80.900002,90.599998,10.7,2018-09-01,New Brunswick,0,0,0,0,01sep2018,2018m9,2018,9,0,0,0,1,0,0,0,0,0,0,0,0,0,0,0,1,0,0,0,0,0,0,0,19.099998,0,0,0,1,1,1,1
New Brunswick,2018-10-01,Non-students,84.099998,89.099998,5.5999999,2018-10-01,New Brunswick,0,0,0,0,01oct2018,2018m10,2018,10,0,0,0,1,0,0,0,0,0,0,0,0,0,0,0,0,1,0,0,0,0,0,0,15.900002,0,0,0,1,1,1,1
New Brunswick,2018-11-01,Non-students,81.5,88.199997,7.3000002,2018-11-01,New Brunswick,0,0,0,0,01nov2018,2018m11,2018,11,0,0,0,1,0,0,0,0,0,0,0,0,0,0,0,0,0,1,0,0,0,0,0,18.5,0,0,0,1,1,1,1
New Brunswick,2018-12-01,Non-students,74.900002,83.599998,10,2018-12-01,New Brunswick,0,0,0,0,01dec2018,2018m12,2018,12,0,0,0,1,0,0,0,0,0,0,0,0,0,0,0,0,0,0,1,0,0,0,0,25.099998,0,0,0,1,1,1,1
New Brunswick,2019-01-01,Non-students,72.300003,84.300003,14.3,2019-01-01,New Brunswick,0,0,0,0,01jan2019,2019m1,2019,1,0,0,0,0,1,0,0,0,0,0,0,1,0,0,0,0,0,0,0,0,0,0,0,27.699997,0,0,0,1,1,1,1
New Brunswick,2019-02-01,Non-students,74.900002,85.599998,12.5,2019-02-01,New Brunswick,0,0,0,0,01feb2019,2019m2,2019,2,0,0,0,0,1,0,0,0,0,0,0,0,1,0,0,0,0,0,0,0,0,0,0,25.099998,0,0,0,1,1,1,1
New Brunswick,2019-03-01,Non-students,76.199997,84.599998,10.3,2019-03-01,New Brunswick,0,0,0,0,01mar2019,2019m3,2019,3,0,0,0,0,1,0,0,0,0,0,0,0,0,1,0,0,0,0,0,0,0,0,0,23.800003,0,0,0,1,1,1,1
New Brunswick,2019-04-01,Non-students,75.699997,86.800003,13.1,2019-04-01,New Brunswick,0,0,0,0,01apr2019,2019m4,2019,4,0,0,0,0,1,0,0,0,0,0,0,0,0,0,1,0,0,0,0,0,0,0,0,24.300003,0,0,0,1,1,1,1
New Brunswick,2019-09-01,Non-students,84.400002,93.300003,9.5,2019-09-01,New Brunswick,0,0,0,0,01sep2019,2019m9,2019,9,0,0,0,0,1,0,0,0,0,0,0,0,0,0,0,1,0,0,0,0,0,0,0,15.599998,0,0,0,1,1,1,1
New Brunswick,2019-10-01,Non-students,78.900002,87.099998,9.3999996,2019-10-01,New Brunswick,0,0,0,0,01oct2019,2019m10,2019,10,0,0,0,0,1,0,0,0,0,0,0,0,0,0,0,0,1,0,0,0,0,0,0,21.099998,0,0,0,1,1,1,1
New Brunswick,2019-11-01,Non-students,80.199997,89.5,10.2,2019-11-01,New Brunswick,0,0,0,0,01nov2019,2019m11,2019,11,0,0,0,0,1,0,0,0,0,0,0,0,0,0,0,0,0,1,0,0,0,0,0,19.800003,0,0,0,1,1,1,1
New Brunswick,2019-12-01,Non-students,83.599998,90,7.0999999,2019-12-01,New Brunswick,0,0,0,0,01dec2019,2019m12,2019,12,0,0,0,0,1,0,0,0,0,0,0,0,0,0,0,0,0,0,1,0,0,0,0,16.400002,0,0,0,1,1,1,1
New Brunswick,2020-01-01,Non-students,77.699997,88.400002,12.1,2020-01-01,New Brunswick,0,0,0,0,01jan2020,2020m1,2020,1,0,0,0,0,0,1,0,0,0,0,0,1,0,0,0,0,0,0,0,0,0,0,0,22.300003,0,0,0,1,1,1,1
New Brunswick,2020-02-01,Non-students,77.900002,87.900002,11.3,2020-02-01,New Brunswick,0,0,0,0,01feb2020,2020m2,2020,2,0,0,0,0,0,1,0,0,0,0,0,0,1,0,0,0,0,0,0,0,0,0,0,22.099998,0,0,0,1,1,1,1
New Brunswick,2020-03-01,Non-students,64.199997,77.599998,17.299999,2020-03-01,New Brunswick,0,1,0,0,01mar2020,2020m3,2020,3,0,0,0,0,0,1,0,0,0,0,0,0,0,1,0,0,0,0,0,0,0,0,0,35.800003,0,0,0,1,1,1,1
New Brunswick,2020-04-01,Non-students,52.5,73.900002,29,2020-04-01,New Brunswick,0,1,0,0,01apr2020,2020m4,2020,4,0,0,0,0,0,1,0,0,0,0,0,0,0,0,1,0,0,0,0,0,0,0,0,47.5,0,0,0,1,1,1,1
New Brunswick,2020-09-01,Non-students,75.599998,90.599998,16.5,2020-09-01,New Brunswick,0,1,0,0,01sep2020,2020m9,2020,9,0,0,0,0,0,1,0,0,0,0,0,0,0,0,0,1,0,0,0,0,0,0,0,24.400002,0,0,0,1,1,1,1
New Brunswick,2020-10-01,Non-students,73.199997,92.599998,20.700001,2020-10-01,New Brunswick,0,1,0,0,01oct2020,2020m10,2020,10,0,0,0,0,0,1,0,0,0,0,0,0,0,0,0,0,1,0,0,0,0,0,0,26.800003,0,0,0,1,1,1,1
New Brunswick,2020-11-01,Non-students,71.300003,88.300003,19.200001,2020-11-01,New Brunswick,0,1,0,0,01nov2020,2020m11,2020,11,0,0,0,0,0,1,0,0,0,0,0,0,0,0,0,0,0,1,0,0,0,0,0,28.699997,0,0,0,1,1,1,1
New Brunswick,2020-12-01,Non-students,73.599998,87.599998,16.1,2020-12-01,New Brunswick,0,1,0,0,01dec2020,2020m12,2020,12,0,0,0,0,0,1,0,0,0,0,0,0,0,0,0,0,0,0,1,0,0,0,0,26.400002,0,0,0,1,1,1,1
New Brunswick,2021-01-01,Non-students,68.099998,84.099998,18.9,2021-01-01,New Brunswick,0,1,0,0,01jan2021,2021m1,2021,1,0,0,0,0,0,0,1,0,0,0,0,1,0,0,0,0,0,0,0,0,0,0,0,31.900002,0,0,0,1,1,1,1
New Brunswick,2021-02-01,Non-students,73.199997,84.800003,13.7,2021-02-01,New Brunswick,0,1,0,0,01feb2021,2021m2,2021,2,0,0,0,0,0,0,1,0,0,0,0,0,1,0,0,0,0,0,0,0,0,0,0,26.800003,0,0,0,1,1,1,1
New Brunswick,2021-03-01,Non-students,73.800003,89.300003,17.4,2021-03-01,New Brunswick,0,1,0,0,01mar2021,2021m3,2021,3,0,0,0,0,0,0,1,0,0,0,0,0,0,1,0,0,0,0,0,0,0,0,0,26.199997,0,0,0,1,1,1,1
New Brunswick,2021-04-01,Non-students,77.199997,88.099998,12.6,2021-04-01,New Brunswick,0,1,0,0,01apr2021,2021m4,2021,4,0,0,0,0,0,0,1,0,0,0,0,0,0,0,1,0,0,0,0,0,0,0,0,22.800003,0,0,0,1,1,1,1
New Brunswick,2021-09-01,Non-students,78.5,89,11.7,2021-09-01,New Brunswick,0,1,0,0,01sep2021,2021m9,2021,9,0,0,0,0,0,0,1,0,0,0,0,0,0,0,0,1,0,0,0,0,0,0,0,21.5,0,0,0,1,1,1,1
New Brunswick,2021-10-01,Non-students,84.099998,89.199997,5.6999998,2021-10-01,New Brunswick,0,1,0,0,01oct2021,2021m10,2021,10,0,0,0,0,0,0,1,0,0,0,0,0,0,0,0,0,1,0,0,0,0,0,0,15.900002,0,0,0,1,1,1,1
New Brunswick,2021-11-01,Non-students,78.5,90.099998,12.8,2021-11-01,New Brunswick,0,1,0,0,01nov2021,2021m11,2021,11,0,0,0,0,0,0,1,0,0,0,0,0,0,0,0,0,0,1,0,0,0,0,0,21.5,0,0,0,1,1,1,1
New Brunswick,2021-12-01,Non-students,74.099998,85.900002,13.7,2021-12-01,New Brunswick,0,1,0,0,01dec2021,2021m12,2021,12,0,0,0,0,0,0,1,0,0,0,0,0,0,0,0,0,0,0,1,0,0,0,0,25.900002,0,0,0,1,1,1,1
New Brunswick,2022-01-01,Non-students,68.900002,86.5,20.4,2022-01-01,New Brunswick,0,1,0,0,01jan2022,2022m1,2022,1,0,0,0,0,0,0,0,1,0,0,0,1,0,0,0,0,0,0,0,0,0,0,0,31.099998,0,0,0,1,1,1,1
New Brunswick,2022-02-01,Non-students,74.099998,87.699997,15.6,2022-02-01,New Brunswick,0,1,0,0,01feb2022,2022m2,2022,2,0,0,0,0,0,0,0,1,0,0,0,0,1,0,0,0,0,0,0,0,0,0,0,25.900002,0,0,0,1,1,1,1
New Brunswick,2022-03-01,Non-students,78.599998,88.699997,11.5,2022-03-01,New Brunswick,0,1,0,0,01mar2022,2022m3,2022,3,0,0,0,0,0,0,0,1,0,0,0,0,0,1,0,0,0,0,0,0,0,0,0,21.400002,0,0,0,1,1,1,1
New Brunswick,2022-04-01,Non-students,82,91.900002,10.7,2022-04-01,New Brunswick,0,1,0,0,01apr2022,2022m4,2022,4,0,0,0,0,0,0,0,1,0,0,0,0,0,0,1,0,0,0,0,0,0,0,0,18,0,0,0,1,1,1,1
New Brunswick,2022-09-01,Non-students,80.099998,90.5,11.7,2022-09-01,New Brunswick,0,1,0,0,01sep2022,2022m9,2022,9,0,0,0,0,0,0,0,1,0,0,0,0,0,0,0,1,0,0,0,0,0,0,0,19.900002,0,0,0,1,1,1,1
New Brunswick,2022-10-01,Non-students,74.099998,88.5,16.299999,2022-10-01,New Brunswick,0,1,0,0,01oct2022,2022m10,2022,10,0,0,0,0,0,0,0,1,0,0,0,0,0,0,0,0,1,0,0,0,0,0,0,25.900002,0,0,0,1,1,1,1
New Brunswick,2022-11-01,Non-students,69.199997,84.900002,18.700001,2022-11-01,New Brunswick,0,1,0,0,01nov2022,2022m11,2022,11,0,0,0,0,0,0,0,1,0,0,0,0,0,0,0,0,0,1,0,0,0,0,0,30.800003,0,0,0,1,1,1,1
New Brunswick,2022-12-01,Non-students,76.800003,90,14.7,2022-12-01,New Brunswick,0,1,0,0,01dec2022,2022m12,2022,12,0,0,0,0,0,0,0,1,0,0,0,0,0,0,0,0,0,0,1,0,0,0,0,23.199997,0,0,0,1,1,1,1
New Brunswick,2023-01-01,Non-students,75.400002,90.300003,16.4,2023-01-01,New Brunswick,0,1,0,0,01jan2023,2023m1,2023,1,0,0,0,0,0,0,0,0,1,0,0,1,0,0,0,0,0,0,0,0,0,0,0,24.599998,0,0,0,1,1,1,1
New Brunswick,2023-02-01,Non-students,78.599998,88.099998,10.8,2023-02-01,New Brunswick,0,1,0,0,01feb2023,2023m2,2023,2,0,0,0,0,0,0,0,0,1,0,0,0,1,0,0,0,0,0,0,0,0,0,0,21.400002,0,0,0,1,1,1,1
New Brunswick,2023-03-01,Non-students,77.699997,87.800003,11.2,2023-03-01,New Brunswick,0,1,0,0,01mar2023,2023m3,2023,3,0,0,0,0,0,0,0,0,1,0,0,0,0,1,0,0,0,0,0,0,0,0,0,22.300003,0,0,0,1,1,1,1
New Brunswick,2023-04-01,Non-students,76.699997,88.099998,12.7,2023-04-01,New Brunswick,0,1,0,0,01apr2023,2023m4,2023,4,0,0,0,0,0,0,0,0,1,0,0,0,0,0,1,0,0,0,0,0,0,0,0,23.300003,0,0,0,1,1,1,1
New Brunswick,2023-09-01,Non-students,77.900002,89.699997,12.9,2023-09-01,New Brunswick,0,1,0,0,01sep2023,2023m9,2023,9,0,0,0,0,0,0,0,0,1,0,0,0,0,0,0,1,0,0,0,0,0,0,0,22.099998,0,0,0,1,1,1,1
New Brunswick,2023-10-01,Non-students,81.599998,90.099998,9.5,2023-10-01,New Brunswick,0,1,0,0,01oct2023,2023m10,2023,10,0,0,0,0,0,0,0,0,1,0,0,0,0,0,0,0,1,0,0,0,0,0,0,18.400002,0,0,0,1,1,1,1
New Brunswick,2023-11-01,Non-students,80.900002,90.300003,10.4,2023-11-01,New Brunswick,0,1,0,0,01nov2023,2023m11,2023,11,0,0,0,0,0,0,0,0,1,0,0,0,0,0,0,0,0,1,0,0,0,0,0,19.099998,0,0,0,1,1,1,1
New Brunswick,2023-12-01,Non-students,82,88.199997,7,2023-12-01,New Brunswick,0,1,0,0,01dec2023,2023m12,2023,12,0,0,0,0,0,0,0,0,1,0,0,0,0,0,0,0,0,0,1,0,0,0,0,18,0,0,0,1,1,1,1
New Brunswick,2024-01-01,Non-students,73.599998,86.5,15,2024-01-01,New Brunswick,0,1,0,0,01jan2024,2024m1,2024,1,0,0,0,0,0,0,0,0,0,1,0,1,0,0,0,0,0,0,0,0,0,0,0,26.400002,0,0,0,1,1,1,1
New Brunswick,2024-02-01,Non-students,74.599998,86.099998,13.6,2024-02-01,New Brunswick,0,1,0,0,01feb2024,2024m2,2024,2,0,0,0,0,0,0,0,0,0,1,0,0,1,0,0,0,0,0,0,0,0,0,0,25.400002,0,0,0,1,1,1,1
New Brunswick,2024-03-01,Non-students,72.800003,87.099998,16.4,2024-03-01,New Brunswick,0,1,0,0,01mar2024,2024m3,2024,3,0,0,0,0,0,0,0,0,0,1,0,0,0,1,0,0,0,0,0,0,0,0,0,27.199997,0,0,0,1,1,1,1
New Brunswick,2024-04-01,Non-students,76.400002,90.300003,15.4,2024-04-01,New Brunswick,0,1,0,0,01apr2024,2024m4,2024,4,0,0,0,0,0,0,0,0,0,1,0,0,0,0,1,0,0,0,0,0,0,0,0,23.599998,0,0,0,1,1,1,1
New Brunswick,2024-09-01,Non-students,81.199997,87,6.5999999,2024-09-01,New Brunswick,0,1,0,0,01sep2024,2024m9,2024,9,0,0,0,0,0,0,0,0,0,1,0,0,0,0,0,1,0,0,0,0,0,0,0,18.800003,0,0,0,1,1,1,1
New Brunswick,2024-10-01,Non-students,81.199997,85.900002,5.5,2024-10-01,New Brunswick,0,1,0,0,01oct2024,2024m10,2024,10,0,0,0,0,0,0,0,0,0,1,0,0,0,0,0,0,1,0,0,0,0,0,0,18.800003,0,0,0,1,1,1,1
New Brunswick,2024-11-01,Non-students,77.800003,86.199997,9.6999998,2024-11-01,New Brunswick,0,1,0,0,01nov2024,2024m11,2024,11,0,0,0,0,0,0,0,0,0,1,0,0,0,0,0,0,0,1,0,0,0,0,0,22.199997,0,0,0,1,1,1,1
New Brunswick,2024-12-01,Non-students,73.099998,85.900002,14.6,2024-12-01,New Brunswick,0,1,0,0,01dec2024,2024m12,2024,12,0,0,0,0,0,0,0,0,0,1,0,0,0,0,0,0,0,0,1,0,0,0,0,26.900002,0,0,0,1,1,1,1
New Brunswick,2025-01-01,Non-students,72.300003,83.599998,13.8,2025-01-01,New Brunswick,0,1,0,0,01jan2025,2025m1,2025,1,0,0,0,0,0,0,0,0,0,0,1,1,0,0,0,0,0,0,0,0,0,0,0,27.699997,0,0,0,1,1,1,1
New Brunswick,2025-02-01,Non-students,66.300003,81.400002,18.200001,2025-02-01,New Brunswick,0,1,0,0,01feb2025,2025m2,2025,2,0,0,0,0,0,0,0,0,0,0,1,0,1,0,0,0,0,0,0,0,0,0,0,33.699997,0,0,0,1,1,1,1
New Brunswick,2025-03-01,Non-students,66.699997,79.5,16.1,2025-03-01,New Brunswick,0,1,0,0,01mar2025,2025m3,2025,3,0,0,0,0,0,0,0,0,0,0,1,0,0,1,0,0,0,0,0,0,0,0,0,33.300003,0,0,0,1,1,1,1
New Brunswick,2025-04-01,Non-students,73.699997,88.900002,16.700001,2025-04-01,New Brunswick,0,1,0,0,01apr2025,2025m4,2025,4,0,0,0,0,0,0,0,0,0,0,1,0,0,0,1,0,0,0,0,0,0,0,0,26.300003,0,0,0,1,1,1,1
New Brunswick,2025-09-01,Non-students,76.5,88.900002,14.3,2025-09-01,New Brunswick,0,1,0,0,01sep2025,2025m9,2025,9,0,0,0,0,0,0,0,0,0,0,1,0,0,0,0,1,0,0,0,0,0,0,0,23.5,0,0,0,1,1,1,1
New Brunswick,2025-10-01,Non-students,78.599998,87.800003,10.5,2025-10-01,New Brunswick,0,1,0,0,01oct2025,2025m10,2025,10,0,0,0,0,0,0,0,0,0,0,1,0,0,0,0,0,1,0,0,0,0,0,0,21.400002,0,0,0,1,1,1,1
New Brunswick,2025-11-01,Non-students,78.599998,89.300003,12,2025-11-01,New Brunswick,0,1,0,0,01nov2025,2025m11,2025,11,0,0,0,0,0,0,0,0,0,0,1,0,0,0,0,0,0,1,0,0,0,0,0,21.400002,0,0,0,1,1,1,1
New Brunswick,2025-12-01,Non-students,74.199997,86.300003,14,2025-12-01,New Brunswick,0,1,0,0,01dec2025,2025m12,2025,12,0,0,0,0,0,0,0,0,0,0,1,0,0,0,0,0,0,0,1,0,0,0,0,25.800003,0,0,0,1,1,1,1
Newfoundland and Labrador,2015-01-01,Non-students,68.400002,83.099998,17.700001,2015-01-01,Newfoundland and Labrador,0,0,0,0,01jan2015,2015m1,2015,1,1,0,0,0,0,0,0,0,0,0,0,1,0,0,0,0,0,0,0,0,0,0,0,31.599998,0,0,0,1,1,1,1
Newfoundland and Labrador,2015-02-01,Non-students,64.199997,87.199997,26.4,2015-02-01,Newfoundland and Labrador,0,0,0,0,01feb2015,2015m2,2015,2,1,0,0,0,0,0,0,0,0,0,0,0,1,0,0,0,0,0,0,0,0,0,0,35.800003,0,0,0,1,1,1,1
Newfoundland and Labrador,2015-03-01,Non-students,64,89.5,28.4,2015-03-01,Newfoundland and Labrador,0,0,0,0,01mar2015,2015m3,2015,3,1,0,0,0,0,0,0,0,0,0,0,0,0,1,0,0,0,0,0,0,0,0,0,36,0,0,0,1,1,1,1
Newfoundland and Labrador,2015-04-01,Non-students,65.300003,91,27.799999,2015-04-01,Newfoundland and Labrador,0,0,0,0,01apr2015,2015m4,2015,4,1,0,0,0,0,0,0,0,0,0,0,0,0,0,1,0,0,0,0,0,0,0,0,34.699997,0,0,0,1,1,1,1
Newfoundland and Labrador,2015-09-01,Non-students,70.5,86.5,18.5,2015-09-01,Newfoundland and Labrador,0,0,0,0,01sep2015,2015m9,2015,9,1,0,0,0,0,0,0,0,0,0,0,0,0,0,0,1,0,0,0,0,0,0,0,29.5,0,0,0,1,1,1,1
Newfoundland and Labrador,2015-10-01,Non-students,77.900002,87.599998,11.1,2015-10-01,Newfoundland and Labrador,0,0,0,0,01oct2015,2015m10,2015,10,1,0,0,0,0,0,0,0,0,0,0,0,0,0,0,0,1,0,0,0,0,0,0,22.099998,0,0,0,1,1,1,1
Newfoundland and Labrador,2015-11-01,Non-students,76.599998,88.300003,13.7,2015-11-01,Newfoundland and Labrador,0,0,0,0,01nov2015,2015m11,2015,11,1,0,0,0,0,0,0,0,0,0,0,0,0,0,0,0,0,1,0,0,0,0,0,23.400002,0,0,0,1,1,1,1
Newfoundland and Labrador,2015-12-01,Non-students,73.099998,86.800003,15.8,2015-12-01,Newfoundland and Labrador,0,0,0,0,01dec2015,2015m12,2015,12,1,0,0,0,0,0,0,0,0,0,0,0,0,0,0,0,0,0,1,0,0,0,0,26.900002,0,0,0,1,1,1,1
Newfoundland and Labrador,2016-01-01,Non-students,65.900002,87.5,25.1,2016-01-01,Newfoundland and Labrador,0,0,0,0,01jan2016,2016m1,2016,1,0,1,0,0,0,0,0,0,0,0,0,1,0,0,0,0,0,0,0,0,0,0,0,34.099998,0,0,0,1,1,1,1
Newfoundland and Labrador,2016-02-01,Non-students,65.5,86.800003,24.5,2016-02-01,Newfoundland and Labrador,0,0,0,0,01feb2016,2016m2,2016,2,0,1,0,0,0,0,0,0,0,0,0,0,1,0,0,0,0,0,0,0,0,0,0,34.5,0,0,0,1,1,1,1
Newfoundland and Labrador,2016-03-01,Non-students,66.900002,84.900002,21.200001,2016-03-01,Newfoundland and Labrador,0,0,0,0,01mar2016,2016m3,2016,3,0,1,0,0,0,0,0,0,0,0,0,0,0,1,0,0,0,0,0,0,0,0,0,33.099998,0,0,0,1,1,1,1
Newfoundland and Labrador,2016-04-01,Non-students,68.300003,88.099998,22.9,2016-04-01,Newfoundland and Labrador,0,0,0,0,01apr2016,2016m4,2016,4,0,1,0,0,0,0,0,0,0,0,0,0,0,0,1,0,0,0,0,0,0,0,0,31.699997,0,0,0,1,1,1,1
Newfoundland and Labrador,2016-09-01,Non-students,70.599998,89,20.200001,2016-09-01,Newfoundland and Labrador,0,0,0,0,01sep2016,2016m9,2016,9,0,1,0,0,0,0,0,0,0,0,0,0,0,0,0,1,0,0,0,0,0,0,0,29.400002,0,0,0,1,1,1,1
Newfoundland and Labrador,2016-10-01,Non-students,69.800003,86.099998,18.5,2016-10-01,Newfoundland and Labrador,0,0,0,0,01oct2016,2016m10,2016,10,0,1,0,0,0,0,0,0,0,0,0,0,0,0,0,0,1,0,0,0,0,0,0,30.199997,0,0,0,1,1,1,1
Newfoundland and Labrador,2016-11-01,Non-students,66.300003,90.099998,26.5,2016-11-01,Newfoundland and Labrador,0,0,0,0,01nov2016,2016m11,2016,11,0,1,0,0,0,0,0,0,0,0,0,0,0,0,0,0,0,1,0,0,0,0,0,33.699997,0,0,0,1,1,1,1
Newfoundland and Labrador,2016-12-01,Non-students,65.800003,86,23,2016-12-01,Newfoundland and Labrador,0,0,0,0,01dec2016,2016m12,2016,12,0,1,0,0,0,0,0,0,0,0,0,0,0,0,0,0,0,0,1,0,0,0,0,34.199997,0,0,0,1,1,1,1
Newfoundland and Labrador,2017-01-01,Non-students,58.099998,79.5,27.5,2017-01-01,Newfoundland and Labrador,0,0,0,0,01jan2017,2017m1,2017,1,0,0,1,0,0,0,0,0,0,0,0,1,0,0,0,0,0,0,0,0,0,0,0,41.900002,0,0,0,1,1,1,1
Newfoundland and Labrador,2017-02-01,Non-students,57.799999,78.900002,26.700001,2017-02-01,Newfoundland and Labrador,0,0,0,0,01feb2017,2017m2,2017,2,0,0,1,0,0,0,0,0,0,0,0,0,1,0,0,0,0,0,0,0,0,0,0,42.200001,0,0,0,1,1,1,1
Newfoundland and Labrador,2017-03-01,Non-students,59.799999,79.5,24.700001,2017-03-01,Newfoundland and Labrador,0,0,0,0,01mar2017,2017m3,2017,3,0,0,1,0,0,0,0,0,0,0,0,0,0,1,0,0,0,0,0,0,0,0,0,40.200001,0,0,0,1,1,1,1
Newfoundland and Labrador,2017-04-01,Non-students,63.099998,81.699997,22.299999,2017-04-01,Newfoundland and Labrador,0,0,0,0,01apr2017,2017m4,2017,4,0,0,1,0,0,0,0,0,0,0,0,0,0,0,1,0,0,0,0,0,0,0,0,36.900002,0,0,0,1,1,1,1
Newfoundland and Labrador,2017-09-01,Non-students,71.699997,84.199997,14.9,2017-09-01,Newfoundland and Labrador,0,0,0,0,01sep2017,2017m9,2017,9,0,0,1,0,0,0,0,0,0,0,0,0,0,0,0,1,0,0,0,0,0,0,0,28.300003,0,0,0,1,1,1,1
Newfoundland and Labrador,2017-10-01,Non-students,72.800003,87.099998,16.4,2017-10-01,Newfoundland and Labrador,0,0,0,0,01oct2017,2017m10,2017,10,0,0,1,0,0,0,0,0,0,0,0,0,0,0,0,0,1,0,0,0,0,0,0,27.199997,0,0,0,1,1,1,1
Newfoundland and Labrador,2017-11-01,Non-students,72.099998,86.800003,16.799999,2017-11-01,Newfoundland and Labrador,0,0,0,0,01nov2017,2017m11,2017,11,0,0,1,0,0,0,0,0,0,0,0,0,0,0,0,0,0,1,0,0,0,0,0,27.900002,0,0,0,1,1,1,1
Newfoundland and Labrador,2017-12-01,Non-students,70.599998,84.099998,16.700001,2017-12-01,Newfoundland and Labrador,0,0,0,0,01dec2017,2017m12,2017,12,0,0,1,0,0,0,0,0,0,0,0,0,0,0,0,0,0,0,1,0,0,0,0,29.400002,0,0,0,1,1,1,1
Newfoundland and Labrador,2018-01-01,Non-students,65.400002,88.300003,26.5,2018-01-01,Newfoundland and Labrador,0,0,0,0,01jan2018,2018m1,2018,1,0,0,0,1,0,0,0,0,0,0,0,1,0,0,0,0,0,0,0,0,0,0,0,34.599998,0,0,0,1,1,1,1
Newfoundland and Labrador,2018-02-01,Non-students,70.800003,88.099998,19.700001,2018-02-01,Newfoundland and Labrador,0,0,0,0,01feb2018,2018m2,2018,2,0,0,0,1,0,0,0,0,0,0,0,0,1,0,0,0,0,0,0,0,0,0,0,29.199997,0,0,0,1,1,1,1
Newfoundland and Labrador,2018-03-01,Non-students,68.5,87.699997,22.5,2018-03-01,Newfoundland and Labrador,0,0,0,0,01mar2018,2018m3,2018,3,0,0,0,1,0,0,0,0,0,0,0,0,0,1,0,0,0,0,0,0,0,0,0,31.5,0,0,0,1,1,1,1
Newfoundland and Labrador,2018-04-01,Non-students,71.699997,89.599998,20,2018-04-01,Newfoundland and Labrador,0,0,0,0,01apr2018,2018m4,2018,4,0,0,0,1,0,0,0,0,0,0,0,0,0,0,1,0,0,0,0,0,0,0,0,28.300003,0,0,0,1,1,1,1
Newfoundland and Labrador,2018-09-01,Non-students,68.099998,87.599998,22.299999,2018-09-01,Newfoundland and Labrador,0,0,0,0,01sep2018,2018m9,2018,9,0,0,0,1,0,0,0,0,0,0,0,0,0,0,0,1,0,0,0,0,0,0,0,31.900002,0,0,0,1,1,1,1
Newfoundland and Labrador,2018-10-01,Non-students,67.199997,85.400002,21.9,2018-10-01,Newfoundland and Labrador,0,0,0,0,01oct2018,2018m10,2018,10,0,0,0,1,0,0,0,0,0,0,0,0,0,0,0,0,1,0,0,0,0,0,0,32.800003,0,0,0,1,1,1,1
Newfoundland and Labrador,2018-11-01,Non-students,64,84.199997,24,2018-11-01,Newfoundland and Labrador,0,0,0,0,01nov2018,2018m11,2018,11,0,0,0,1,0,0,0,0,0,0,0,0,0,0,0,0,0,1,0,0,0,0,0,36,0,0,0,1,1,1,1
Newfoundland and Labrador,2018-12-01,Non-students,65.099998,84.199997,22.200001,2018-12-01,Newfoundland and Labrador,0,0,0,0,01dec2018,2018m12,2018,12,0,0,0,1,0,0,0,0,0,0,0,0,0,0,0,0,0,0,1,0,0,0,0,34.900002,0,0,0,1,1,1,1
Newfoundland and Labrador,2019-01-01,Non-students,65.300003,86.099998,24.700001,2019-01-01,Newfoundland and Labrador,0,0,0,0,01jan2019,2019m1,2019,1,0,0,0,0,1,0,0,0,0,0,0,1,0,0,0,0,0,0,0,0,0,0,0,34.699997,0,0,0,1,1,1,1
Newfoundland and Labrador,2019-02-01,Non-students,67.5,83.5,19.200001,2019-02-01,Newfoundland and Labrador,0,0,0,0,01feb2019,2019m2,2019,2,0,0,0,0,1,0,0,0,0,0,0,0,1,0,0,0,0,0,0,0,0,0,0,32.5,0,0,0,1,1,1,1
Newfoundland and Labrador,2019-03-01,Non-students,62.400002,83.199997,25,2019-03-01,Newfoundland and Labrador,0,0,0,0,01mar2019,2019m3,2019,3,0,0,0,0,1,0,0,0,0,0,0,0,0,1,0,0,0,0,0,0,0,0,0,37.599998,0,0,0,1,1,1,1
Newfoundland and Labrador,2019-04-01,Non-students,64.099998,82.800003,22.5,2019-04-01,Newfoundland and Labrador,0,0,0,0,01apr2019,2019m4,2019,4,0,0,0,0,1,0,0,0,0,0,0,0,0,0,1,0,0,0,0,0,0,0,0,35.900002,0,0,0,1,1,1,1
Newfoundland and Labrador,2019-09-01,Non-students,71.199997,84.300003,15.5,2019-09-01,Newfoundland and Labrador,0,0,0,0,01sep2019,2019m9,2019,9,0,0,0,0,1,0,0,0,0,0,0,0,0,0,0,1,0,0,0,0,0,0,0,28.800003,0,0,0,1,1,1,1
Newfoundland and Labrador,2019-10-01,Non-students,68.800003,82.599998,16.1,2019-10-01,Newfoundland and Labrador,0,0,0,0,01oct2019,2019m10,2019,10,0,0,0,0,1,0,0,0,0,0,0,0,0,0,0,0,1,0,0,0,0,0,0,31.199997,0,0,0,1,1,1,1
Newfoundland and Labrador,2019-11-01,Non-students,66.400002,77.300003,14.1,2019-11-01,Newfoundland and Labrador,0,0,0,0,01nov2019,2019m11,2019,11,0,0,0,0,1,0,0,0,0,0,0,0,0,0,0,0,0,1,0,0,0,0,0,33.599998,0,0,0,1,1,1,1
Newfoundland and Labrador,2019-12-01,Non-students,70.300003,84.699997,16.5,2019-12-01,Newfoundland and Labrador,0,0,0,0,01dec2019,2019m12,2019,12,0,0,0,0,1,0,0,0,0,0,0,0,0,0,0,0,0,0,1,0,0,0,0,29.699997,0,0,0,1,1,1,1
Newfoundland and Labrador,2020-01-01,Non-students,64.599998,83.599998,22.799999,2020-01-01,Newfoundland and Labrador,0,0,0,0,01jan2020,2020m1,2020,1,0,0,0,0,0,1,0,0,0,0,0,1,0,0,0,0,0,0,0,0,0,0,0,35.400002,0,0,0,1,1,1,1
Newfoundland and Labrador,2020-02-01,Non-students,70.599998,86.800003,18.700001,2020-02-01,Newfoundland and Labrador,0,0,0,0,01feb2020,2020m2,2020,2,0,0,0,0,0,1,0,0,0,0,0,0,1,0,0,0,0,0,0,0,0,0,0,29.400002,0,0,0,1,1,1,1
Newfoundland and Labrador,2020-03-01,Non-students,59.599998,72.099998,17.299999,2020-03-01,Newfoundland and Labrador,0,1,0,0,01mar2020,2020m3,2020,3,0,0,0,0,0,1,0,0,0,0,0,0,0,1,0,0,0,0,0,0,0,0,0,40.400002,0,0,0,1,1,1,1
Newfoundland and Labrador,2020-04-01,Non-students,49.799999,68.699997,27.5,2020-04-01,Newfoundland and Labrador,0,1,0,0,01apr2020,2020m4,2020,4,0,0,0,0,0,1,0,0,0,0,0,0,0,0,1,0,0,0,0,0,0,0,0,50.200001,0,0,0,1,1,1,1
Newfoundland and Labrador,2020-09-01,Non-students,65,82.099998,20.299999,2020-09-01,Newfoundland and Labrador,0,1,0,0,01sep2020,2020m9,2020,9,0,0,0,0,0,1,0,0,0,0,0,0,0,0,0,1,0,0,0,0,0,0,0,35,0,0,0,1,1,1,1
Newfoundland and Labrador,2020-10-01,Non-students,69.699997,83.900002,16.9,2020-10-01,Newfoundland and Labrador,0,1,0,0,01oct2020,2020m10,2020,10,0,0,0,0,0,1,0,0,0,0,0,0,0,0,0,0,1,0,0,0,0,0,0,30.300003,0,0,0,1,1,1,1
Newfoundland and Labrador,2020-11-01,Non-students,70.900002,85,16.6,2020-11-01,Newfoundland and Labrador,0,1,0,0,01nov2020,2020m11,2020,11,0,0,0,0,0,1,0,0,0,0,0,0,0,0,0,0,0,1,0,0,0,0,0,29.099998,0,0,0,1,1,1,1
Newfoundland and Labrador,2020-12-01,Non-students,65,80.599998,19.4,2020-12-01,Newfoundland and Labrador,0,1,0,0,01dec2020,2020m12,2020,12,0,0,0,0,0,1,0,0,0,0,0,0,0,0,0,0,0,0,1,0,0,0,0,35,0,0,0,1,1,1,1
Newfoundland and Labrador,2021-01-01,Non-students,62.299999,83.900002,25.700001,2021-01-01,Newfoundland and Labrador,0,1,0,0,01jan2021,2021m1,2021,1,0,0,0,0,0,0,1,0,0,0,0,1,0,0,0,0,0,0,0,0,0,0,0,37.700001,0,0,0,1,1,1,1
Newfoundland and Labrador,2021-02-01,Non-students,56.400002,71.599998,21.299999,2021-02-01,Newfoundland and Labrador,0,1,0,0,01feb2021,2021m2,2021,2,0,0,0,0,0,0,1,0,0,0,0,0,1,0,0,0,0,0,0,0,0,0,0,43.599998,0,0,0,1,1,1,1
Newfoundland and Labrador,2021-03-01,Non-students,69.300003,83,17.1,2021-03-01,Newfoundland and Labrador,0,1,0,0,01mar2021,2021m3,2021,3,0,0,0,0,0,0,1,0,0,0,0,0,0,1,0,0,0,0,0,0,0,0,0,30.699997,0,0,0,1,1,1,1
Newfoundland and Labrador,2021-04-01,Non-students,64.5,92.099998,29.9,2021-04-01,Newfoundland and Labrador,0,1,0,0,01apr2021,2021m4,2021,4,0,0,0,0,0,0,1,0,0,0,0,0,0,0,1,0,0,0,0,0,0,0,0,35.5,0,0,0,1,1,1,1
Newfoundland and Labrador,2021-09-01,Non-students,72,88,18.200001,2021-09-01,Newfoundland and Labrador,0,1,0,0,01sep2021,2021m9,2021,9,0,0,0,0,0,0,1,0,0,0,0,0,0,0,0,1,0,0,0,0,0,0,0,28,0,0,0,1,1,1,1
Newfoundland and Labrador,2021-10-01,Non-students,66.099998,87.099998,24.700001,2021-10-01,Newfoundland and Labrador,0,1,0,0,01oct2021,2021m10,2021,10,0,0,0,0,0,0,1,0,0,0,0,0,0,0,0,0,1,0,0,0,0,0,0,33.900002,0,0,0,1,1,1,1
Newfoundland and Labrador,2021-11-01,Non-students,64.300003,82.699997,22.200001,2021-11-01,Newfoundland and Labrador,0,1,0,0,01nov2021,2021m11,2021,11,0,0,0,0,0,0,1,0,0,0,0,0,0,0,0,0,0,1,0,0,0,0,0,35.699997,0,0,0,1,1,1,1
Newfoundland and Labrador,2021-12-01,Non-students,66.5,86.400002,23,2021-12-01,Newfoundland and Labrador,0,1,0,0,01dec2021,2021m12,2021,12,0,0,0,0,0,0,1,0,0,0,0,0,0,0,0,0,0,0,1,0,0,0,0,33.5,0,0,0,1,1,1,1
Newfoundland and Labrador,2022-01-01,Non-students,61.900002,80.099998,22.700001,2022-01-01,Newfoundland and Labrador,0,1,0,0,01jan2022,2022m1,2022,1,0,0,0,0,0,0,0,1,0,0,0,1,0,0,0,0,0,0,0,0,0,0,0,38.099998,0,0,0,1,1,1,1
Newfoundland and Labrador,2022-02-01,Non-students,70.099998,85.5,18,2022-02-01,Newfoundland and Labrador,0,1,0,0,01feb2022,2022m2,2022,2,0,0,0,0,0,0,0,1,0,0,0,0,1,0,0,0,0,0,0,0,0,0,0,29.900002,0,0,0,1,1,1,1
Newfoundland and Labrador,2022-03-01,Non-students,61.599998,77.800003,20.799999,2022-03-01,Newfoundland and Labrador,0,1,0,0,01mar2022,2022m3,2022,3,0,0,0,0,0,0,0,1,0,0,0,0,0,1,0,0,0,0,0,0,0,0,0,38.400002,0,0,0,1,1,1,1
Newfoundland and Labrador,2022-04-01,Non-students,67,84.900002,21.1,2022-04-01,Newfoundland and Labrador,0,1,0,0,01apr2022,2022m4,2022,4,0,0,0,0,0,0,0,1,0,0,0,0,0,0,1,0,0,0,0,0,0,0,0,33,0,0,0,1,1,1,1
Newfoundland and Labrador,2022-09-01,Non-students,66.699997,79.400002,16,2022-09-01,Newfoundland and Labrador,0,1,0,0,01sep2022,2022m9,2022,9,0,0,0,0,0,0,0,1,0,0,0,0,0,0,0,1,0,0,0,0,0,0,0,33.300003,0,0,0,1,1,1,1
Newfoundland and Labrador,2022-10-01,Non-students,66.800003,85.199997,21.6,2022-10-01,Newfoundland and Labrador,0,1,0,0,01oct2022,2022m10,2022,10,0,0,0,0,0,0,0,1,0,0,0,0,0,0,0,0,1,0,0,0,0,0,0,33.199997,0,0,0,1,1,1,1
Newfoundland and Labrador,2022-11-01,Non-students,70.099998,81.300003,13.8,2022-11-01,Newfoundland and Labrador,0,1,0,0,01nov2022,2022m11,2022,11,0,0,0,0,0,0,0,1,0,0,0,0,0,0,0,0,0,1,0,0,0,0,0,29.900002,0,0,0,1,1,1,1
Newfoundland and Labrador,2022-12-01,Non-students,70.400002,86,17.5,2022-12-01,Newfoundland and Labrador,0,1,0,0,01dec2022,2022m12,2022,12,0,0,0,0,0,0,0,1,0,0,0,0,0,0,0,0,0,0,1,0,0,0,0,29.599998,0,0,0,1,1,1,1
Newfoundland and Labrador,2023-01-01,Non-students,69.199997,87,21.1,2023-01-01,Newfoundland and Labrador,0,1,0,0,01jan2023,2023m1,2023,1,0,0,0,0,0,0,0,0,1,0,0,1,0,0,0,0,0,0,0,0,0,0,0,30.800003,0,0,0,1,1,1,1
Newfoundland and Labrador,2023-02-01,Non-students,70.199997,89.5,21.6,2023-02-01,Newfoundland and Labrador,0,1,0,0,01feb2023,2023m2,2023,2,0,0,0,0,0,0,0,0,1,0,0,0,1,0,0,0,0,0,0,0,0,0,0,29.800003,0,0,0,1,1,1,1
Newfoundland and Labrador,2023-03-01,Non-students,65.5,83,21.1,2023-03-01,Newfoundland and Labrador,0,1,0,0,01mar2023,2023m3,2023,3,0,0,0,0,0,0,0,0,1,0,0,0,0,1,0,0,0,0,0,0,0,0,0,34.5,0,0,0,1,1,1,1
Newfoundland and Labrador,2023-04-01,Non-students,65.599998,81.699997,20.200001,2023-04-01,Newfoundland and Labrador,0,1,0,0,01apr2023,2023m4,2023,4,0,0,0,0,0,0,0,0,1,0,0,0,0,0,1,0,0,0,0,0,0,0,0,34.400002,0,0,0,1,1,1,1
Newfoundland and Labrador,2023-09-01,Non-students,76.900002,85.599998,10.2,2023-09-01,Newfoundland and Labrador,0,1,0,0,01sep2023,2023m9,2023,9,0,0,0,0,0,0,0,0,1,0,0,0,0,0,0,1,0,0,0,0,0,0,0,23.099998,0,0,0,1,1,1,1
Newfoundland and Labrador,2023-10-01,Non-students,71.599998,81.900002,12,2023-10-01,Newfoundland and Labrador,0,1,0,0,01oct2023,2023m10,2023,10,0,0,0,0,0,0,0,0,1,0,0,0,0,0,0,0,1,0,0,0,0,0,0,28.400002,0,0,0,1,1,1,1
Newfoundland and Labrador,2023-11-01,Non-students,75.300003,86.300003,12.2,2023-11-01,Newfoundland and Labrador,0,1,0,0,01nov2023,2023m11,2023,11,0,0,0,0,0,0,0,0,1,0,0,0,0,0,0,0,0,1,0,0,0,0,0,24.699997,0,0,0,1,1,1,1
Newfoundland and Labrador,2023-12-01,Non-students,67.5,82,17.799999,2023-12-01,Newfoundland and Labrador,0,1,0,0,01dec2023,2023m12,2023,12,0,0,0,0,0,0,0,0,1,0,0,0,0,0,0,0,0,0,1,0,0,0,0,32.5,0,0,0,1,1,1,1
Newfoundland and Labrador,2024-01-01,Non-students,70.099998,82.599998,15.1,2024-01-01,Newfoundland and Labrador,0,1,0,0,01jan2024,2024m1,2024,1,0,0,0,0,0,0,0,0,0,1,0,1,0,0,0,0,0,0,0,0,0,0,0,29.900002,0,0,0,1,1,1,1
Newfoundland and Labrador,2024-02-01,Non-students,75.300003,88.099998,14.5,2024-02-01,Newfoundland and Labrador,0,1,0,0,01feb2024,2024m2,2024,2,0,0,0,0,0,0,0,0,0,1,0,0,1,0,0,0,0,0,0,0,0,0,0,24.699997,0,0,0,1,1,1,1
Newfoundland and Labrador,2024-03-01,Non-students,73.5,89,16.9,2024-03-01,Newfoundland and Labrador,0,1,0,0,01mar2024,2024m3,2024,3,0,0,0,0,0,0,0,0,0,1,0,0,0,1,0,0,0,0,0,0,0,0,0,26.5,0,0,0,1,1,1,1
Newfoundland and Labrador,2024-04-01,Non-students,74.300003,88.099998,15.6,2024-04-01,Newfoundland and Labrador,0,1,0,0,01apr2024,2024m4,2024,4,0,0,0,0,0,0,0,0,0,1,0,0,0,0,1,0,0,0,0,0,0,0,0,25.699997,0,0,0,1,1,1,1
Newfoundland and Labrador,2024-09-01,Non-students,68.800003,79.900002,13.8,2024-09-01,Newfoundland and Labrador,0,1,0,0,01sep2024,2024m9,2024,9,0,0,0,0,0,0,0,0,0,1,0,0,0,0,0,1,0,0,0,0,0,0,0,31.199997,0,0,0,1,1,1,1
Newfoundland and Labrador,2024-10-01,Non-students,71.900002,84.400002,14.9,2024-10-01,Newfoundland and Labrador,0,1,0,0,01oct2024,2024m10,2024,10,0,0,0,0,0,0,0,0,0,1,0,0,0,0,0,0,1,0,0,0,0,0,0,28.099998,0,0,0,1,1,1,1
Newfoundland and Labrador,2024-11-01,Non-students,73.099998,83.699997,13.2,2024-11-01,Newfoundland and Labrador,0,1,0,0,01nov2024,2024m11,2024,11,0,0,0,0,0,0,0,0,0,1,0,0,0,0,0,0,0,1,0,0,0,0,0,26.900002,0,0,0,1,1,1,1
Newfoundland and Labrador,2024-12-01,Non-students,73,86.699997,15.9,2024-12-01,Newfoundland and Labrador,0,1,0,0,01dec2024,2024m12,2024,12,0,0,0,0,0,0,0,0,0,1,0,0,0,0,0,0,0,0,1,0,0,0,0,27,0,0,0,1,1,1,1
Newfoundland and Labrador,2025-01-01,Non-students,67.699997,84.800003,20.200001,2025-01-01,Newfoundland and Labrador,0,1,0,0,01jan2025,2025m1,2025,1,0,0,0,0,0,0,0,0,0,0,1,1,0,0,0,0,0,0,0,0,0,0,0,32.300003,0,0,0,1,1,1,1
Newfoundland and Labrador,2025-02-01,Non-students,70.400002,86.699997,18.799999,2025-02-01,Newfoundland and Labrador,0,1,0,0,01feb2025,2025m2,2025,2,0,0,0,0,0,0,0,0,0,0,1,0,1,0,0,0,0,0,0,0,0,0,0,29.599998,0,0,0,1,1,1,1
Newfoundland and Labrador,2025-03-01,Non-students,67,83.800003,20.6,2025-03-01,Newfoundland and Labrador,0,1,0,0,01mar2025,2025m3,2025,3,0,0,0,0,0,0,0,0,0,0,1,0,0,1,0,0,0,0,0,0,0,0,0,33,0,0,0,1,1,1,1
Newfoundland and Labrador,2025-04-01,Non-students,67.300003,87.599998,23.200001,2025-04-01,Newfoundland and Labrador,0,1,0,0,01apr2025,2025m4,2025,4,0,0,0,0,0,0,0,0,0,0,1,0,0,0,1,0,0,0,0,0,0,0,0,32.699997,0,0,0,1,1,1,1
Newfoundland and Labrador,2025-09-01,Non-students,73,85,14.1,2025-09-01,Newfoundland and Labrador,0,1,0,0,01sep2025,2025m9,2025,9,0,0,0,0,0,0,0,0,0,0,1,0,0,0,0,1,0,0,0,0,0,0,0,27,0,0,0,1,1,1,1
Newfoundland and Labrador,2025-10-01,Non-students,72.199997,85.199997,15.3,2025-10-01,Newfoundland and Labrador,0,1,0,0,01oct2025,2025m10,2025,10,0,0,0,0,0,0,0,0,0,0,1,0,0,0,0,0,1,0,0,0,0,0,0,27.800003,0,0,0,1,1,1,1
Newfoundland and Labrador,2025-11-01,Non-students,67.699997,82.300003,17.700001,2025-11-01,Newfoundland and Labrador,0,1,0,0,01nov2025,2025m11,2025,11,0,0,0,0,0,0,0,0,0,0,1,0,0,0,0,0,0,1,0,0,0,0,0,32.300003,0,0,0,1,1,1,1
Newfoundland and Labrador,2025-12-01,Non-students,70.199997,84.699997,17,2025-12-01,Newfoundland and Labrador,0,1,0,0,01dec2025,2025m12,2025,12,0,0,0,0,0,0,0,0,0,0,1,0,0,0,0,0,0,0,1,0,0,0,0,29.800003,0,0,0,1,1,1,1
Nova Scotia,2015-01-01,Non-students,77.5,91.800003,15.3,2015-01-01,Nova Scotia,0,0,0,0,01jan2015,2015m1,2015,1,1,0,0,0,0,0,0,0,0,0,0,1,0,0,0,0,0,0,0,0,0,0,0,22.5,0,0,0,1,1,1,1
Nova Scotia,2015-02-01,Non-students,72.599998,90.599998,19.9,2015-02-01,Nova Scotia,0,0,0,0,01feb2015,2015m2,2015,2,1,0,0,0,0,0,0,0,0,0,0,0,1,0,0,0,0,0,0,0,0,0,0,27.400002,0,0,0,1,1,1,1
Nova Scotia,2015-03-01,Non-students,73.099998,88.800003,17.700001,2015-03-01,Nova Scotia,0,0,0,0,01mar2015,2015m3,2015,3,1,0,0,0,0,0,0,0,0,0,0,0,0,1,0,0,0,0,0,0,0,0,0,26.900002,0,0,0,1,1,1,1
Nova Scotia,2015-04-01,Non-students,72.300003,88.400002,18.299999,2015-04-01,Nova Scotia,0,0,0,0,01apr2015,2015m4,2015,4,1,0,0,0,0,0,0,0,0,0,0,0,0,0,1,0,0,0,0,0,0,0,0,27.699997,0,0,0,1,1,1,1
Nova Scotia,2015-09-01,Non-students,74.699997,86.800003,14,2015-09-01,Nova Scotia,0,0,0,0,01sep2015,2015m9,2015,9,1,0,0,0,0,0,0,0,0,0,0,0,0,0,0,1,0,0,0,0,0,0,0,25.300003,0,0,0,1,1,1,1
Nova Scotia,2015-10-01,Non-students,76.199997,89,14.4,2015-10-01,Nova Scotia,0,0,0,0,01oct2015,2015m10,2015,10,1,0,0,0,0,0,0,0,0,0,0,0,0,0,0,0,1,0,0,0,0,0,0,23.800003,0,0,0,1,1,1,1
Nova Scotia,2015-11-01,Non-students,77.400002,89.199997,13.2,2015-11-01,Nova Scotia,0,0,0,0,01nov2015,2015m11,2015,11,1,0,0,0,0,0,0,0,0,0,0,0,0,0,0,0,0,1,0,0,0,0,0,22.599998,0,0,0,1,1,1,1
Nova Scotia,2015-12-01,Non-students,74.800003,86.699997,13.7,2015-12-01,Nova Scotia,0,0,0,0,01dec2015,2015m12,2015,12,1,0,0,0,0,0,0,0,0,0,0,0,0,0,0,0,0,0,1,0,0,0,0,25.199997,0,0,0,1,1,1,1
Nova Scotia,2016-01-01,Non-students,74.900002,87,13.9,2016-01-01,Nova Scotia,0,0,0,0,01jan2016,2016m1,2016,1,0,1,0,0,0,0,0,0,0,0,0,1,0,0,0,0,0,0,0,0,0,0,0,25.099998,0,0,0,1,1,1,1
Nova Scotia,2016-02-01,Non-students,75.5,86.099998,12.3,2016-02-01,Nova Scotia,0,0,0,0,01feb2016,2016m2,2016,2,0,1,0,0,0,0,0,0,0,0,0,0,1,0,0,0,0,0,0,0,0,0,0,24.5,0,0,0,1,1,1,1
Nova Scotia,2016-03-01,Non-students,74.300003,87.800003,15.6,2016-03-01,Nova Scotia,0,0,0,0,01mar2016,2016m3,2016,3,0,1,0,0,0,0,0,0,0,0,0,0,0,1,0,0,0,0,0,0,0,0,0,25.699997,0,0,0,1,1,1,1
Nova Scotia,2016-04-01,Non-students,76.800003,89.699997,14.4,2016-04-01,Nova Scotia,0,0,0,0,01apr2016,2016m4,2016,4,0,1,0,0,0,0,0,0,0,0,0,0,0,0,1,0,0,0,0,0,0,0,0,23.199997,0,0,0,1,1,1,1
Nova Scotia,2016-09-01,Non-students,73.800003,84.300003,12.8,2016-09-01,Nova Scotia,0,0,0,0,01sep2016,2016m9,2016,9,0,1,0,0,0,0,0,0,0,0,0,0,0,0,0,1,0,0,0,0,0,0,0,26.199997,0,0,0,1,1,1,1
Nova Scotia,2016-10-01,Non-students,70.5,83.599998,15.6,2016-10-01,Nova Scotia,0,0,0,0,01oct2016,2016m10,2016,10,0,1,0,0,0,0,0,0,0,0,0,0,0,0,0,0,1,0,0,0,0,0,0,29.5,0,0,0,1,1,1,1
Nova Scotia,2016-11-01,Non-students,74.300003,85.900002,13.5,2016-11-01,Nova Scotia,0,0,0,0,01nov2016,2016m11,2016,11,0,1,0,0,0,0,0,0,0,0,0,0,0,0,0,0,0,1,0,0,0,0,0,25.699997,0,0,0,1,1,1,1
Nova Scotia,2016-12-01,Non-students,74.699997,85.199997,12.4,2016-12-01,Nova Scotia,0,0,0,0,01dec2016,2016m12,2016,12,0,1,0,0,0,0,0,0,0,0,0,0,0,0,0,0,0,0,1,0,0,0,0,25.300003,0,0,0,1,1,1,1
Nova Scotia,2017-01-01,Non-students,71.300003,85.199997,16.299999,2017-01-01,Nova Scotia,0,0,0,0,01jan2017,2017m1,2017,1,0,0,1,0,0,0,0,0,0,0,0,1,0,0,0,0,0,0,0,0,0,0,0,28.699997,0,0,0,1,1,1,1
Nova Scotia,2017-02-01,Non-students,74.800003,85.800003,12.8,2017-02-01,Nova Scotia,0,0,0,0,01feb2017,2017m2,2017,2,0,0,1,0,0,0,0,0,0,0,0,0,1,0,0,0,0,0,0,0,0,0,0,25.199997,0,0,0,1,1,1,1
Nova Scotia,2017-03-01,Non-students,66.5,82.900002,20.1,2017-03-01,Nova Scotia,0,0,0,0,01mar2017,2017m3,2017,3,0,0,1,0,0,0,0,0,0,0,0,0,0,1,0,0,0,0,0,0,0,0,0,33.5,0,0,0,1,1,1,1
Nova Scotia,2017-04-01,Non-students,73.5,85.599998,14.2,2017-04-01,Nova Scotia,0,0,0,0,01apr2017,2017m4,2017,4,0,0,1,0,0,0,0,0,0,0,0,0,0,0,1,0,0,0,0,0,0,0,0,26.5,0,0,0,1,1,1,1
Nova Scotia,2017-09-01,Non-students,73.599998,87.400002,15.8,2017-09-01,Nova Scotia,0,0,0,0,01sep2017,2017m9,2017,9,0,0,1,0,0,0,0,0,0,0,0,0,0,0,0,1,0,0,0,0,0,0,0,26.400002,0,0,0,1,1,1,1
Nova Scotia,2017-10-01,Non-students,75.400002,87.599998,13.9,2017-10-01,Nova Scotia,0,0,0,0,01oct2017,2017m10,2017,10,0,0,1,0,0,0,0,0,0,0,0,0,0,0,0,0,1,0,0,0,0,0,0,24.599998,0,0,0,1,1,1,1
Nova Scotia,2017-11-01,Non-students,72.5,88.400002,18.200001,2017-11-01,Nova Scotia,0,0,0,0,01nov2017,2017m11,2017,11,0,0,1,0,0,0,0,0,0,0,0,0,0,0,0,0,0,1,0,0,0,0,0,27.5,0,0,0,1,1,1,1
Nova Scotia,2017-12-01,Non-students,75.400002,89.400002,15.7,2017-12-01,Nova Scotia,0,0,0,0,01dec2017,2017m12,2017,12,0,0,1,0,0,0,0,0,0,0,0,0,0,0,0,0,0,0,1,0,0,0,0,24.599998,0,0,0,1,1,1,1
Nova Scotia,2018-01-01,Non-students,71.5,86.099998,16.700001,2018-01-01,Nova Scotia,0,0,0,0,01jan2018,2018m1,2018,1,0,0,0,1,0,0,0,0,0,0,0,1,0,0,0,0,0,0,0,0,0,0,0,28.5,0,0,0,1,1,1,1
Nova Scotia,2018-02-01,Non-students,72.199997,87.199997,17.200001,2018-02-01,Nova Scotia,0,0,0,0,01feb2018,2018m2,2018,2,0,0,0,1,0,0,0,0,0,0,0,0,1,0,0,0,0,0,0,0,0,0,0,27.800003,0,0,0,1,1,1,1
Nova Scotia,2018-03-01,Non-students,69.5,83.900002,17.5,2018-03-01,Nova Scotia,0,0,0,0,01mar2018,2018m3,2018,3,0,0,0,1,0,0,0,0,0,0,0,0,0,1,0,0,0,0,0,0,0,0,0,30.5,0,0,0,1,1,1,1
Nova Scotia,2018-04-01,Non-students,69.900002,85.599998,18.299999,2018-04-01,Nova Scotia,0,0,0,0,01apr2018,2018m4,2018,4,0,0,0,1,0,0,0,0,0,0,0,0,0,0,1,0,0,0,0,0,0,0,0,30.099998,0,0,0,1,1,1,1
Nova Scotia,2018-09-01,Non-students,79,90.900002,13.1,2018-09-01,Nova Scotia,0,0,0,0,01sep2018,2018m9,2018,9,0,0,0,1,0,0,0,0,0,0,0,0,0,0,0,1,0,0,0,0,0,0,0,21,0,0,0,1,1,1,1
Nova Scotia,2018-10-01,Non-students,74.900002,89,15.9,2018-10-01,Nova Scotia,0,0,0,0,01oct2018,2018m10,2018,10,0,0,0,1,0,0,0,0,0,0,0,0,0,0,0,0,1,0,0,0,0,0,0,25.099998,0,0,0,1,1,1,1
Nova Scotia,2018-11-01,Non-students,75.599998,88.5,14.7,2018-11-01,Nova Scotia,0,0,0,0,01nov2018,2018m11,2018,11,0,0,0,1,0,0,0,0,0,0,0,0,0,0,0,0,0,1,0,0,0,0,0,24.400002,0,0,0,1,1,1,1
Nova Scotia,2018-12-01,Non-students,78.400002,89.900002,12.5,2018-12-01,Nova Scotia,0,0,0,0,01dec2018,2018m12,2018,12,0,0,0,1,0,0,0,0,0,0,0,0,0,0,0,0,0,0,1,0,0,0,0,21.599998,0,0,0,1,1,1,1
Nova Scotia,2019-01-01,Non-students,73.099998,85.099998,14.1,2019-01-01,Nova Scotia,0,0,0,0,01jan2019,2019m1,2019,1,0,0,0,0,1,0,0,0,0,0,0,1,0,0,0,0,0,0,0,0,0,0,0,26.900002,0,0,0,1,1,1,1
Nova Scotia,2019-02-01,Non-students,72.5,87,16.4,2019-02-01,Nova Scotia,0,0,0,0,01feb2019,2019m2,2019,2,0,0,0,0,1,0,0,0,0,0,0,0,1,0,0,0,0,0,0,0,0,0,0,27.5,0,0,0,1,1,1,1
Nova Scotia,2019-03-01,Non-students,74.599998,87.699997,14.6,2019-03-01,Nova Scotia,0,0,0,0,01mar2019,2019m3,2019,3,0,0,0,0,1,0,0,0,0,0,0,0,0,1,0,0,0,0,0,0,0,0,0,25.400002,0,0,0,1,1,1,1
Nova Scotia,2019-04-01,Non-students,74.900002,88.199997,15,2019-04-01,Nova Scotia,0,0,0,0,01apr2019,2019m4,2019,4,0,0,0,0,1,0,0,0,0,0,0,0,0,0,1,0,0,0,0,0,0,0,0,25.099998,0,0,0,1,1,1,1
Nova Scotia,2019-09-01,Non-students,80.599998,89.599998,10,2019-09-01,Nova Scotia,0,0,0,0,01sep2019,2019m9,2019,9,0,0,0,0,1,0,0,0,0,0,0,0,0,0,0,1,0,0,0,0,0,0,0,19.400002,0,0,0,1,1,1,1
Nova Scotia,2019-10-01,Non-students,79.300003,90.400002,12.2,2019-10-01,Nova Scotia,0,0,0,0,01oct2019,2019m10,2019,10,0,0,0,0,1,0,0,0,0,0,0,0,0,0,0,0,1,0,0,0,0,0,0,20.699997,0,0,0,1,1,1,1
Nova Scotia,2019-11-01,Non-students,78.599998,90.300003,12.9,2019-11-01,Nova Scotia,0,0,0,0,01nov2019,2019m11,2019,11,0,0,0,0,1,0,0,0,0,0,0,0,0,0,0,0,0,1,0,0,0,0,0,21.400002,0,0,0,1,1,1,1
Nova Scotia,2019-12-01,Non-students,78.400002,87.199997,10.1,2019-12-01,Nova Scotia,0,0,0,0,01dec2019,2019m12,2019,12,0,0,0,0,1,0,0,0,0,0,0,0,0,0,0,0,0,0,1,0,0,0,0,21.599998,0,0,0,1,1,1,1
Nova Scotia,2020-01-01,Non-students,75,85,12.1,2020-01-01,Nova Scotia,0,0,0,0,01jan2020,2020m1,2020,1,0,0,0,0,0,1,0,0,0,0,0,1,0,0,0,0,0,0,0,0,0,0,0,25,0,0,0,1,1,1,1
Nova Scotia,2020-02-01,Non-students,73.5,85.699997,14.3,2020-02-01,Nova Scotia,0,0,0,0,01feb2020,2020m2,2020,2,0,0,0,0,0,1,0,0,0,0,0,0,1,0,0,0,0,0,0,0,0,0,0,26.5,0,0,0,1,1,1,1
Nova Scotia,2020-03-01,Non-students,62.799999,77.800003,19.299999,2020-03-01,Nova Scotia,0,1,0,0,01mar2020,2020m3,2020,3,0,0,0,0,0,1,0,0,0,0,0,0,0,1,0,0,0,0,0,0,0,0,0,37.200001,0,0,0,1,1,1,1
Nova Scotia,2020-04-01,Non-students,46.400002,67.300003,31.299999,2020-04-01,Nova Scotia,0,1,0,0,01apr2020,2020m4,2020,4,0,0,0,0,0,1,0,0,0,0,0,0,0,0,1,0,0,0,0,0,0,0,0,53.599998,0,0,0,1,1,1,1
Nova Scotia,2020-09-01,Non-students,77.300003,84.699997,9,2020-09-01,Nova Scotia,0,1,0,0,01sep2020,2020m9,2020,9,0,0,0,0,0,1,0,0,0,0,0,0,0,0,0,1,0,0,0,0,0,0,0,22.699997,0,0,0,1,1,1,1
Nova Scotia,2020-10-01,Non-students,73.300003,86,14.7,2020-10-01,Nova Scotia,0,1,0,0,01oct2020,2020m10,2020,10,0,0,0,0,0,1,0,0,0,0,0,0,0,0,0,0,1,0,0,0,0,0,0,26.699997,0,0,0,1,1,1,1
Nova Scotia,2020-11-01,Non-students,79.400002,88.599998,10.4,2020-11-01,Nova Scotia,0,1,0,0,01nov2020,2020m11,2020,11,0,0,0,0,0,1,0,0,0,0,0,0,0,0,0,0,0,1,0,0,0,0,0,20.599998,0,0,0,1,1,1,1
Nova Scotia,2020-12-01,Non-students,78.5,88.300003,11.1,2020-12-01,Nova Scotia,0,1,0,0,01dec2020,2020m12,2020,12,0,0,0,0,0,1,0,0,0,0,0,0,0,0,0,0,0,0,1,0,0,0,0,21.5,0,0,0,1,1,1,1
Nova Scotia,2021-01-01,Non-students,72.199997,90.599998,20.299999,2021-01-01,Nova Scotia,0,1,0,0,01jan2021,2021m1,2021,1,0,0,0,0,0,0,1,0,0,0,0,1,0,0,0,0,0,0,0,0,0,0,0,27.800003,0,0,0,1,1,1,1
Nova Scotia,2021-02-01,Non-students,74.699997,86.5,13.6,2021-02-01,Nova Scotia,0,1,0,0,01feb2021,2021m2,2021,2,0,0,0,0,0,0,1,0,0,0,0,0,1,0,0,0,0,0,0,0,0,0,0,25.300003,0,0,0,1,1,1,1
Nova Scotia,2021-03-01,Non-students,78,91.400002,14.5,2021-03-01,Nova Scotia,0,1,0,0,01mar2021,2021m3,2021,3,0,0,0,0,0,0,1,0,0,0,0,0,0,1,0,0,0,0,0,0,0,0,0,22,0,0,0,1,1,1,1
Nova Scotia,2021-04-01,Non-students,80.5,92.599998,13,2021-04-01,Nova Scotia,0,1,0,0,01apr2021,2021m4,2021,4,0,0,0,0,0,0,1,0,0,0,0,0,0,0,1,0,0,0,0,0,0,0,0,19.5,0,0,0,1,1,1,1
Nova Scotia,2021-09-01,Non-students,80.400002,88.900002,9.6000004,2021-09-01,Nova Scotia,0,1,0,0,01sep2021,2021m9,2021,9,0,0,0,0,0,0,1,0,0,0,0,0,0,0,0,1,0,0,0,0,0,0,0,19.599998,0,0,0,1,1,1,1
Nova Scotia,2021-10-01,Non-students,81.199997,88.800003,8.6000004,2021-10-01,Nova Scotia,0,1,0,0,01oct2021,2021m10,2021,10,0,0,0,0,0,0,1,0,0,0,0,0,0,0,0,0,1,0,0,0,0,0,0,18.800003,0,0,0,1,1,1,1
Nova Scotia,2021-11-01,Non-students,75.699997,89.699997,15.6,2021-11-01,Nova Scotia,0,1,0,0,01nov2021,2021m11,2021,11,0,0,0,0,0,0,1,0,0,0,0,0,0,0,0,0,0,1,0,0,0,0,0,24.300003,0,0,0,1,1,1,1
Nova Scotia,2021-12-01,Non-students,75.300003,85.5,11.7,2021-12-01,Nova Scotia,0,1,0,0,01dec2021,2021m12,2021,12,0,0,0,0,0,0,1,0,0,0,0,0,0,0,0,0,0,0,1,0,0,0,0,24.699997,0,0,0,1,1,1,1
Nova Scotia,2022-01-01,Non-students,76.800003,85.199997,9.8999996,2022-01-01,Nova Scotia,0,1,0,0,01jan2022,2022m1,2022,1,0,0,0,0,0,0,0,1,0,0,0,1,0,0,0,0,0,0,0,0,0,0,0,23.199997,0,0,0,1,1,1,1
Nova Scotia,2022-02-01,Non-students,79.300003,89.400002,11.6,2022-02-01,Nova Scotia,0,1,0,0,01feb2022,2022m2,2022,2,0,0,0,0,0,0,0,1,0,0,0,0,1,0,0,0,0,0,0,0,0,0,0,20.699997,0,0,0,1,1,1,1
Nova Scotia,2022-03-01,Non-students,78.300003,87.900002,11,2022-03-01,Nova Scotia,0,1,0,0,01mar2022,2022m3,2022,3,0,0,0,0,0,0,0,1,0,0,0,0,0,1,0,0,0,0,0,0,0,0,0,21.699997,0,0,0,1,1,1,1
Nova Scotia,2022-04-01,Non-students,78.300003,89.099998,12,2022-04-01,Nova Scotia,0,1,0,0,01apr2022,2022m4,2022,4,0,0,0,0,0,0,0,1,0,0,0,0,0,0,1,0,0,0,0,0,0,0,0,21.699997,0,0,0,1,1,1,1
Nova Scotia,2022-09-01,Non-students,80.400002,91.599998,12.4,2022-09-01,Nova Scotia,0,1,0,0,01sep2022,2022m9,2022,9,0,0,0,0,0,0,0,1,0,0,0,0,0,0,0,1,0,0,0,0,0,0,0,19.599998,0,0,0,1,1,1,1
Nova Scotia,2022-10-01,Non-students,77.599998,88.400002,12.2,2022-10-01,Nova Scotia,0,1,0,0,01oct2022,2022m10,2022,10,0,0,0,0,0,0,0,1,0,0,0,0,0,0,0,0,1,0,0,0,0,0,0,22.400002,0,0,0,1,1,1,1
Nova Scotia,2022-11-01,Non-students,80.300003,89.300003,9.8000002,2022-11-01,Nova Scotia,0,1,0,0,01nov2022,2022m11,2022,11,0,0,0,0,0,0,0,1,0,0,0,0,0,0,0,0,0,1,0,0,0,0,0,19.699997,0,0,0,1,1,1,1
Nova Scotia,2022-12-01,Non-students,79.300003,87,8.6000004,2022-12-01,Nova Scotia,0,1,0,0,01dec2022,2022m12,2022,12,0,0,0,0,0,0,0,1,0,0,0,0,0,0,0,0,0,0,1,0,0,0,0,20.699997,0,0,0,1,1,1,1
Nova Scotia,2023-01-01,Non-students,76.099998,88,13.6,2023-01-01,Nova Scotia,0,1,0,0,01jan2023,2023m1,2023,1,0,0,0,0,0,0,0,0,1,0,0,1,0,0,0,0,0,0,0,0,0,0,0,23.900002,0,0,0,1,1,1,1
Nova Scotia,2023-02-01,Non-students,74.800003,86.199997,13.2,2023-02-01,Nova Scotia,0,1,0,0,01feb2023,2023m2,2023,2,0,0,0,0,0,0,0,0,1,0,0,0,1,0,0,0,0,0,0,0,0,0,0,25.199997,0,0,0,1,1,1,1
Nova Scotia,2023-03-01,Non-students,77.599998,89.099998,12.9,2023-03-01,Nova Scotia,0,1,0,0,01mar2023,2023m3,2023,3,0,0,0,0,0,0,0,0,1,0,0,0,0,1,0,0,0,0,0,0,0,0,0,22.400002,0,0,0,1,1,1,1
Nova Scotia,2023-04-01,Non-students,79,87.099998,9.3999996,2023-04-01,Nova Scotia,0,1,0,0,01apr2023,2023m4,2023,4,0,0,0,0,0,0,0,0,1,0,0,0,0,0,1,0,0,0,0,0,0,0,0,21,0,0,0,1,1,1,1
Nova Scotia,2023-09-01,Non-students,74.300003,86.800003,14.3,2023-09-01,Nova Scotia,0,1,0,0,01sep2023,2023m9,2023,9,0,0,0,0,0,0,0,0,1,0,0,0,0,0,0,1,0,0,0,0,0,0,0,25.699997,0,0,0,1,1,1,1
Nova Scotia,2023-10-01,Non-students,75.599998,87,13.1,2023-10-01,Nova Scotia,0,1,0,0,01oct2023,2023m10,2023,10,0,0,0,0,0,0,0,0,1,0,0,0,0,0,0,0,1,0,0,0,0,0,0,24.400002,0,0,0,1,1,1,1
Nova Scotia,2023-11-01,Non-students,77.699997,88.900002,12.4,2023-11-01,Nova Scotia,0,1,0,0,01nov2023,2023m11,2023,11,0,0,0,0,0,0,0,0,1,0,0,0,0,0,0,0,0,1,0,0,0,0,0,22.300003,0,0,0,1,1,1,1
Nova Scotia,2023-12-01,Non-students,74.699997,85.699997,13,2023-12-01,Nova Scotia,0,1,0,0,01dec2023,2023m12,2023,12,0,0,0,0,0,0,0,0,1,0,0,0,0,0,0,0,0,0,1,0,0,0,0,25.300003,0,0,0,1,1,1,1
Nova Scotia,2024-01-01,Non-students,71.699997,86.099998,16.700001,2024-01-01,Nova Scotia,0,1,0,0,01jan2024,2024m1,2024,1,0,0,0,0,0,0,0,0,0,1,0,1,0,0,0,0,0,0,0,0,0,0,0,28.300003,0,0,0,1,1,1,1
Nova Scotia,2024-02-01,Non-students,80,88.199997,9,2024-02-01,Nova Scotia,0,1,0,0,01feb2024,2024m2,2024,2,0,0,0,0,0,0,0,0,0,1,0,0,1,0,0,0,0,0,0,0,0,0,0,20,0,0,0,1,1,1,1
Nova Scotia,2024-03-01,Non-students,78.400002,86,8.8999996,2024-03-01,Nova Scotia,0,1,0,0,01mar2024,2024m3,2024,3,0,0,0,0,0,0,0,0,0,1,0,0,0,1,0,0,0,0,0,0,0,0,0,21.599998,0,0,0,1,1,1,1
Nova Scotia,2024-04-01,Non-students,80.699997,90.300003,10.7,2024-04-01,Nova Scotia,0,1,0,0,01apr2024,2024m4,2024,4,0,0,0,0,0,0,0,0,0,1,0,0,0,0,1,0,0,0,0,0,0,0,0,19.300003,0,0,0,1,1,1,1
Nova Scotia,2024-09-01,Non-students,75.599998,85.400002,11.5,2024-09-01,Nova Scotia,0,1,0,0,01sep2024,2024m9,2024,9,0,0,0,0,0,0,0,0,0,1,0,0,0,0,0,1,0,0,0,0,0,0,0,24.400002,0,0,0,1,1,1,1
Nova Scotia,2024-10-01,Non-students,78.099998,86.199997,9.1999998,2024-10-01,Nova Scotia,0,1,0,0,01oct2024,2024m10,2024,10,0,0,0,0,0,0,0,0,0,1,0,0,0,0,0,0,1,0,0,0,0,0,0,21.900002,0,0,0,1,1,1,1
Nova Scotia,2024-11-01,Non-students,80,89.699997,10.8,2024-11-01,Nova Scotia,0,1,0,0,01nov2024,2024m11,2024,11,0,0,0,0,0,0,0,0,0,1,0,0,0,0,0,0,0,1,0,0,0,0,0,20,0,0,0,1,1,1,1
Nova Scotia,2024-12-01,Non-students,80.699997,88.400002,8.6999998,2024-12-01,Nova Scotia,0,1,0,0,01dec2024,2024m12,2024,12,0,0,0,0,0,0,0,0,0,1,0,0,0,0,0,0,0,0,1,0,0,0,0,19.300003,0,0,0,1,1,1,1
Nova Scotia,2025-01-01,Non-students,73.800003,87.5,15.7,2025-01-01,Nova Scotia,0,1,0,0,01jan2025,2025m1,2025,1,0,0,0,0,0,0,0,0,0,0,1,1,0,0,0,0,0,0,0,0,0,0,0,26.199997,0,0,0,1,1,1,1
Nova Scotia,2025-02-01,Non-students,76.900002,86.800003,11.4,2025-02-01,Nova Scotia,0,1,0,0,01feb2025,2025m2,2025,2,0,0,0,0,0,0,0,0,0,0,1,0,1,0,0,0,0,0,0,0,0,0,0,23.099998,0,0,0,1,1,1,1
Nova Scotia,2025-03-01,Non-students,74.599998,84,11.2,2025-03-01,Nova Scotia,0,1,0,0,01mar2025,2025m3,2025,3,0,0,0,0,0,0,0,0,0,0,1,0,0,1,0,0,0,0,0,0,0,0,0,25.400002,0,0,0,1,1,1,1
Nova Scotia,2025-04-01,Non-students,75.199997,88.699997,15.5,2025-04-01,Nova Scotia,0,1,0,0,01apr2025,2025m4,2025,4,0,0,0,0,0,0,0,0,0,0,1,0,0,0,1,0,0,0,0,0,0,0,0,24.800003,0,0,0,1,1,1,1
Nova Scotia,2025-09-01,Non-students,78.099998,88.099998,11.4,2025-09-01,Nova Scotia,0,1,0,0,01sep2025,2025m9,2025,9,0,0,0,0,0,0,0,0,0,0,1,0,0,0,0,1,0,0,0,0,0,0,0,21.900002,0,0,0,1,1,1,1
Nova Scotia,2025-10-01,Non-students,75.300003,89.5,15.6,2025-10-01,Nova Scotia,0,1,0,0,01oct2025,2025m10,2025,10,0,0,0,0,0,0,0,0,0,0,1,0,0,0,0,0,1,0,0,0,0,0,0,24.699997,0,0,0,1,1,1,1
Nova Scotia,2025-11-01,Non-students,81,89.099998,8.8999996,2025-11-01,Nova Scotia,0,1,0,0,01nov2025,2025m11,2025,11,0,0,0,0,0,0,0,0,0,0,1,0,0,0,0,0,0,1,0,0,0,0,0,19,0,0,0,1,1,1,1
Nova Scotia,2025-12-01,Non-students,80.900002,89.199997,9.3000002,2025-12-01,Nova Scotia,0,1,0,0,01dec2025,2025m12,2025,12,0,0,0,0,0,0,0,0,0,0,1,0,0,0,0,0,0,0,1,0,0,0,0,19.099998,0,0,0,1,1,1,1
Ontario,2015-01-01,Non-students,72.699997,86.900002,16.299999,2015-01-01,Ontario,1,0,0,1,01jan2015,2015m1,2015,1,1,0,0,0,0,0,0,0,0,0,0,1,0,0,0,0,0,0,0,0,0,0,0,27.300003,0,0,,1,1,1,1
Ontario,2015-02-01,Non-students,73.099998,85.599998,14.5,2015-02-01,Ontario,1,0,0,1,01feb2015,2015m2,2015,2,1,0,0,0,0,0,0,0,0,0,0,0,1,0,0,0,0,0,0,0,0,0,0,26.900002,0,0,,1,1,1,1
Ontario,2015-03-01,Non-students,71.800003,83.699997,14.2,2015-03-01,Ontario,1,0,0,1,01mar2015,2015m3,2015,3,1,0,0,0,0,0,0,0,0,0,0,0,0,1,0,0,0,0,0,0,0,0,0,28.199997,0,0,,1,1,1,1
Ontario,2015-04-01,Non-students,73.900002,87.800003,15.9,2015-04-01,Ontario,1,0,0,1,01apr2015,2015m4,2015,4,1,0,0,0,0,0,0,0,0,0,0,0,0,0,1,0,0,0,0,0,0,0,0,26.099998,0,0,,1,1,1,1
Ontario,2015-09-01,Non-students,74.599998,85.400002,12.7,2015-09-01,Ontario,1,0,0,1,01sep2015,2015m9,2015,9,1,0,0,0,0,0,0,0,0,0,0,0,0,0,0,1,0,0,0,0,0,0,0,25.400002,0,0,,1,1,1,1
Ontario,2015-10-01,Non-students,75.5,86.699997,13,2015-10-01,Ontario,1,0,0,1,01oct2015,2015m10,2015,10,1,0,0,0,0,0,0,0,0,0,0,0,0,0,0,0,1,0,0,0,0,0,0,24.5,0,0,,1,1,1,1
Ontario,2015-11-01,Non-students,73.900002,84.699997,12.8,2015-11-01,Ontario,1,0,0,1,01nov2015,2015m11,2015,11,1,0,0,0,0,0,0,0,0,0,0,0,0,0,0,0,0,1,0,0,0,0,0,26.099998,0,0,,1,1,1,1
Ontario,2015-12-01,Non-students,74.5,84.599998,11.9,2015-12-01,Ontario,1,0,0,1,01dec2015,2015m12,2015,12,1,0,0,0,0,0,0,0,0,0,0,0,0,0,0,0,0,0,1,0,0,0,0,25.5,0,0,,1,1,1,1
Ontario,2016-01-01,Non-students,74.5,85.800003,13.3,2016-01-01,Ontario,1,0,0,1,01jan2016,2016m1,2016,1,0,1,0,0,0,0,0,0,0,0,0,1,0,0,0,0,0,0,0,1,0,0,0,25.5,0,0,,1,1,1,1
Ontario,2016-02-01,Non-students,72.800003,84.5,13.8,2016-02-01,Ontario,1,0,0,1,01feb2016,2016m2,2016,2,0,1,0,0,0,0,0,0,0,0,0,0,1,0,0,0,0,0,0,1,0,0,0,27.199997,0,0,,1,1,1,1
Ontario,2016-03-01,Non-students,71.800003,83.800003,14.4,2016-03-01,Ontario,1,0,0,1,01mar2016,2016m3,2016,3,0,1,0,0,0,0,0,0,0,0,0,0,0,1,0,0,0,0,0,1,0,0,0,28.199997,0,0,,1,1,1,1
Ontario,2016-04-01,Non-students,76.400002,87.5,12.7,2016-04-01,Ontario,1,0,0,1,01apr2016,2016m4,2016,4,0,1,0,0,0,0,0,0,0,0,0,0,0,0,1,0,0,0,0,1,0,0,0,23.599998,0,0,,1,1,1,1
Ontario,2016-09-01,Non-students,76,86.900002,12.5,2016-09-01,Ontario,1,0,0,1,01sep2016,2016m9,2016,9,0,1,0,0,0,0,0,0,0,0,0,0,0,0,0,1,0,0,0,1,0,0,0,24,0,0,,1,1,1,1
Ontario,2016-10-01,Non-students,78.599998,89.199997,11.9,2016-10-01,Ontario,1,0,0,1,01oct2016,2016m10,2016,10,0,1,0,0,0,0,0,0,0,0,0,0,0,0,0,0,1,0,0,1,0,0,0,21.400002,0,0,,1,1,1,1
Ontario,2016-11-01,Non-students,81.099998,89.699997,9.6000004,2016-11-01,Ontario,1,0,0,1,01nov2016,2016m11,2016,11,0,1,0,0,0,0,0,0,0,0,0,0,0,0,0,0,0,1,0,1,0,0,0,18.900002,0,0,,1,1,1,1
Ontario,2016-12-01,Non-students,79.599998,88.300003,9.8999996,2016-12-01,Ontario,1,0,0,1,01dec2016,2016m12,2016,12,0,1,0,0,0,0,0,0,0,0,0,0,0,0,0,0,0,0,1,1,0,0,0,20.400002,0,0,,1,1,1,1
Ontario,2017-01-01,Non-students,77.099998,88.300003,12.7,2017-01-01,Ontario,1,0,0,1,01jan2017,2017m1,2017,1,0,0,1,0,0,0,0,0,0,0,0,1,0,0,0,0,0,0,0,0,1,0,0,22.900002,0,0,,1,1,1,1
Ontario,2017-02-01,Non-students,76,86.5,12.2,2017-02-01,Ontario,1,0,0,1,01feb2017,2017m2,2017,2,0,0,1,0,0,0,0,0,0,0,0,0,1,0,0,0,0,0,0,0,1,0,0,24,0,0,,1,1,1,1
Ontario,2017-03-01,Non-students,74.699997,86.5,13.7,2017-03-01,Ontario,1,0,0,1,01mar2017,2017m3,2017,3,0,0,1,0,0,0,0,0,0,0,0,0,0,1,0,0,0,0,0,0,1,0,0,25.300003,0,0,,1,1,1,1
Ontario,2017-04-01,Non-students,77,87.400002,11.9,2017-04-01,Ontario,1,0,0,1,01apr2017,2017m4,2017,4,0,0,1,0,0,0,0,0,0,0,0,0,0,0,1,0,0,0,0,0,1,0,0,23,0,0,,1,1,1,1
Ontario,2017-09-01,Non-students,78.199997,87.400002,10.6,2017-09-01,Ontario,1,0,0,1,01sep2017,2017m9,2017,9,0,0,1,0,0,0,0,0,0,0,0,0,0,0,0,1,0,0,0,0,1,0,0,21.800003,0,0,,1,1,1,1
Ontario,2017-10-01,Non-students,80.800003,88.900002,9.1999998,2017-10-01,Ontario,1,0,0,1,01oct2017,2017m10,2017,10,0,0,1,0,0,0,0,0,0,0,0,0,0,0,0,0,1,0,0,0,1,0,0,19.199997,0,0,,1,1,1,1
Ontario,2017-11-01,Non-students,78.900002,87.5,9.8000002,2017-11-01,Ontario,1,0,0,1,01nov2017,2017m11,2017,11,0,0,1,0,0,0,0,0,0,0,0,0,0,0,0,0,0,1,0,0,1,0,0,21.099998,0,0,,1,1,1,1
Ontario,2017-12-01,Non-students,77.599998,86.699997,10.5,2017-12-01,Ontario,1,0,0,1,01dec2017,2017m12,2017,12,0,0,1,0,0,0,0,0,0,0,0,0,0,0,0,0,0,0,1,0,1,0,0,22.400002,0,0,,1,1,1,1
Ontario,2018-01-01,Non-students,73.300003,84.199997,12.9,2018-01-01,Ontario,1,0,0,1,01jan2018,2018m1,2018,1,0,0,0,1,0,0,0,0,0,0,0,1,0,0,0,0,0,0,0,0,0,1,0,26.699997,0,0,,1,1,1,1
Ontario,2018-02-01,Non-students,76,86.199997,11.8,2018-02-01,Ontario,1,0,0,1,01feb2018,2018m2,2018,2,0,0,0,1,0,0,0,0,0,0,0,0,1,0,0,0,0,0,0,0,0,1,0,24,0,0,,1,1,1,1
Ontario,2018-03-01,Non-students,75.300003,85.199997,11.6,2018-03-01,Ontario,1,0,0,1,01mar2018,2018m3,2018,3,0,0,0,1,0,0,0,0,0,0,0,0,0,1,0,0,0,0,0,0,0,1,0,24.699997,0,0,,1,1,1,1
Ontario,2018-04-01,Non-students,78,86.800003,10.1,2018-04-01,Ontario,1,0,0,1,01apr2018,2018m4,2018,4,0,0,0,1,0,0,0,0,0,0,0,0,0,0,1,0,0,0,0,0,0,1,0,22,0,0,,1,1,1,1
Ontario,2018-09-01,Non-students,75.599998,85.800003,11.9,2018-09-01,Ontario,1,0,0,1,01sep2018,2018m9,2018,9,0,0,0,1,0,0,0,0,0,0,0,0,0,0,0,1,0,0,0,0,0,1,0,24.400002,0,0,,1,1,1,1
Ontario,2018-10-01,Non-students,76.5,86.5,11.6,2018-10-01,Ontario,1,0,0,1,01oct2018,2018m10,2018,10,0,0,0,1,0,0,0,0,0,0,0,0,0,0,0,0,1,0,0,0,0,1,0,23.5,0,0,,1,1,1,1
Ontario,2018-11-01,Non-students,78,87.699997,11,2018-11-01,Ontario,1,0,0,1,01nov2018,2018m11,2018,11,0,0,0,1,0,0,0,0,0,0,0,0,0,0,0,0,0,1,0,0,0,1,0,22,0,0,,1,1,1,1
Ontario,2018-12-01,Non-students,78,85.900002,9.1999998,2018-12-01,Ontario,1,0,0,1,01dec2018,2018m12,2018,12,0,0,0,1,0,0,0,0,0,0,0,0,0,0,0,0,0,0,1,0,0,1,0,22,0,0,,1,1,1,1
Ontario,2019-01-01,Non-students,75.900002,86,11.8,2019-01-01,Ontario,1,0,0,1,01jan2019,2019m1,2019,1,0,0,0,0,1,0,0,0,0,0,0,1,0,0,0,0,0,0,0,0,0,0,1,24.099998,0,0,,1,1,1,1
Ontario,2019-02-01,Non-students,75.300003,85.699997,12.1,2019-02-01,Ontario,1,0,0,1,01feb2019,2019m2,2019,2,0,0,0,0,1,0,0,0,0,0,0,0,1,0,0,0,0,0,0,0,0,0,1,24.699997,0,0,,1,1,1,1
Ontario,2019-03-01,Non-students,73,84.199997,13.3,2019-03-01,Ontario,1,0,0,1,01mar2019,2019m3,2019,3,0,0,0,0,1,0,0,0,0,0,0,0,0,1,0,0,0,0,0,0,0,0,1,27,0,0,,1,1,1,1
Ontario,2019-04-01,Non-students,77.800003,87.900002,11.6,2019-04-01,Ontario,1,0,0,1,01apr2019,2019m4,2019,4,0,0,0,0,1,0,0,0,0,0,0,0,0,0,1,0,0,0,0,0,0,0,1,22.199997,0,0,,1,1,1,1
Ontario,2019-09-01,Non-students,74.900002,86.699997,13.6,2019-09-01,Ontario,1,0,0,1,01sep2019,2019m9,2019,9,0,0,0,0,1,0,0,0,0,0,0,0,0,0,0,1,0,0,0,0,0,0,1,25.099998,0,0,,1,1,1,1
Ontario,2019-10-01,Non-students,75.900002,85.800003,11.5,2019-10-01,Ontario,1,0,0,1,01oct2019,2019m10,2019,10,0,0,0,0,1,0,0,0,0,0,0,0,0,0,0,0,1,0,0,0,0,0,1,24.099998,0,0,,1,1,1,1
Ontario,2019-11-01,Non-students,76.400002,86.199997,11.3,2019-11-01,Ontario,1,0,0,1,01nov2019,2019m11,2019,11,0,0,0,0,1,0,0,0,0,0,0,0,0,0,0,0,0,1,0,0,0,0,1,23.599998,0,0,,1,1,1,1
Ontario,2019-12-01,Non-students,77,85.5,9.8999996,2019-12-01,Ontario,1,0,0,1,01dec2019,2019m12,2019,12,0,0,0,0,1,0,0,0,0,0,0,0,0,0,0,0,0,0,1,0,0,0,1,23,0,0,,1,1,1,1
Ontario,2020-01-01,Non-students,76.5,84,8.8999996,2020-01-01,Ontario,1,0,0,1,01jan2020,2020m1,2020,1,0,0,0,0,0,1,0,0,0,0,0,1,0,0,0,0,0,0,0,0,0,0,0,23.5,0,0,,1,1,1,1
Ontario,2020-02-01,Non-students,74.800003,84.800003,11.7,2020-02-01,Ontario,1,0,0,1,01feb2020,2020m2,2020,2,0,0,0,0,0,1,0,0,0,0,0,0,1,0,0,0,0,0,0,0,0,0,0,25.199997,0,0,,1,1,1,1
Ontario,2020-03-01,Non-students,61.900002,75.400002,17.9,2020-03-01,Ontario,1,1,1,1,01mar2020,2020m3,2020,3,0,0,0,0,0,1,0,0,0,0,0,0,0,1,0,0,0,0,0,0,0,0,0,38.099998,0,0,,1,1,1,1
Ontario,2020-04-01,Non-students,53.200001,68,21.9,2020-04-01,Ontario,1,1,1,1,01apr2020,2020m4,2020,4,0,0,0,0,0,1,0,0,0,0,0,0,0,0,1,0,0,0,0,0,0,0,0,46.799999,0,0,,1,1,1,1
Ontario,2020-09-01,Non-students,68.199997,84.099998,18.9,2020-09-01,Ontario,1,1,1,1,01sep2020,2020m9,2020,9,0,0,0,0,0,1,0,0,0,0,0,0,0,0,0,1,0,0,0,0,0,0,0,31.800003,0,0,,1,1,1,1
Ontario,2020-10-01,Non-students,71.400002,86,16.9,2020-10-01,Ontario,1,1,1,1,01oct2020,2020m10,2020,10,0,0,0,0,0,1,0,0,0,0,0,0,0,0,0,0,1,0,0,0,0,0,0,28.599998,0,0,,1,1,1,1
Ontario,2020-11-01,Non-students,69.699997,84.800003,17.799999,2020-11-01,Ontario,1,1,1,1,01nov2020,2020m11,2020,11,0,0,0,0,0,1,0,0,0,0,0,0,0,0,0,0,0,1,0,0,0,0,0,30.300003,0,0,,1,1,1,1
Ontario,2020-12-01,Non-students,72.199997,86.900002,16.9,2020-12-01,Ontario,1,1,1,1,01dec2020,2020m12,2020,12,0,0,0,0,0,1,0,0,0,0,0,0,0,0,0,0,0,0,1,0,0,0,0,27.800003,0,0,,1,1,1,1
Ontario,2021-01-01,Non-students,64.800003,81.300003,20.4,2021-01-01,Ontario,1,1,1,1,01jan2021,2021m1,2021,1,0,0,0,0,0,0,1,0,0,0,0,1,0,0,0,0,0,0,0,0,0,0,0,35.199997,0,0,,1,1,1,1
Ontario,2021-02-01,Non-students,68.699997,85,19.200001,2021-02-01,Ontario,1,1,1,1,01feb2021,2021m2,2021,2,0,0,0,0,0,0,1,0,0,0,0,0,1,0,0,0,0,0,0,0,0,0,0,31.300003,0,0,,1,1,1,1
Ontario,2021-03-01,Non-students,73.5,86.599998,15.1,2021-03-01,Ontario,1,1,1,1,01mar2021,2021m3,2021,3,0,0,0,0,0,0,1,0,0,0,0,0,0,1,0,0,0,0,0,0,0,0,0,26.5,0,0,,1,1,1,1
Ontario,2021-04-01,Non-students,67.5,84.400002,20.1,2021-04-01,Ontario,1,1,1,1,01apr2021,2021m4,2021,4,0,0,0,0,0,0,1,0,0,0,0,0,0,0,1,0,0,0,0,0,0,0,0,32.5,0,0,,1,1,1,1
Ontario,2021-09-01,Non-students,76.699997,86.900002,11.7,2021-09-01,Ontario,1,1,1,1,01sep2021,2021m9,2021,9,0,0,0,0,0,0,1,0,0,0,0,0,0,0,0,1,0,0,0,0,0,0,0,23.300003,0,0,,1,1,1,1
Ontario,2021-10-01,Non-students,78.800003,87.599998,10.1,2021-10-01,Ontario,1,1,1,1,01oct2021,2021m10,2021,10,0,0,0,0,0,0,1,0,0,0,0,0,0,0,0,0,1,0,0,0,0,0,0,21.199997,0,0,,1,1,1,1
Ontario,2021-11-01,Non-students,77.300003,87.5,11.6,2021-11-01,Ontario,1,1,1,1,01nov2021,2021m11,2021,11,0,0,0,0,0,0,1,0,0,0,0,0,0,0,0,0,0,1,0,0,0,0,0,22.699997,0,0,,1,1,1,1
Ontario,2021-12-01,Non-students,76.5,86.699997,11.7,2021-12-01,Ontario,1,1,1,1,01dec2021,2021m12,2021,12,0,0,0,0,0,0,1,0,0,0,0,0,0,0,0,0,0,0,1,0,0,0,0,23.5,0,0,,1,1,1,1
Ontario,2022-01-01,Non-students,71.199997,84.699997,16,2022-01-01,Ontario,1,1,1,1,01jan2022,2022m1,2022,1,0,0,0,0,0,0,0,1,0,0,0,1,0,0,0,0,0,0,0,0,0,0,0,28.800003,0,0,,1,1,1,1
Ontario,2022-02-01,Non-students,75.400002,87.800003,14,2022-02-01,Ontario,1,1,1,1,01feb2022,2022m2,2022,2,0,0,0,0,0,0,0,1,0,0,0,0,1,0,0,0,0,0,0,0,0,0,0,24.599998,0,0,,1,1,1,1
Ontario,2022-03-01,Non-students,74.900002,85.400002,12.2,2022-03-01,Ontario,1,1,1,1,01mar2022,2022m3,2022,3,0,0,0,0,0,0,0,1,0,0,0,0,0,1,0,0,0,0,0,0,0,0,0,25.099998,0,0,,1,1,1,1
Ontario,2022-04-01,Non-students,77.699997,88.900002,12.6,2022-04-01,Ontario,1,1,1,1,01apr2022,2022m4,2022,4,0,0,0,0,0,0,0,1,0,0,0,0,0,0,1,0,0,0,0,0,0,0,0,22.300003,0,0,,1,1,1,1
Ontario,2022-09-01,Non-students,75.300003,85.099998,11.5,2022-09-01,Ontario,1,1,1,1,01sep2022,2022m9,2022,9,0,0,0,0,0,0,0,1,0,0,0,0,0,0,0,1,0,0,0,0,0,0,0,24.699997,0,0,,1,1,1,1
Ontario,2022-10-01,Non-students,76.599998,88.199997,13.2,2022-10-01,Ontario,1,1,1,1,01oct2022,2022m10,2022,10,0,0,0,0,0,0,0,1,0,0,0,0,0,0,0,0,1,0,0,0,0,0,0,23.400002,0,0,,1,1,1,1
Ontario,2022-11-01,Non-students,79.199997,89.199997,11.2,2022-11-01,Ontario,1,1,1,1,01nov2022,2022m11,2022,11,0,0,0,0,0,0,0,1,0,0,0,0,0,0,0,0,0,1,0,0,0,0,0,20.800003,0,0,,1,1,1,1
Ontario,2022-12-01,Non-students,80.699997,88.599998,8.8999996,2022-12-01,Ontario,1,1,1,1,01dec2022,2022m12,2022,12,0,0,0,0,0,0,0,1,0,0,0,0,0,0,0,0,0,0,1,0,0,0,0,19.300003,0,0,,1,1,1,1
Ontario,2023-01-01,Non-students,77,88.699997,13.2,2023-01-01,Ontario,1,1,1,1,01jan2023,2023m1,2023,1,0,0,0,0,0,0,0,0,1,0,0,1,0,0,0,0,0,0,0,0,0,0,0,23,0,0,,1,1,1,1
Ontario,2023-02-01,Non-students,77.400002,87.599998,11.6,2023-02-01,Ontario,1,1,1,1,01feb2023,2023m2,2023,2,0,0,0,0,0,0,0,0,1,0,0,0,1,0,0,0,0,0,0,0,0,0,0,22.599998,0,0,,1,1,1,1
Ontario,2023-03-01,Non-students,77.599998,88.099998,11.9,2023-03-01,Ontario,1,1,1,1,01mar2023,2023m3,2023,3,0,0,0,0,0,0,0,0,1,0,0,0,0,1,0,0,0,0,0,0,0,0,0,22.400002,0,0,,1,1,1,1
Ontario,2023-04-01,Non-students,80.599998,89.900002,10.4,2023-04-01,Ontario,1,1,1,1,01apr2023,2023m4,2023,4,0,0,0,0,0,0,0,0,1,0,0,0,0,0,1,0,0,0,0,0,0,0,0,19.400002,0,0,,1,1,1,1
Ontario,2023-09-01,Non-students,76.599998,85.400002,10.3,2023-09-01,Ontario,1,1,1,1,01sep2023,2023m9,2023,9,0,0,0,0,0,0,0,0,1,0,0,0,0,0,0,1,0,0,0,0,0,0,0,23.400002,0,0,,1,1,1,1
Ontario,2023-10-01,Non-students,76.099998,87.400002,13,2023-10-01,Ontario,1,1,1,1,01oct2023,2023m10,2023,10,0,0,0,0,0,0,0,0,1,0,0,0,0,0,0,0,1,0,0,0,0,0,0,23.900002,0,0,,1,1,1,1
Ontario,2023-11-01,Non-students,76.300003,86.699997,12,2023-11-01,Ontario,1,1,1,1,01nov2023,2023m11,2023,11,0,0,0,0,0,0,0,0,1,0,0,0,0,0,0,0,0,1,0,0,0,0,0,23.699997,0,0,,1,1,1,1
Ontario,2023-12-01,Non-students,75.5,85.900002,12.1,2023-12-01,Ontario,1,1,1,1,01dec2023,2023m12,2023,12,0,0,0,0,0,0,0,0,1,0,0,0,0,0,0,0,0,0,1,0,0,0,0,24.5,0,0,,1,1,1,1
Ontario,2024-01-01,Non-students,71.900002,84.199997,14.6,2024-01-01,Ontario,1,1,1,1,01jan2024,2024m1,2024,1,0,0,0,0,0,0,0,0,0,1,0,1,0,0,0,0,0,0,0,0,0,0,0,28.099998,0,0,,1,1,1,1
Ontario,2024-02-01,Non-students,75.800003,87.699997,13.6,2024-02-01,Ontario,1,1,1,1,01feb2024,2024m2,2024,2,0,0,0,0,0,0,0,0,0,1,0,0,1,0,0,0,0,0,0,0,0,0,0,24.199997,0,0,,1,1,1,1
Ontario,2024-03-01,Non-students,71.099998,85.800003,17.1,2024-03-01,Ontario,1,1,1,1,01mar2024,2024m3,2024,3,0,0,0,0,0,0,0,0,0,1,0,0,0,1,0,0,0,0,0,0,0,0,0,28.900002,0,0,,1,1,1,1
Ontario,2024-04-01,Non-students,72.300003,86.599998,16.5,2024-04-01,Ontario,1,1,1,1,01apr2024,2024m4,2024,4,0,0,0,0,0,0,0,0,0,1,0,0,0,0,1,0,0,0,0,0,0,0,0,27.699997,0,0,,1,1,1,1
Ontario,2024-09-01,Non-students,75.199997,87.699997,14.2,2024-09-01,Ontario,1,1,1,1,01sep2024,2024m9,2024,9,0,0,0,0,0,0,0,0,0,1,0,0,0,0,0,1,0,0,0,0,0,0,0,24.800003,0,0,,1,1,1,1
Ontario,2024-10-01,Non-students,76.599998,86.699997,11.7,2024-10-01,Ontario,1,1,1,1,01oct2024,2024m10,2024,10,0,0,0,0,0,0,0,0,0,1,0,0,0,0,0,0,1,0,0,0,0,0,0,23.400002,0,0,,1,1,1,1
Ontario,2024-11-01,Non-students,71.5,85.900002,16.799999,2024-11-01,Ontario,1,1,1,1,01nov2024,2024m11,2024,11,0,0,0,0,0,0,0,0,0,1,0,0,0,0,0,0,0,1,0,0,0,0,0,28.5,0,0,,1,1,1,1
Ontario,2024-12-01,Non-students,69.900002,84.599998,17.4,2024-12-01,Ontario,1,1,1,1,01dec2024,2024m12,2024,12,0,0,0,0,0,0,0,0,0,1,0,0,0,0,0,0,0,0,1,0,0,0,0,30.099998,0,0,,1,1,1,1
Ontario,2025-01-01,Non-students,69.300003,85.199997,18.700001,2025-01-01,Ontario,1,1,1,1,01jan2025,2025m1,2025,1,0,0,0,0,0,0,0,0,0,0,1,1,0,0,0,0,0,0,0,0,0,0,0,30.699997,0,0,,1,1,1,1
Ontario,2025-02-01,Non-students,72.199997,84.900002,15,2025-02-01,Ontario,1,1,1,1,01feb2025,2025m2,2025,2,0,0,0,0,0,0,0,0,0,0,1,0,1,0,0,0,0,0,0,0,0,0,0,27.800003,0,0,,1,1,1,1
Ontario,2025-03-01,Non-students,71,85.5,17,2025-03-01,Ontario,1,1,1,1,01mar2025,2025m3,2025,3,0,0,0,0,0,0,0,0,0,0,1,0,0,1,0,0,0,0,0,0,0,0,0,29,0,0,,1,1,1,1
Ontario,2025-04-01,Non-students,74.400002,87.599998,15.1,2025-04-01,Ontario,1,1,1,1,01apr2025,2025m4,2025,4,0,0,0,0,0,0,0,0,0,0,1,0,0,0,1,0,0,0,0,0,0,0,0,25.599998,0,0,,1,1,1,1
Ontario,2025-09-01,Non-students,74.5,85.400002,12.8,2025-09-01,Ontario,1,1,1,1,01sep2025,2025m9,2025,9,0,0,0,0,0,0,0,0,0,0,1,0,0,0,0,1,0,0,0,0,0,0,0,25.5,0,0,,1,1,1,1
Ontario,2025-10-01,Non-students,76.199997,87.199997,12.6,2025-10-01,Ontario,1,1,1,1,01oct2025,2025m10,2025,10,0,0,0,0,0,0,0,0,0,0,1,0,0,0,0,0,1,0,0,0,0,0,0,23.800003,0,0,,1,1,1,1
Ontario,2025-11-01,Non-students,75.300003,86.099998,12.6,2025-11-01,Ontario,1,1,1,1,01nov2025,2025m11,2025,11,0,0,0,0,0,0,0,0,0,0,1,0,0,0,0,0,0,1,0,0,0,0,0,24.699997,0,0,,1,1,1,1
Ontario,2025-12-01,Non-students,78,88.699997,12.1,2025-12-01,Ontario,1,1,1,1,01dec2025,2025m12,2025,12,0,0,0,0,0,0,0,0,0,0,1,0,0,0,0,0,0,0,1,0,0,0,0,22,0,0,,1,1,1,1
Prince Edward Island,2015-01-01,Non-students,69.199997,89.199997,22.4,2015-01-01,Prince Edward Island,0,0,0,0,01jan2015,2015m1,2015,1,1,0,0,0,0,0,0,0,0,0,0,1,0,0,0,0,0,0,0,0,0,0,0,30.800003,0,0,0,1,1,1,1
Prince Edward Island,2015-02-01,Non-students,68.099998,88.900002,23.4,2015-02-01,Prince Edward Island,0,0,0,0,01feb2015,2015m2,2015,2,1,0,0,0,0,0,0,0,0,0,0,0,1,0,0,0,0,0,0,0,0,0,0,31.900002,0,0,0,1,1,1,1
Prince Edward Island,2015-03-01,Non-students,67.099998,86.800003,22.700001,2015-03-01,Prince Edward Island,0,0,0,0,01mar2015,2015m3,2015,3,1,0,0,0,0,0,0,0,0,0,0,0,0,1,0,0,0,0,0,0,0,0,0,32.900002,0,0,0,1,1,1,1
Prince Edward Island,2015-04-01,Non-students,66.199997,94.099998,29.700001,2015-04-01,Prince Edward Island,0,0,0,0,01apr2015,2015m4,2015,4,1,0,0,0,0,0,0,0,0,0,0,0,0,0,1,0,0,0,0,0,0,0,0,33.800003,0,0,0,1,1,1,1
Prince Edward Island,2015-09-01,Non-students,81,89.900002,9.8999996,2015-09-01,Prince Edward Island,0,0,0,0,01sep2015,2015m9,2015,9,1,0,0,0,0,0,0,0,0,0,0,0,0,0,0,1,0,0,0,0,0,0,0,19,0,0,0,1,1,1,1
Prince Edward Island,2015-10-01,Non-students,83.099998,94.800003,13.7,2015-10-01,Prince Edward Island,0,0,0,0,01oct2015,2015m10,2015,10,1,0,0,0,0,0,0,0,0,0,0,0,0,0,0,0,1,0,0,0,0,0,0,16.900002,0,0,0,1,1,1,1
Prince Edward Island,2015-11-01,Non-students,78.699997,93.300003,15.7,2015-11-01,Prince Edward Island,0,0,0,0,01nov2015,2015m11,2015,11,1,0,0,0,0,0,0,0,0,0,0,0,0,0,0,0,0,1,0,0,0,0,0,21.300003,0,0,0,1,1,1,1
Prince Edward Island,2015-12-01,Non-students,76,89.300003,14.9,2015-12-01,Prince Edward Island,0,0,0,0,01dec2015,2015m12,2015,12,1,0,0,0,0,0,0,0,0,0,0,0,0,0,0,0,0,0,1,0,0,0,0,24,0,0,0,1,1,1,1
Prince Edward Island,2016-01-01,Non-students,71.599998,86.5,17.200001,2016-01-01,Prince Edward Island,0,0,0,0,01jan2016,2016m1,2016,1,0,1,0,0,0,0,0,0,0,0,0,1,0,0,0,0,0,0,0,0,0,0,0,28.400002,0,0,0,1,1,1,1
Prince Edward Island,2016-02-01,Non-students,72.400002,88.199997,16.4,2016-02-01,Prince Edward Island,0,0,0,0,01feb2016,2016m2,2016,2,0,1,0,0,0,0,0,0,0,0,0,0,1,0,0,0,0,0,0,0,0,0,0,27.599998,0,0,0,1,1,1,1
Prince Edward Island,2016-03-01,Non-students,68,86.699997,21.5,2016-03-01,Prince Edward Island,0,0,0,0,01mar2016,2016m3,2016,3,0,1,0,0,0,0,0,0,0,0,0,0,0,1,0,0,0,0,0,0,0,0,0,32,0,0,0,1,1,1,1
Prince Edward Island,2016-04-01,Non-students,70.400002,88.900002,19.4,2016-04-01,Prince Edward Island,0,0,0,0,01apr2016,2016m4,2016,4,0,1,0,0,0,0,0,0,0,0,0,0,0,0,1,0,0,0,0,0,0,0,0,29.599998,0,0,0,1,1,1,1
Prince Edward Island,2016-09-01,Non-students,81.099998,93.199997,13,2016-09-01,Prince Edward Island,0,0,0,0,01sep2016,2016m9,2016,9,0,1,0,0,0,0,0,0,0,0,0,0,0,0,0,1,0,0,0,0,0,0,0,18.900002,0,0,0,1,1,1,1
Prince Edward Island,2016-10-01,Non-students,70.800003,87.5,19,2016-10-01,Prince Edward Island,0,0,0,0,01oct2016,2016m10,2016,10,0,1,0,0,0,0,0,0,0,0,0,0,0,0,0,0,1,0,0,0,0,0,0,29.199997,0,0,0,1,1,1,1
Prince Edward Island,2016-11-01,Non-students,73.199997,88.699997,17.5,2016-11-01,Prince Edward Island,0,0,0,0,01nov2016,2016m11,2016,11,0,1,0,0,0,0,0,0,0,0,0,0,0,0,0,0,0,1,0,0,0,0,0,26.800003,0,0,0,1,1,1,1
Prince Edward Island,2016-12-01,Non-students,74.599998,89.599998,16.700001,2016-12-01,Prince Edward Island,0,0,0,0,01dec2016,2016m12,2016,12,0,1,0,0,0,0,0,0,0,0,0,0,0,0,0,0,0,0,1,0,0,0,0,25.400002,0,0,0,1,1,1,1
Prince Edward Island,2017-01-01,Non-students,66.699997,86.699997,23.1,2017-01-01,Prince Edward Island,0,0,0,0,01jan2017,2017m1,2017,1,0,0,1,0,0,0,0,0,0,0,0,1,0,0,0,0,0,0,0,0,0,0,0,33.300003,0,0,0,1,1,1,1
Prince Edward Island,2017-02-01,Non-students,59.5,83.800003,29,2017-02-01,Prince Edward Island,0,0,0,0,01feb2017,2017m2,2017,2,0,0,1,0,0,0,0,0,0,0,0,0,1,0,0,0,0,0,0,0,0,0,0,40.5,0,0,0,1,1,1,1
Prince Edward Island,2017-03-01,Non-students,56.200001,82.199997,31.700001,2017-03-01,Prince Edward Island,0,0,0,0,01mar2017,2017m3,2017,3,0,0,1,0,0,0,0,0,0,0,0,0,0,1,0,0,0,0,0,0,0,0,0,43.799999,0,0,0,1,1,1,1
Prince Edward Island,2017-04-01,Non-students,63.900002,86.099998,25.799999,2017-04-01,Prince Edward Island,0,0,0,0,01apr2017,2017m4,2017,4,0,0,1,0,0,0,0,0,0,0,0,0,0,0,1,0,0,0,0,0,0,0,0,36.099998,0,0,0,1,1,1,1
Prince Edward Island,2017-09-01,Non-students,80.599998,90.300003,10.8,2017-09-01,Prince Edward Island,0,0,0,0,01sep2017,2017m9,2017,9,0,0,1,0,0,0,0,0,0,0,0,0,0,0,0,1,0,0,0,0,0,0,0,19.400002,0,0,0,1,1,1,1
Prince Edward Island,2017-10-01,Non-students,79.699997,89.199997,10.6,2017-10-01,Prince Edward Island,0,0,0,0,01oct2017,2017m10,2017,10,0,0,1,0,0,0,0,0,0,0,0,0,0,0,0,0,1,0,0,0,0,0,0,20.300003,0,0,0,1,1,1,1
Prince Edward Island,2017-11-01,Non-students,78.099998,83.599998,6.5999999,2017-11-01,Prince Edward Island,0,0,0,0,01nov2017,2017m11,2017,11,0,0,1,0,0,0,0,0,0,0,0,0,0,0,0,0,0,1,0,0,0,0,0,21.900002,0,0,0,1,1,1,1
Prince Edward Island,2017-12-01,Non-students,73.199997,84.5,13.3,2017-12-01,Prince Edward Island,0,0,0,0,01dec2017,2017m12,2017,12,0,0,1,0,0,0,0,0,0,0,0,0,0,0,0,0,0,0,1,0,0,0,0,26.800003,0,0,0,1,1,1,1
Prince Edward Island,2018-01-01,Non-students,74.199997,89.400002,16.9,2018-01-01,Prince Edward Island,0,0,0,0,01jan2018,2018m1,2018,1,0,0,0,1,0,0,0,0,0,0,0,1,0,0,0,0,0,0,0,0,0,0,0,25.800003,0,0,0,1,1,1,1
Prince Edward Island,2018-02-01,Non-students,79,88.699997,10.9,2018-02-01,Prince Edward Island,0,0,0,0,01feb2018,2018m2,2018,2,0,0,0,1,0,0,0,0,0,0,0,0,1,0,0,0,0,0,0,0,0,0,0,21,0,0,0,1,1,1,1
Prince Edward Island,2018-03-01,Non-students,72.5,88.400002,18,2018-03-01,Prince Edward Island,0,0,0,0,01mar2018,2018m3,2018,3,0,0,0,1,0,0,0,0,0,0,0,0,0,1,0,0,0,0,0,0,0,0,0,27.5,0,0,0,1,1,1,1
Prince Edward Island,2018-04-01,Non-students,72.400002,92.099998,21.4,2018-04-01,Prince Edward Island,0,0,0,0,01apr2018,2018m4,2018,4,0,0,0,1,0,0,0,0,0,0,0,0,0,0,1,0,0,0,0,0,0,0,0,27.599998,0,0,0,1,1,1,1
Prince Edward Island,2018-09-01,Non-students,85.900002,91,5.5999999,2018-09-01,Prince Edward Island,0,0,0,0,01sep2018,2018m9,2018,9,0,0,0,1,0,0,0,0,0,0,0,0,0,0,0,1,0,0,0,0,0,0,0,14.099998,0,0,0,1,1,1,1
Prince Edward Island,2018-10-01,Non-students,79.199997,88.300003,10.3,2018-10-01,Prince Edward Island,0,0,0,0,01oct2018,2018m10,2018,10,0,0,0,1,0,0,0,0,0,0,0,0,0,0,0,0,1,0,0,0,0,0,0,20.800003,0,0,0,1,1,1,1
Prince Edward Island,2018-11-01,Non-students,78.699997,92,13,2018-11-01,Prince Edward Island,0,0,0,0,01nov2018,2018m11,2018,11,0,0,0,1,0,0,0,0,0,0,0,0,0,0,0,0,0,1,0,0,0,0,0,21.300003,0,0,0,1,1,1,1
Prince Edward Island,2018-12-01,Non-students,74.699997,86.699997,15.4,2018-12-01,Prince Edward Island,0,0,0,0,01dec2018,2018m12,2018,12,0,0,0,1,0,0,0,0,0,0,0,0,0,0,0,0,0,0,1,0,0,0,0,25.300003,0,0,0,1,1,1,1
Prince Edward Island,2019-01-01,Non-students,72.599998,90.400002,19.700001,2019-01-01,Prince Edward Island,0,0,0,0,01jan2019,2019m1,2019,1,0,0,0,0,1,0,0,0,0,0,0,1,0,0,0,0,0,0,0,0,0,0,0,27.400002,0,0,0,1,1,1,1
Prince Edward Island,2019-02-01,Non-students,78.400002,90.5,13.4,2019-02-01,Prince Edward Island,0,0,0,0,01feb2019,2019m2,2019,2,0,0,0,0,1,0,0,0,0,0,0,0,1,0,0,0,0,0,0,0,0,0,0,21.599998,0,0,0,1,1,1,1
Prince Edward Island,2019-03-01,Non-students,76.300003,89.5,14.7,2019-03-01,Prince Edward Island,0,0,0,0,01mar2019,2019m3,2019,3,0,0,0,0,1,0,0,0,0,0,0,0,0,1,0,0,0,0,0,0,0,0,0,23.699997,0,0,0,1,1,1,1
Prince Edward Island,2019-04-01,Non-students,74.699997,90.099998,15.9,2019-04-01,Prince Edward Island,0,0,0,0,01apr2019,2019m4,2019,4,0,0,0,0,1,0,0,0,0,0,0,0,0,0,1,0,0,0,0,0,0,0,0,25.300003,0,0,0,1,1,1,1
Prince Edward Island,2019-09-01,Non-students,84,90.400002,5.9000001,2019-09-01,Prince Edward Island,0,0,0,0,01sep2019,2019m9,2019,9,0,0,0,0,1,0,0,0,0,0,0,0,0,0,0,1,0,0,0,0,0,0,0,16,0,0,0,1,1,1,1
Prince Edward Island,2019-10-01,Non-students,84.800003,94.599998,10.3,2019-10-01,Prince Edward Island,0,0,0,0,01oct2019,2019m10,2019,10,0,0,0,0,1,0,0,0,0,0,0,0,0,0,0,0,1,0,0,0,0,0,0,15.199997,0,0,0,1,1,1,1
Prince Edward Island,2019-11-01,Non-students,83.699997,93,8.8000002,2019-11-01,Prince Edward Island,0,0,0,0,01nov2019,2019m11,2019,11,0,0,0,0,1,0,0,0,0,0,0,0,0,0,0,0,0,1,0,0,0,0,0,16.300003,0,0,0,1,1,1,1
Prince Edward Island,2019-12-01,Non-students,85.699997,91.199997,6,2019-12-01,Prince Edward Island,0,0,0,0,01dec2019,2019m12,2019,12,0,0,0,0,1,0,0,0,0,0,0,0,0,0,0,0,0,0,1,0,0,0,0,14.300003,0,0,0,1,1,1,1
Prince Edward Island,2020-01-01,Non-students,81.900002,90.400002,9.3000002,2020-01-01,Prince Edward Island,0,0,0,0,01jan2020,2020m1,2020,1,0,0,0,0,0,1,0,0,0,0,0,1,0,0,0,0,0,0,0,0,0,0,0,18.099998,0,0,0,1,1,1,1
Prince Edward Island,2020-02-01,Non-students,81,95.199997,15,2020-02-01,Prince Edward Island,0,0,0,0,01feb2020,2020m2,2020,2,0,0,0,0,0,1,0,0,0,0,0,0,1,0,0,0,0,0,0,0,0,0,0,19,0,0,0,1,1,1,1
Prince Edward Island,2020-03-01,Non-students,67,79.599998,15.9,2020-03-01,Prince Edward Island,0,1,0,0,01mar2020,2020m3,2020,3,0,0,0,0,0,1,0,0,0,0,0,0,0,1,0,0,0,0,0,0,0,0,0,33,0,0,0,1,1,1,1
Prince Edward Island,2020-04-01,Non-students,55.400002,69.599998,20.299999,2020-04-01,Prince Edward Island,0,1,0,0,01apr2020,2020m4,2020,4,0,0,0,0,0,1,0,0,0,0,0,0,0,0,1,0,0,0,0,0,0,0,0,44.599998,0,0,0,1,1,1,1
Prince Edward Island,2020-09-01,Non-students,82.300003,91.099998,8.3000002,2020-09-01,Prince Edward Island,0,1,0,0,01sep2020,2020m9,2020,9,0,0,0,0,0,1,0,0,0,0,0,0,0,0,0,1,0,0,0,0,0,0,0,17.699997,0,0,0,1,1,1,1
Prince Edward Island,2020-10-01,Non-students,76.5,90.099998,15.1,2020-10-01,Prince Edward Island,0,1,0,0,01oct2020,2020m10,2020,10,0,0,0,0,0,1,0,0,0,0,0,0,0,0,0,0,1,0,0,0,0,0,0,23.5,0,0,0,1,1,1,1
Prince Edward Island,2020-11-01,Non-students,71.599998,85.199997,17.299999,2020-11-01,Prince Edward Island,0,1,0,0,01nov2020,2020m11,2020,11,0,0,0,0,0,1,0,0,0,0,0,0,0,0,0,0,0,1,0,0,0,0,0,28.400002,0,0,0,1,1,1,1
Prince Edward Island,2020-12-01,Non-students,75.599998,91.900002,17.700001,2020-12-01,Prince Edward Island,0,1,0,0,01dec2020,2020m12,2020,12,0,0,0,0,0,1,0,0,0,0,0,0,0,0,0,0,0,0,1,0,0,0,0,24.400002,0,0,0,1,1,1,1
Prince Edward Island,2021-01-01,Non-students,68.599998,81.400002,15.7,2021-01-01,Prince Edward Island,0,1,0,0,01jan2021,2021m1,2021,1,0,0,0,0,0,0,1,0,0,0,0,1,0,0,0,0,0,0,0,0,0,0,0,31.400002,0,0,0,1,1,1,1
Prince Edward Island,2021-02-01,Non-students,72.199997,86.699997,16.700001,2021-02-01,Prince Edward Island,0,1,0,0,01feb2021,2021m2,2021,2,0,0,0,0,0,0,1,0,0,0,0,0,1,0,0,0,0,0,0,0,0,0,0,27.800003,0,0,0,1,1,1,1
Prince Edward Island,2021-03-01,Non-students,68.900002,83.300003,17.299999,2021-03-01,Prince Edward Island,0,1,0,0,01mar2021,2021m3,2021,3,0,0,0,0,0,0,1,0,0,0,0,0,0,1,0,0,0,0,0,0,0,0,0,31.099998,0,0,0,1,1,1,1
Prince Edward Island,2021-04-01,Non-students,77,92,16.299999,2021-04-01,Prince Edward Island,0,1,0,0,01apr2021,2021m4,2021,4,0,0,0,0,0,0,1,0,0,0,0,0,0,0,1,0,0,0,0,0,0,0,0,23,0,0,0,1,1,1,1
Prince Edward Island,2021-09-01,Non-students,80.400002,91.300003,11.9,2021-09-01,Prince Edward Island,0,1,0,0,01sep2021,2021m9,2021,9,0,0,0,0,0,0,1,0,0,0,0,0,0,0,0,1,0,0,0,0,0,0,0,19.599998,0,0,0,1,1,1,1
Prince Edward Island,2021-10-01,Non-students,82.599998,92.400002,10.6,2021-10-01,Prince Edward Island,0,1,0,0,01oct2021,2021m10,2021,10,0,0,0,0,0,0,1,0,0,0,0,0,0,0,0,0,1,0,0,0,0,0,0,17.400002,0,0,0,1,1,1,1
Prince Edward Island,2021-11-01,Non-students,81.699997,92.699997,13.2,2021-11-01,Prince Edward Island,0,1,0,0,01nov2021,2021m11,2021,11,0,0,0,0,0,0,1,0,0,0,0,0,0,0,0,0,0,1,0,0,0,0,0,18.300003,0,0,0,1,1,1,1
Prince Edward Island,2021-12-01,Non-students,81.800003,88.599998,7.6999998,2021-12-01,Prince Edward Island,0,1,0,0,01dec2021,2021m12,2021,12,0,0,0,0,0,0,1,0,0,0,0,0,0,0,0,0,0,0,1,0,0,0,0,18.199997,0,0,0,1,1,1,1
Prince Edward Island,2022-01-01,Non-students,80.699997,87.5,7.8000002,2022-01-01,Prince Edward Island,0,1,0,0,01jan2022,2022m1,2022,1,0,0,0,0,0,0,0,1,0,0,0,1,0,0,0,0,0,0,0,0,0,0,0,19.300003,0,0,0,1,1,1,1
Prince Edward Island,2022-02-01,Non-students,83.099998,97.800003,14.9,2022-02-01,Prince Edward Island,0,1,0,0,01feb2022,2022m2,2022,2,0,0,0,0,0,0,0,1,0,0,0,0,1,0,0,0,0,0,0,0,0,0,0,16.900002,0,0,0,1,1,1,1
Prince Edward Island,2022-03-01,Non-students,79.300003,95.400002,16.9,2022-03-01,Prince Edward Island,0,1,0,0,01mar2022,2022m3,2022,3,0,0,0,0,0,0,0,1,0,0,0,0,0,1,0,0,0,0,0,0,0,0,0,20.699997,0,0,0,1,1,1,1
Prince Edward Island,2022-04-01,Non-students,72.5,92.300003,21.4,2022-04-01,Prince Edward Island,0,1,0,0,01apr2022,2022m4,2022,4,0,0,0,0,0,0,0,1,0,0,0,0,0,0,1,0,0,0,0,0,0,0,0,27.5,0,0,0,1,1,1,1
Prince Edward Island,2022-09-01,Non-students,72.400002,79.300003,8.6999998,2022-09-01,Prince Edward Island,0,1,0,0,01sep2022,2022m9,2022,9,0,0,0,0,0,0,0,1,0,0,0,0,0,0,0,1,0,0,0,0,0,0,0,27.599998,0,0,0,1,1,1,1
Prince Edward Island,2022-10-01,Non-students,73,86,14,2022-10-01,Prince Edward Island,0,1,0,0,01oct2022,2022m10,2022,10,0,0,0,0,0,0,0,1,0,0,0,0,0,0,0,0,1,0,0,0,0,0,0,27,0,0,0,1,1,1,1
Prince Edward Island,2022-11-01,Non-students,70.099998,83.900002,16.4,2022-11-01,Prince Edward Island,0,1,0,0,01nov2022,2022m11,2022,11,0,0,0,0,0,0,0,1,0,0,0,0,0,0,0,0,0,1,0,0,0,0,0,29.900002,0,0,0,1,1,1,1
Prince Edward Island,2022-12-01,Non-students,76.5,83.5,8.5,2022-12-01,Prince Edward Island,0,1,0,0,01dec2022,2022m12,2022,12,0,0,0,0,0,0,0,1,0,0,0,0,0,0,0,0,0,0,1,0,0,0,0,23.5,0,0,0,1,1,1,1
Prince Edward Island,2023-01-01,Non-students,64,82,21.9,2023-01-01,Prince Edward Island,0,1,0,0,01jan2023,2023m1,2023,1,0,0,0,0,0,0,0,0,1,0,0,1,0,0,0,0,0,0,0,0,0,0,0,36,0,0,0,1,1,1,1
Prince Edward Island,2023-02-01,Non-students,76,87,12.6,2023-02-01,Prince Edward Island,0,1,0,0,01feb2023,2023m2,2023,2,0,0,0,0,0,0,0,0,1,0,0,0,1,0,0,0,0,0,0,0,0,0,0,24,0,0,0,1,1,1,1
Prince Edward Island,2023-03-01,Non-students,73.900002,83.699997,11.7,2023-03-01,Prince Edward Island,0,1,0,0,01mar2023,2023m3,2023,3,0,0,0,0,0,0,0,0,1,0,0,0,0,1,0,0,0,0,0,0,0,0,0,26.099998,0,0,0,1,1,1,1
Prince Edward Island,2023-04-01,Non-students,75.5,90.199997,17.4,2023-04-01,Prince Edward Island,0,1,0,0,01apr2023,2023m4,2023,4,0,0,0,0,0,0,0,0,1,0,0,0,0,0,1,0,0,0,0,0,0,0,0,24.5,0,0,0,1,1,1,1
Prince Edward Island,2023-09-01,Non-students,86.900002,93.5,7,2023-09-01,Prince Edward Island,0,1,0,0,01sep2023,2023m9,2023,9,0,0,0,0,0,0,0,0,1,0,0,0,0,0,0,1,0,0,0,0,0,0,0,13.099998,0,0,0,1,1,1,1
Prince Edward Island,2023-10-01,Non-students,87.099998,92.099998,5.4000001,2023-10-01,Prince Edward Island,0,1,0,0,01oct2023,2023m10,2023,10,0,0,0,0,0,0,0,0,1,0,0,0,0,0,0,0,1,0,0,0,0,0,0,12.900002,0,0,0,1,1,1,1
Prince Edward Island,2023-11-01,Non-students,82.699997,90.800003,7.9000001,2023-11-01,Prince Edward Island,0,1,0,0,01nov2023,2023m11,2023,11,0,0,0,0,0,0,0,0,1,0,0,0,0,0,0,0,0,1,0,0,0,0,0,17.300003,0,0,0,1,1,1,1
Prince Edward Island,2023-12-01,Non-students,83.300003,89.199997,6.5999999,2023-12-01,Prince Edward Island,0,1,0,0,01dec2023,2023m12,2023,12,0,0,0,0,0,0,0,0,1,0,0,0,0,0,0,0,0,0,1,0,0,0,0,16.699997,0,0,0,1,1,1,1
Prince Edward Island,2024-01-01,Non-students,78.199997,87.300003,10.4,2024-01-01,Prince Edward Island,0,1,0,0,01jan2024,2024m1,2024,1,0,0,0,0,0,0,0,0,0,1,0,1,0,0,0,0,0,0,0,0,0,0,0,21.800003,0,0,0,1,1,1,1
Prince Edward Island,2024-02-01,Non-students,76.800003,85.300003,9.8999996,2024-02-01,Prince Edward Island,0,1,0,0,01feb2024,2024m2,2024,2,0,0,0,0,0,0,0,0,0,1,0,0,1,0,0,0,0,0,0,0,0,0,0,23.199997,0,0,0,1,1,1,1
Prince Edward Island,2024-03-01,Non-students,76.800003,87.900002,12.6,2024-03-01,Prince Edward Island,0,1,0,0,01mar2024,2024m3,2024,3,0,0,0,0,0,0,0,0,0,1,0,0,0,1,0,0,0,0,0,0,0,0,0,23.199997,0,0,0,1,1,1,1
Prince Edward Island,2024-04-01,Non-students,78.800003,88.5,9.8000002,2024-04-01,Prince Edward Island,0,1,0,0,01apr2024,2024m4,2024,4,0,0,0,0,0,0,0,0,0,1,0,0,0,0,1,0,0,0,0,0,0,0,0,21.199997,0,0,0,1,1,1,1
Prince Edward Island,2024-09-01,Non-students,80.400002,88.699997,9.3000002,2024-09-01,Prince Edward Island,0,1,0,0,01sep2024,2024m9,2024,9,0,0,0,0,0,0,0,0,0,1,0,0,0,0,0,1,0,0,0,0,0,0,0,19.599998,0,0,0,1,1,1,1
Prince Edward Island,2024-10-01,Non-students,79.800003,87.199997,9.5,2024-10-01,Prince Edward Island,0,1,0,0,01oct2024,2024m10,2024,10,0,0,0,0,0,0,0,0,0,1,0,0,0,0,0,0,1,0,0,0,0,0,0,20.199997,0,0,0,1,1,1,1
Prince Edward Island,2024-11-01,Non-students,79.199997,91.5,13.4,2024-11-01,Prince Edward Island,0,1,0,0,01nov2024,2024m11,2024,11,0,0,0,0,0,0,0,0,0,1,0,0,0,0,0,0,0,1,0,0,0,0,0,20.800003,0,0,0,1,1,1,1
Prince Edward Island,2024-12-01,Non-students,77.900002,84.599998,8,2024-12-01,Prince Edward Island,0,1,0,0,01dec2024,2024m12,2024,12,0,0,0,0,0,0,0,0,0,1,0,0,0,0,0,0,0,0,1,0,0,0,0,22.099998,0,0,0,1,1,1,1
Prince Edward Island,2025-01-01,Non-students,81.400002,89.199997,8.8000002,2025-01-01,Prince Edward Island,0,1,0,0,01jan2025,2025m1,2025,1,0,0,0,0,0,0,0,0,0,0,1,1,0,0,0,0,0,0,0,0,0,0,0,18.599998,0,0,0,1,1,1,1
Prince Edward Island,2025-02-01,Non-students,85,94,9.6000004,2025-02-01,Prince Edward Island,0,1,0,0,01feb2025,2025m2,2025,2,0,0,0,0,0,0,0,0,0,0,1,0,1,0,0,0,0,0,0,0,0,0,0,15,0,0,0,1,1,1,1
Prince Edward Island,2025-03-01,Non-students,81.099998,88.699997,9.6000004,2025-03-01,Prince Edward Island,0,1,0,0,01mar2025,2025m3,2025,3,0,0,0,0,0,0,0,0,0,0,1,0,0,1,0,0,0,0,0,0,0,0,0,18.900002,0,0,0,1,1,1,1
Prince Edward Island,2025-04-01,Non-students,81.699997,87,6,2025-04-01,Prince Edward Island,0,1,0,0,01apr2025,2025m4,2025,4,0,0,0,0,0,0,0,0,0,0,1,0,0,0,1,0,0,0,0,0,0,0,0,18.300003,0,0,0,1,1,1,1
Prince Edward Island,2025-09-01,Non-students,79.699997,94.900002,15.2,2025-09-01,Prince Edward Island,0,1,0,0,01sep2025,2025m9,2025,9,0,0,0,0,0,0,0,0,0,0,1,0,0,0,0,1,0,0,0,0,0,0,0,20.300003,0,0,0,1,1,1,1
Prince Edward Island,2025-10-01,Non-students,77.800003,91.699997,16.200001,2025-10-01,Prince Edward Island,0,1,0,0,01oct2025,2025m10,2025,10,0,0,0,0,0,0,0,0,0,0,1,0,0,0,0,0,1,0,0,0,0,0,0,22.199997,0,0,0,1,1,1,1
Prince Edward Island,2025-11-01,Non-students,76.199997,93.300003,18.4,2025-11-01,Prince Edward Island,0,1,0,0,01nov2025,2025m11,2025,11,0,0,0,0,0,0,0,0,0,0,1,0,0,0,0,0,0,1,0,0,0,0,0,23.800003,0,0,0,1,1,1,1
Prince Edward Island,2025-12-01,Non-students,82.400002,92.199997,10.6,2025-12-01,Prince Edward Island,0,1,0,0,01dec2025,2025m12,2025,12,0,0,0,0,0,0,0,0,0,0,1,0,0,0,0,0,0,0,1,0,0,0,0,17.599998,0,0,0,1,1,1,1
Quebec,2015-01-01,Non-students,71.099998,85.699997,17,2015-01-01,Quebec,1,0,0,1,01jan2015,2015m1,2015,1,1,0,0,0,0,0,0,0,0,0,0,1,0,0,0,0,0,0,0,0,0,0,0,28.900002,0,0,,1,1,1,1
Quebec,2015-02-01,Non-students,73.099998,87,16.1,2015-02-01,Quebec,1,0,0,1,01feb2015,2015m2,2015,2,1,0,0,0,0,0,0,0,0,0,0,0,1,0,0,0,0,0,0,0,0,0,0,26.900002,0,0,,1,1,1,1
Quebec,2015-03-01,Non-students,73.400002,85.400002,14,2015-03-01,Quebec,1,0,0,1,01mar2015,2015m3,2015,3,1,0,0,0,0,0,0,0,0,0,0,0,0,1,0,0,0,0,0,0,0,0,0,26.599998,0,0,,1,1,1,1
Quebec,2015-04-01,Non-students,77.199997,87.199997,11.4,2015-04-01,Quebec,1,0,0,1,01apr2015,2015m4,2015,4,1,0,0,0,0,0,0,0,0,0,0,0,0,0,1,0,0,0,0,0,0,0,0,22.800003,0,0,,1,1,1,1
Quebec,2015-09-01,Non-students,80.300003,90.400002,11.1,2015-09-01,Quebec,1,0,0,1,01sep2015,2015m9,2015,9,1,0,0,0,0,0,0,0,0,0,0,0,0,0,0,1,0,0,0,0,0,0,0,19.699997,0,0,,1,1,1,1
Quebec,2015-10-01,Non-students,79.699997,88.900002,10.4,2015-10-01,Quebec,1,0,0,1,01oct2015,2015m10,2015,10,1,0,0,0,0,0,0,0,0,0,0,0,0,0,0,0,1,0,0,0,0,0,0,20.300003,0,0,,1,1,1,1
Quebec,2015-11-01,Non-students,78.400002,88.699997,11.6,2015-11-01,Quebec,1,0,0,1,01nov2015,2015m11,2015,11,1,0,0,0,0,0,0,0,0,0,0,0,0,0,0,0,0,1,0,0,0,0,0,21.599998,0,0,,1,1,1,1
Quebec,2015-12-01,Non-students,76.199997,88.099998,13.5,2015-12-01,Quebec,1,0,0,1,01dec2015,2015m12,2015,12,1,0,0,0,0,0,0,0,0,0,0,0,0,0,0,0,0,0,1,0,0,0,0,23.800003,0,0,,1,1,1,1
Quebec,2016-01-01,Non-students,72.400002,83.800003,13.6,2016-01-01,Quebec,1,0,0,1,01jan2016,2016m1,2016,1,0,1,0,0,0,0,0,0,0,0,0,1,0,0,0,0,0,0,0,1,0,0,0,27.599998,0,0,,1,1,1,1
Quebec,2016-02-01,Non-students,74.5,86.599998,14,2016-02-01,Quebec,1,0,0,1,01feb2016,2016m2,2016,2,0,1,0,0,0,0,0,0,0,0,0,0,1,0,0,0,0,0,0,1,0,0,0,25.5,0,0,,1,1,1,1
Quebec,2016-03-01,Non-students,74.099998,88.199997,15.9,2016-03-01,Quebec,1,0,0,1,01mar2016,2016m3,2016,3,0,1,0,0,0,0,0,0,0,0,0,0,0,1,0,0,0,0,0,1,0,0,0,25.900002,0,0,,1,1,1,1
Quebec,2016-04-01,Non-students,77,89.400002,13.8,2016-04-01,Quebec,1,0,0,1,01apr2016,2016m4,2016,4,0,1,0,0,0,0,0,0,0,0,0,0,0,0,1,0,0,0,0,1,0,0,0,23,0,0,,1,1,1,1
Quebec,2016-09-01,Non-students,81.400002,91.800003,11.3,2016-09-01,Quebec,1,0,0,1,01sep2016,2016m9,2016,9,0,1,0,0,0,0,0,0,0,0,0,0,0,0,0,1,0,0,0,1,0,0,0,18.599998,0,0,,1,1,1,1
Quebec,2016-10-01,Non-students,79.599998,90.800003,12.4,2016-10-01,Quebec,1,0,0,1,01oct2016,2016m10,2016,10,0,1,0,0,0,0,0,0,0,0,0,0,0,0,0,0,1,0,0,1,0,0,0,20.400002,0,0,,1,1,1,1
Quebec,2016-11-01,Non-students,79.699997,90.300003,11.8,2016-11-01,Quebec,1,0,0,1,01nov2016,2016m11,2016,11,0,1,0,0,0,0,0,0,0,0,0,0,0,0,0,0,0,1,0,1,0,0,0,20.300003,0,0,,1,1,1,1
Quebec,2016-12-01,Non-students,81.5,90,9.3000002,2016-12-01,Quebec,1,0,0,1,01dec2016,2016m12,2016,12,0,1,0,0,0,0,0,0,0,0,0,0,0,0,0,0,0,0,1,1,0,0,0,18.5,0,0,,1,1,1,1
Quebec,2017-01-01,Non-students,76.699997,89.300003,14.1,2017-01-01,Quebec,1,0,0,1,01jan2017,2017m1,2017,1,0,0,1,0,0,0,0,0,0,0,0,1,0,0,0,0,0,0,0,0,1,0,0,23.300003,0,0,,1,1,1,1
Quebec,2017-02-01,Non-students,77.699997,88.800003,12.5,2017-02-01,Quebec,1,0,0,1,01feb2017,2017m2,2017,2,0,0,1,0,0,0,0,0,0,0,0,0,1,0,0,0,0,0,0,0,1,0,0,22.300003,0,0,,1,1,1,1
Quebec,2017-03-01,Non-students,82,89.599998,8.5,2017-03-01,Quebec,1,0,0,1,01mar2017,2017m3,2017,3,0,0,1,0,0,0,0,0,0,0,0,0,0,1,0,0,0,0,0,0,1,0,0,18,0,0,,1,1,1,1
Quebec,2017-04-01,Non-students,78,87.900002,11.2,2017-04-01,Quebec,1,0,0,1,01apr2017,2017m4,2017,4,0,0,1,0,0,0,0,0,0,0,0,0,0,0,1,0,0,0,0,0,1,0,0,22,0,0,,1,1,1,1
Quebec,2017-09-01,Non-students,82.5,90.800003,9.1000004,2017-09-01,Quebec,1,0,0,1,01sep2017,2017m9,2017,9,0,0,1,0,0,0,0,0,0,0,0,0,0,0,0,1,0,0,0,0,1,0,0,17.5,0,0,,1,1,1,1
Quebec,2017-10-01,Non-students,81.099998,89.699997,9.5,2017-10-01,Quebec,1,0,0,1,01oct2017,2017m10,2017,10,0,0,1,0,0,0,0,0,0,0,0,0,0,0,0,0,1,0,0,0,1,0,0,18.900002,0,0,,1,1,1,1
Quebec,2017-11-01,Non-students,83.300003,88.699997,6.0999999,2017-11-01,Quebec,1,0,0,1,01nov2017,2017m11,2017,11,0,0,1,0,0,0,0,0,0,0,0,0,0,0,0,0,0,1,0,0,1,0,0,16.699997,0,0,,1,1,1,1
Quebec,2017-12-01,Non-students,81.5,88,7.4000001,2017-12-01,Quebec,1,0,0,1,01dec2017,2017m12,2017,12,0,0,1,0,0,0,0,0,0,0,0,0,0,0,0,0,0,0,1,0,1,0,0,18.5,0,0,,1,1,1,1
Quebec,2018-01-01,Non-students,78.400002,88.099998,11.1,2018-01-01,Quebec,1,0,0,1,01jan2018,2018m1,2018,1,0,0,0,1,0,0,0,0,0,0,0,1,0,0,0,0,0,0,0,0,0,1,0,21.599998,0,0,,1,1,1,1
Quebec,2018-02-01,Non-students,77.599998,86.699997,10.5,2018-02-01,Quebec,1,0,0,1,01feb2018,2018m2,2018,2,0,0,0,1,0,0,0,0,0,0,0,0,1,0,0,0,0,0,0,0,0,1,0,22.400002,0,0,,1,1,1,1
Quebec,2018-03-01,Non-students,79.900002,88.400002,9.6000004,2018-03-01,Quebec,1,0,0,1,01mar2018,2018m3,2018,3,0,0,0,1,0,0,0,0,0,0,0,0,0,1,0,0,0,0,0,0,0,1,0,20.099998,0,0,,1,1,1,1
Quebec,2018-04-01,Non-students,80.699997,89.5,9.8999996,2018-04-01,Quebec,1,0,0,1,01apr2018,2018m4,2018,4,0,0,0,1,0,0,0,0,0,0,0,0,0,0,1,0,0,0,0,0,0,1,0,19.300003,0,0,,1,1,1,1
Quebec,2018-09-01,Non-students,81.900002,87.099998,5.9000001,2018-09-01,Quebec,1,0,0,1,01sep2018,2018m9,2018,9,0,0,0,1,0,0,0,0,0,0,0,0,0,0,0,1,0,0,0,0,0,1,0,18.099998,0,0,,1,1,1,1
Quebec,2018-10-01,Non-students,80.5,87.099998,7.6999998,2018-10-01,Quebec,1,0,0,1,01oct2018,2018m10,2018,10,0,0,0,1,0,0,0,0,0,0,0,0,0,0,0,0,1,0,0,0,0,1,0,19.5,0,0,,1,1,1,1
Quebec,2018-11-01,Non-students,79.699997,87.900002,9.3999996,2018-11-01,Quebec,1,0,0,1,01nov2018,2018m11,2018,11,0,0,0,1,0,0,0,0,0,0,0,0,0,0,0,0,0,1,0,0,0,1,0,20.300003,0,0,,1,1,1,1
Quebec,2018-12-01,Non-students,82.300003,91.400002,9.8999996,2018-12-01,Quebec,1,0,0,1,01dec2018,2018m12,2018,12,0,0,0,1,0,0,0,0,0,0,0,0,0,0,0,0,0,0,1,0,0,1,0,17.699997,0,0,,1,1,1,1
Quebec,2019-01-01,Non-students,78.199997,88.800003,12,2019-01-01,Quebec,1,0,0,1,01jan2019,2019m1,2019,1,0,0,0,0,1,0,0,0,0,0,0,1,0,0,0,0,0,0,0,0,0,0,1,21.800003,0,0,,1,1,1,1
Quebec,2019-02-01,Non-students,80.400002,90.099998,10.8,2019-02-01,Quebec,1,0,0,1,01feb2019,2019m2,2019,2,0,0,0,0,1,0,0,0,0,0,0,0,1,0,0,0,0,0,0,0,0,0,1,19.599998,0,0,,1,1,1,1
Quebec,2019-03-01,Non-students,81.5,90.300003,9.6999998,2019-03-01,Quebec,1,0,0,1,01mar2019,2019m3,2019,3,0,0,0,0,1,0,0,0,0,0,0,0,0,1,0,0,0,0,0,0,0,0,1,18.5,0,0,,1,1,1,1
Quebec,2019-04-01,Non-students,83.099998,90.800003,8.3999996,2019-04-01,Quebec,1,0,0,1,01apr2019,2019m4,2019,4,0,0,0,0,1,0,0,0,0,0,0,0,0,0,1,0,0,0,0,0,0,0,1,16.900002,0,0,,1,1,1,1
Quebec,2019-09-01,Non-students,84.099998,90.699997,7.3000002,2019-09-01,Quebec,1,0,0,1,01sep2019,2019m9,2019,9,0,0,0,0,1,0,0,0,0,0,0,0,0,0,0,1,0,0,0,0,0,0,1,15.900002,0,0,,1,1,1,1
Quebec,2019-10-01,Non-students,82.599998,89.699997,7.9000001,2019-10-01,Quebec,1,0,0,1,01oct2019,2019m10,2019,10,0,0,0,0,1,0,0,0,0,0,0,0,0,0,0,0,1,0,0,0,0,0,1,17.400002,0,0,,1,1,1,1
Quebec,2019-11-01,Non-students,81.300003,90,9.6000004,2019-11-01,Quebec,1,0,0,1,01nov2019,2019m11,2019,11,0,0,0,0,1,0,0,0,0,0,0,0,0,0,0,0,0,1,0,0,0,0,1,18.699997,0,0,,1,1,1,1
Quebec,2019-12-01,Non-students,79.300003,88.699997,10.5,2019-12-01,Quebec,1,0,0,1,01dec2019,2019m12,2019,12,0,0,0,0,1,0,0,0,0,0,0,0,0,0,0,0,0,0,1,0,0,0,1,20.699997,0,0,,1,1,1,1
Quebec,2020-01-01,Non-students,79.900002,87.300003,8.5,2020-01-01,Quebec,1,0,0,1,01jan2020,2020m1,2020,1,0,0,0,0,0,1,0,0,0,0,0,1,0,0,0,0,0,0,0,0,0,0,0,20.099998,0,0,,1,1,1,1
Quebec,2020-02-01,Non-students,79.699997,88.5,9.8999996,2020-02-01,Quebec,1,0,0,1,01feb2020,2020m2,2020,2,0,0,0,0,0,1,0,0,0,0,0,0,1,0,0,0,0,0,0,0,0,0,0,20.300003,0,0,,1,1,1,1
Quebec,2020-03-01,Non-students,64.800003,78.300003,17.299999,2020-03-01,Quebec,1,1,1,1,01mar2020,2020m3,2020,3,0,0,0,0,0,1,0,0,0,0,0,0,0,1,0,0,0,0,0,0,0,0,0,35.199997,0,0,,1,1,1,1
Quebec,2020-04-01,Non-students,53.599998,77.199997,30.5,2020-04-01,Quebec,1,1,1,1,01apr2020,2020m4,2020,4,0,0,0,0,0,1,0,0,0,0,0,0,0,0,1,0,0,0,0,0,0,0,0,46.400002,0,0,,1,1,1,1
Quebec,2020-09-01,Non-students,81.800003,91.599998,10.7,2020-09-01,Quebec,1,1,1,1,01sep2020,2020m9,2020,9,0,0,0,0,0,1,0,0,0,0,0,0,0,0,0,1,0,0,0,0,0,0,0,18.199997,0,0,,1,1,1,1
Quebec,2020-10-01,Non-students,73.400002,87.800003,16.4,2020-10-01,Quebec,1,1,1,1,01oct2020,2020m10,2020,10,0,0,0,0,0,1,0,0,0,0,0,0,0,0,0,0,1,0,0,0,0,0,0,26.599998,0,0,,1,1,1,1
Quebec,2020-11-01,Non-students,77.099998,88,12.3,2020-11-01,Quebec,1,1,1,1,01nov2020,2020m11,2020,11,0,0,0,0,0,1,0,0,0,0,0,0,0,0,0,0,0,1,0,0,0,0,0,22.900002,0,0,,1,1,1,1
Quebec,2020-12-01,Non-students,73.5,84.099998,12.6,2020-12-01,Quebec,1,1,1,1,01dec2020,2020m12,2020,12,0,0,0,0,0,1,0,0,0,0,0,0,0,0,0,0,0,0,1,0,0,0,0,26.5,0,0,,1,1,1,1
Quebec,2021-01-01,Non-students,69.800003,83.5,16.4,2021-01-01,Quebec,1,1,1,1,01jan2021,2021m1,2021,1,0,0,0,0,0,0,1,0,0,0,0,1,0,0,0,0,0,0,0,0,0,0,0,30.199997,0,0,,1,1,1,1
Quebec,2021-02-01,Non-students,77.199997,88,12.3,2021-02-01,Quebec,1,1,1,1,01feb2021,2021m2,2021,2,0,0,0,0,0,0,1,0,0,0,0,0,1,0,0,0,0,0,0,0,0,0,0,22.800003,0,0,,1,1,1,1
Quebec,2021-03-01,Non-students,81.599998,91.199997,10.6,2021-03-01,Quebec,1,1,1,1,01mar2021,2021m3,2021,3,0,0,0,0,0,0,1,0,0,0,0,0,0,1,0,0,0,0,0,0,0,0,0,18.400002,0,0,,1,1,1,1
Quebec,2021-04-01,Non-students,81.599998,91.699997,11,2021-04-01,Quebec,1,1,1,1,01apr2021,2021m4,2021,4,0,0,0,0,0,0,1,0,0,0,0,0,0,0,1,0,0,0,0,0,0,0,0,18.400002,0,0,,1,1,1,1
Quebec,2021-09-01,Non-students,81.800003,89.400002,8.5,2021-09-01,Quebec,1,1,1,1,01sep2021,2021m9,2021,9,0,0,0,0,0,0,1,0,0,0,0,0,0,0,0,1,0,0,0,0,0,0,0,18.199997,0,0,,1,1,1,1
Quebec,2021-10-01,Non-students,81.400002,88.300003,7.9000001,2021-10-01,Quebec,1,1,1,1,01oct2021,2021m10,2021,10,0,0,0,0,0,0,1,0,0,0,0,0,0,0,0,0,1,0,0,0,0,0,0,18.599998,0,0,,1,1,1,1
Quebec,2021-11-01,Non-students,81.300003,86.5,6.0999999,2021-11-01,Quebec,1,1,1,1,01nov2021,2021m11,2021,11,0,0,0,0,0,0,1,0,0,0,0,0,0,0,0,0,0,1,0,0,0,0,0,18.699997,0,0,,1,1,1,1
Quebec,2021-12-01,Non-students,82.5,89.5,7.9000001,2021-12-01,Quebec,1,1,1,1,01dec2021,2021m12,2021,12,0,0,0,0,0,0,1,0,0,0,0,0,0,0,0,0,0,0,1,0,0,0,0,17.5,0,0,,1,1,1,1
Quebec,2022-01-01,Non-students,73,83.099998,12.2,2022-01-01,Quebec,1,1,1,1,01jan2022,2022m1,2022,1,0,0,0,0,0,0,0,1,0,0,0,1,0,0,0,0,0,0,0,0,0,0,0,27,0,0,,1,1,1,1
Quebec,2022-02-01,Non-students,77.099998,84.800003,9.1999998,2022-02-01,Quebec,1,1,1,1,01feb2022,2022m2,2022,2,0,0,0,0,0,0,0,1,0,0,0,0,1,0,0,0,0,0,0,0,0,0,0,22.900002,0,0,,1,1,1,1
Quebec,2022-03-01,Non-students,83.5,91,8.3000002,2022-03-01,Quebec,1,1,1,1,01mar2022,2022m3,2022,3,0,0,0,0,0,0,0,1,0,0,0,0,0,1,0,0,0,0,0,0,0,0,0,16.5,0,0,,1,1,1,1
Quebec,2022-04-01,Non-students,77.099998,86.099998,10.5,2022-04-01,Quebec,1,1,1,1,01apr2022,2022m4,2022,4,0,0,0,0,0,0,0,1,0,0,0,0,0,0,1,0,0,0,0,0,0,0,0,22.900002,0,0,,1,1,1,1
Quebec,2022-09-01,Non-students,80.099998,88.800003,9.8000002,2022-09-01,Quebec,1,1,1,1,01sep2022,2022m9,2022,9,0,0,0,0,0,0,0,1,0,0,0,0,0,0,0,1,0,0,0,0,0,0,0,19.900002,0,0,,1,1,1,1
Quebec,2022-10-01,Non-students,82.800003,90.099998,8.1999998,2022-10-01,Quebec,1,1,1,1,01oct2022,2022m10,2022,10,0,0,0,0,0,0,0,1,0,0,0,0,0,0,0,0,1,0,0,0,0,0,0,17.199997,0,0,,1,1,1,1
Quebec,2022-11-01,Non-students,82.300003,90,8.6000004,2022-11-01,Quebec,1,1,1,1,01nov2022,2022m11,2022,11,0,0,0,0,0,0,0,1,0,0,0,0,0,0,0,0,0,1,0,0,0,0,0,17.699997,0,0,,1,1,1,1
Quebec,2022-12-01,Non-students,83.5,90.199997,7.4000001,2022-12-01,Quebec,1,1,1,1,01dec2022,2022m12,2022,12,0,0,0,0,0,0,0,1,0,0,0,0,0,0,0,0,0,0,1,0,0,0,0,16.5,0,0,,1,1,1,1
Quebec,2023-01-01,Non-students,80.099998,89.199997,10.2,2023-01-01,Quebec,1,1,1,1,01jan2023,2023m1,2023,1,0,0,0,0,0,0,0,0,1,0,0,1,0,0,0,0,0,0,0,0,0,0,0,19.900002,0,0,,1,1,1,1
Quebec,2023-02-01,Non-students,79.699997,86.099998,7.5,2023-02-01,Quebec,1,1,1,1,01feb2023,2023m2,2023,2,0,0,0,0,0,0,0,0,1,0,0,0,1,0,0,0,0,0,0,0,0,0,0,20.300003,0,0,,1,1,1,1
Quebec,2023-03-01,Non-students,80.699997,88.800003,9.1000004,2023-03-01,Quebec,1,1,1,1,01mar2023,2023m3,2023,3,0,0,0,0,0,0,0,0,1,0,0,0,0,1,0,0,0,0,0,0,0,0,0,19.300003,0,0,,1,1,1,1
Quebec,2023-04-01,Non-students,83.900002,91.300003,8.1000004,2023-04-01,Quebec,1,1,1,1,01apr2023,2023m4,2023,4,0,0,0,0,0,0,0,0,1,0,0,0,0,0,1,0,0,0,0,0,0,0,0,16.099998,0,0,,1,1,1,1
Quebec,2023-09-01,Non-students,82.599998,89.800003,8,2023-09-01,Quebec,1,1,1,1,01sep2023,2023m9,2023,9,0,0,0,0,0,0,0,0,1,0,0,0,0,0,0,1,0,0,0,0,0,0,0,17.400002,0,0,,1,1,1,1
Quebec,2023-10-01,Non-students,81.900002,90.199997,9.1999998,2023-10-01,Quebec,1,1,1,1,01oct2023,2023m10,2023,10,0,0,0,0,0,0,0,0,1,0,0,0,0,0,0,0,1,0,0,0,0,0,0,18.099998,0,0,,1,1,1,1
Quebec,2023-11-01,Non-students,78,88.900002,12.2,2023-11-01,Quebec,1,1,1,1,01nov2023,2023m11,2023,11,0,0,0,0,0,0,0,0,1,0,0,0,0,0,0,0,0,1,0,0,0,0,0,22,0,0,,1,1,1,1
Quebec,2023-12-01,Non-students,76.800003,85.300003,10,2023-12-01,Quebec,1,1,1,1,01dec2023,2023m12,2023,12,0,0,0,0,0,0,0,0,1,0,0,0,0,0,0,0,0,0,1,0,0,0,0,23.199997,0,0,,1,1,1,1
Quebec,2024-01-01,Non-students,75.800003,85.900002,11.7,2024-01-01,Quebec,1,1,1,1,01jan2024,2024m1,2024,1,0,0,0,0,0,0,0,0,0,1,0,1,0,0,0,0,0,0,0,0,0,0,0,24.199997,0,0,,1,1,1,1
Quebec,2024-02-01,Non-students,77.199997,86.5,10.8,2024-02-01,Quebec,1,1,1,1,01feb2024,2024m2,2024,2,0,0,0,0,0,0,0,0,0,1,0,0,1,0,0,0,0,0,0,0,0,0,0,22.800003,0,0,,1,1,1,1
Quebec,2024-03-01,Non-students,78.5,86.699997,9.3999996,2024-03-01,Quebec,1,1,1,1,01mar2024,2024m3,2024,3,0,0,0,0,0,0,0,0,0,1,0,0,0,1,0,0,0,0,0,0,0,0,0,21.5,0,0,,1,1,1,1
Quebec,2024-04-01,Non-students,78.199997,87.300003,10.5,2024-04-01,Quebec,1,1,1,1,01apr2024,2024m4,2024,4,0,0,0,0,0,0,0,0,0,1,0,0,0,0,1,0,0,0,0,0,0,0,0,21.800003,0,0,,1,1,1,1
Quebec,2024-09-01,Non-students,81.099998,89.099998,9,2024-09-01,Quebec,1,1,1,1,01sep2024,2024m9,2024,9,0,0,0,0,0,0,0,0,0,1,0,0,0,0,0,1,0,0,0,0,0,0,0,18.900002,0,0,,1,1,1,1
Quebec,2024-10-01,Non-students,81.900002,91.5,10.5,2024-10-01,Quebec,1,1,1,1,01oct2024,2024m10,2024,10,0,0,0,0,0,0,0,0,0,1,0,0,0,0,0,0,1,0,0,0,0,0,0,18.099998,0,0,,1,1,1,1
Quebec,2024-11-01,Non-students,80.300003,89.5,10.2,2024-11-01,Quebec,1,1,1,1,01nov2024,2024m11,2024,11,0,0,0,0,0,0,0,0,0,1,0,0,0,0,0,0,0,1,0,0,0,0,0,19.699997,0,0,,1,1,1,1
Quebec,2024-12-01,Non-students,82.599998,91.099998,9.3000002,2024-12-01,Quebec,1,1,1,1,01dec2024,2024m12,2024,12,0,0,0,0,0,0,0,0,0,1,0,0,0,0,0,0,0,0,1,0,0,0,0,17.400002,0,0,,1,1,1,1
Quebec,2025-01-01,Non-students,77.099998,86,10.3,2025-01-01,Quebec,1,1,1,1,01jan2025,2025m1,2025,1,0,0,0,0,0,0,0,0,0,0,1,1,0,0,0,0,0,0,0,0,0,0,0,22.900002,0,0,,1,1,1,1
Quebec,2025-02-01,Non-students,78.599998,87.900002,10.6,2025-02-01,Quebec,1,1,1,1,01feb2025,2025m2,2025,2,0,0,0,0,0,0,0,0,0,0,1,0,1,0,0,0,0,0,0,0,0,0,0,21.400002,0,0,,1,1,1,1
Quebec,2025-03-01,Non-students,79,87,9.1999998,2025-03-01,Quebec,1,1,1,1,01mar2025,2025m3,2025,3,0,0,0,0,0,0,0,0,0,0,1,0,0,1,0,0,0,0,0,0,0,0,0,21,0,0,,1,1,1,1
Quebec,2025-04-01,Non-students,80.099998,90.400002,11.4,2025-04-01,Quebec,1,1,1,1,01apr2025,2025m4,2025,4,0,0,0,0,0,0,0,0,0,0,1,0,0,0,1,0,0,0,0,0,0,0,0,19.900002,0,0,,1,1,1,1
Quebec,2025-09-01,Non-students,84.300003,92.599998,9,2025-09-01,Quebec,1,1,1,1,01sep2025,2025m9,2025,9,0,0,0,0,0,0,0,0,0,0,1,0,0,0,0,1,0,0,0,0,0,0,0,15.699997,0,0,,1,1,1,1
Quebec,2025-10-01,Non-students,83.900002,92.800003,9.5,2025-10-01,Quebec,1,1,1,1,01oct2025,2025m10,2025,10,0,0,0,0,0,0,0,0,0,0,1,0,0,0,0,0,1,0,0,0,0,0,0,16.099998,0,0,,1,1,1,1
Quebec,2025-11-01,Non-students,86,92.900002,7.5,2025-11-01,Quebec,1,1,1,1,01nov2025,2025m11,2025,11,0,0,0,0,0,0,0,0,0,0,1,0,0,0,0,0,0,1,0,0,0,0,0,14,0,0,,1,1,1,1
Quebec,2025-12-01,Non-students,82.699997,89.800003,7.8000002,2025-12-01,Quebec,1,1,1,1,01dec2025,2025m12,2025,12,0,0,0,0,0,0,0,0,0,0,1,0,0,0,0,0,0,0,1,0,0,0,0,17.300003,0,0,,1,1,1,1
Saskatchewan,2015-01-01,Non-students,76.300003,84.099998,9.1000004,2015-01-01,Saskatchewan,0,0,0,,01jan2015,2015m1,2015,1,1,0,0,0,0,0,0,0,0,0,0,1,0,0,0,0,0,0,0,0,0,0,0,23.699997,1,0,1,1,0,0,0
Saskatchewan,2015-02-01,Non-students,77.199997,87,11.3,2015-02-01,Saskatchewan,0,0,0,,01feb2015,2015m2,2015,2,1,0,0,0,0,0,0,0,0,0,0,0,1,0,0,0,0,0,0,0,0,0,0,22.800003,1,0,1,1,0,0,0
Saskatchewan,2015-03-01,Non-students,78.699997,89.099998,11.9,2015-03-01,Saskatchewan,0,0,0,,01mar2015,2015m3,2015,3,1,0,0,0,0,0,0,0,0,0,0,0,0,1,0,0,0,0,0,0,0,0,0,21.300003,1,0,1,1,0,0,0
Saskatchewan,2015-04-01,Non-students,79.900002,88.199997,9.3999996,2015-04-01,Saskatchewan,0,0,0,,01apr2015,2015m4,2015,4,1,0,0,0,0,0,0,0,0,0,0,0,0,0,1,0,0,0,0,0,0,0,0,20.099998,1,0,1,1,0,0,0
Saskatchewan,2015-09-01,Non-students,84.5,90.699997,6.9000001,2015-09-01,Saskatchewan,0,0,0,,01sep2015,2015m9,2015,9,1,0,0,0,0,0,0,0,0,0,0,0,0,0,0,1,0,0,0,0,0,0,0,15.5,1,0,1,1,0,0,0
Saskatchewan,2015-10-01,Non-students,82.099998,90.199997,9,2015-10-01,Saskatchewan,0,0,0,,01oct2015,2015m10,2015,10,1,0,0,0,0,0,0,0,0,0,0,0,0,0,0,0,1,0,0,0,0,0,0,17.900002,1,0,1,1,0,0,0
Saskatchewan,2015-11-01,Non-students,80.400002,87.900002,8.6000004,2015-11-01,Saskatchewan,0,0,0,,01nov2015,2015m11,2015,11,1,0,0,0,0,0,0,0,0,0,0,0,0,0,0,0,0,1,0,0,0,0,0,19.599998,1,0,1,1,0,0,0
Saskatchewan,2015-12-01,Non-students,79.800003,88.5,9.6999998,2015-12-01,Saskatchewan,0,0,0,,01dec2015,2015m12,2015,12,1,0,0,0,0,0,0,0,0,0,0,0,0,0,0,0,0,0,1,0,0,0,0,20.199997,1,0,1,1,0,0,0
Saskatchewan,2016-01-01,Non-students,76.599998,86.099998,11,2016-01-01,Saskatchewan,0,0,0,,01jan2016,2016m1,2016,1,0,1,0,0,0,0,0,0,0,0,0,1,0,0,0,0,0,0,0,0,0,0,0,23.400002,1,0,1,1,0,0,0
Saskatchewan,2016-02-01,Non-students,75.199997,84.900002,11.4,2016-02-01,Saskatchewan,0,0,0,,01feb2016,2016m2,2016,2,0,1,0,0,0,0,0,0,0,0,0,0,1,0,0,0,0,0,0,0,0,0,0,24.800003,1,0,1,1,0,0,0
Saskatchewan,2016-03-01,Non-students,76,85.900002,11.3,2016-03-01,Saskatchewan,0,0,0,,01mar2016,2016m3,2016,3,0,1,0,0,0,0,0,0,0,0,0,0,0,1,0,0,0,0,0,0,0,0,0,24,1,0,1,1,0,0,0
Saskatchewan,2016-04-01,Non-students,73.099998,86.400002,15.5,2016-04-01,Saskatchewan,0,0,0,,01apr2016,2016m4,2016,4,0,1,0,0,0,0,0,0,0,0,0,0,0,0,1,0,0,0,0,0,0,0,0,26.900002,1,0,1,1,0,0,0
Saskatchewan,2016-09-01,Non-students,80.400002,88,8.6999998,2016-09-01,Saskatchewan,0,0,0,,01sep2016,2016m9,2016,9,0,1,0,0,0,0,0,0,0,0,0,0,0,0,0,1,0,0,0,0,0,0,0,19.599998,1,0,1,1,0,0,0
Saskatchewan,2016-10-01,Non-students,78.400002,85.699997,8.5,2016-10-01,Saskatchewan,0,0,0,,01oct2016,2016m10,2016,10,0,1,0,0,0,0,0,0,0,0,0,0,0,0,0,0,1,0,0,0,0,0,0,21.599998,1,0,1,1,0,0,0
Saskatchewan,2016-11-01,Non-students,76.599998,86.199997,11.3,2016-11-01,Saskatchewan,0,0,0,,01nov2016,2016m11,2016,11,0,1,0,0,0,0,0,0,0,0,0,0,0,0,0,0,0,1,0,0,0,0,0,23.400002,1,0,1,1,0,0,0
Saskatchewan,2016-12-01,Non-students,77.199997,86.599998,10.9,2016-12-01,Saskatchewan,0,0,0,,01dec2016,2016m12,2016,12,0,1,0,0,0,0,0,0,0,0,0,0,0,0,0,0,0,0,1,0,0,0,0,22.800003,1,0,1,1,0,0,0
Saskatchewan,2017-01-01,Non-students,76,87.099998,12.7,2017-01-01,Saskatchewan,0,0,0,,01jan2017,2017m1,2017,1,0,0,1,0,0,0,0,0,0,0,0,1,0,0,0,0,0,0,0,0,0,0,0,24,1,0,1,1,0,0,0
Saskatchewan,2017-02-01,Non-students,76.5,88.199997,13,2017-02-01,Saskatchewan,0,0,0,,01feb2017,2017m2,2017,2,0,0,1,0,0,0,0,0,0,0,0,0,1,0,0,0,0,0,0,0,0,0,0,23.5,1,0,1,1,0,0,0
Saskatchewan,2017-03-01,Non-students,75.099998,86.900002,13.6,2017-03-01,Saskatchewan,0,0,0,,01mar2017,2017m3,2017,3,0,0,1,0,0,0,0,0,0,0,0,0,0,1,0,0,0,0,0,0,0,0,0,24.900002,1,0,1,1,0,0,0
Saskatchewan,2017-04-01,Non-students,76.699997,87.5,12.4,2017-04-01,Saskatchewan,0,0,0,,01apr2017,2017m4,2017,4,0,0,1,0,0,0,0,0,0,0,0,0,0,0,1,0,0,0,0,0,0,0,0,23.300003,1,0,1,1,0,0,0
Saskatchewan,2017-09-01,Non-students,77.800003,86.699997,10.3,2017-09-01,Saskatchewan,0,0,0,,01sep2017,2017m9,2017,9,0,0,1,0,0,0,0,0,0,0,0,0,0,0,0,1,0,0,0,0,0,0,0,22.199997,1,0,1,1,0,0,0
Saskatchewan,2017-10-01,Non-students,78.599998,86.099998,8.6999998,2017-10-01,Saskatchewan,0,0,0,,01oct2017,2017m10,2017,10,0,0,1,0,0,0,0,0,0,0,0,0,0,0,0,0,1,0,0,0,0,0,0,21.400002,1,0,1,1,0,0,0
Saskatchewan,2017-11-01,Non-students,78.800003,87.800003,10.2,2017-11-01,Saskatchewan,0,0,0,,01nov2017,2017m11,2017,11,0,0,1,0,0,0,0,0,0,0,0,0,0,0,0,0,0,1,0,0,0,0,0,21.199997,1,0,1,1,0,0,0
Saskatchewan,2017-12-01,Non-students,75.400002,86.900002,13.2,2017-12-01,Saskatchewan,0,0,0,,01dec2017,2017m12,2017,12,0,0,1,0,0,0,0,0,0,0,0,0,0,0,0,0,0,0,1,0,0,0,0,24.599998,1,0,1,1,0,0,0
Saskatchewan,2018-01-01,Non-students,73,85,14.1,2018-01-01,Saskatchewan,0,0,0,,01jan2018,2018m1,2018,1,0,0,0,1,0,0,0,0,0,0,0,1,0,0,0,0,0,0,0,0,0,0,0,27,1,0,1,1,0,0,0
Saskatchewan,2018-02-01,Non-students,77.099998,87.099998,11.2,2018-02-01,Saskatchewan,0,0,0,,01feb2018,2018m2,2018,2,0,0,0,1,0,0,0,0,0,0,0,0,1,0,0,0,0,0,0,0,0,0,0,22.900002,1,0,1,1,0,0,0
Saskatchewan,2018-03-01,Non-students,76,86.699997,12.3,2018-03-01,Saskatchewan,0,0,0,,01mar2018,2018m3,2018,3,0,0,0,1,0,0,0,0,0,0,0,0,0,1,0,0,0,0,0,0,0,0,0,24,1,0,1,1,0,0,0
Saskatchewan,2018-04-01,Non-students,74,84.699997,12.8,2018-04-01,Saskatchewan,0,0,0,,01apr2018,2018m4,2018,4,0,0,0,1,0,0,0,0,0,0,0,0,0,0,1,0,0,0,0,0,0,0,0,26,1,0,1,1,0,0,0
Saskatchewan,2018-09-01,Non-students,80,87.5,8.6000004,2018-09-01,Saskatchewan,0,0,0,,01sep2018,2018m9,2018,9,0,0,0,1,0,0,0,0,0,0,0,0,0,0,0,1,0,0,0,0,0,0,0,20,1,0,1,1,0,0,0
Saskatchewan,2018-10-01,Non-students,81.599998,90.099998,9.3999996,2018-10-01,Saskatchewan,0,0,0,,01oct2018,2018m10,2018,10,0,0,0,1,0,0,0,0,0,0,0,0,0,0,0,0,1,0,0,0,0,0,0,18.400002,1,0,1,1,0,0,0
Saskatchewan,2018-11-01,Non-students,82.900002,88.400002,6.1999998,2018-11-01,Saskatchewan,0,0,0,,01nov2018,2018m11,2018,11,0,0,0,1,0,0,0,0,0,0,0,0,0,0,0,0,0,1,0,0,0,0,0,17.099998,1,0,1,1,0,0,0
Saskatchewan,2018-12-01,Non-students,79.699997,87.900002,9.3000002,2018-12-01,Saskatchewan,0,0,0,,01dec2018,2018m12,2018,12,0,0,0,1,0,0,0,0,0,0,0,0,0,0,0,0,0,0,1,0,0,0,0,20.300003,1,0,1,1,0,0,0
Saskatchewan,2019-01-01,Non-students,78.300003,85.900002,8.8999996,2019-01-01,Saskatchewan,0,0,0,,01jan2019,2019m1,2019,1,0,0,0,0,1,0,0,0,0,0,0,1,0,0,0,0,0,0,0,0,0,0,0,21.699997,1,0,1,1,0,0,0
Saskatchewan,2019-02-01,Non-students,75.599998,84,10,2019-02-01,Saskatchewan,0,0,0,,01feb2019,2019m2,2019,2,0,0,0,0,1,0,0,0,0,0,0,0,1,0,0,0,0,0,0,0,0,0,0,24.400002,1,0,1,1,0,0,0
Saskatchewan,2019-03-01,Non-students,80.800003,88.699997,8.8999996,2019-03-01,Saskatchewan,0,0,0,,01mar2019,2019m3,2019,3,0,0,0,0,1,0,0,0,0,0,0,0,0,1,0,0,0,0,0,0,0,0,0,19.199997,1,0,1,1,0,0,0
Saskatchewan,2019-04-01,Non-students,77.400002,87.800003,11.8,2019-04-01,Saskatchewan,0,0,0,,01apr2019,2019m4,2019,4,0,0,0,0,1,0,0,0,0,0,0,0,0,0,1,0,0,0,0,0,0,0,0,22.599998,1,0,1,1,0,0,0
Saskatchewan,2019-09-01,Non-students,78.699997,87.5,10,2019-09-01,Saskatchewan,0,0,0,,01sep2019,2019m9,2019,9,0,0,0,0,1,0,0,0,0,0,0,0,0,0,0,1,0,0,0,0,0,0,0,21.300003,1,0,1,1,0,0,0
Saskatchewan,2019-10-01,Non-students,79.400002,85.699997,7.3000002,2019-10-01,Saskatchewan,0,0,0,,01oct2019,2019m10,2019,10,0,0,0,0,1,0,0,0,0,0,0,0,0,0,0,0,1,0,0,0,0,0,0,20.599998,1,0,1,1,0,0,0
Saskatchewan,2019-11-01,Non-students,80.400002,89.400002,10.1,2019-11-01,Saskatchewan,0,0,0,,01nov2019,2019m11,2019,11,0,0,0,0,1,0,0,0,0,0,0,0,0,0,0,0,0,1,0,0,0,0,0,19.599998,1,0,1,1,0,0,0
Saskatchewan,2019-12-01,Non-students,77.900002,86.5,10,2019-12-01,Saskatchewan,0,0,0,,01dec2019,2019m12,2019,12,0,0,0,0,1,0,0,0,0,0,0,0,0,0,0,0,0,0,1,0,0,0,0,22.099998,1,0,1,1,0,0,0
Saskatchewan,2020-01-01,Non-students,74.699997,86.699997,13.8,2020-01-01,Saskatchewan,0,0,0,,01jan2020,2020m1,2020,1,0,0,0,0,0,1,0,0,0,0,0,1,0,0,0,0,0,0,0,0,0,0,0,25.300003,1,0,1,1,0,0,0
Saskatchewan,2020-02-01,Non-students,75.900002,86,11.7,2020-02-01,Saskatchewan,0,0,0,,01feb2020,2020m2,2020,2,0,0,0,0,0,1,0,0,0,0,0,0,1,0,0,0,0,0,0,0,0,0,0,24.099998,1,0,1,1,0,0,0
Saskatchewan,2020-03-01,Non-students,66,78.800003,16.200001,2020-03-01,Saskatchewan,0,1,0,,01mar2020,2020m3,2020,3,0,0,0,0,0,1,0,0,0,0,0,0,0,1,0,0,0,0,0,0,0,0,0,34,1,1,1,1,0,0,0
Saskatchewan,2020-04-01,Non-students,54.5,70.199997,22.4,2020-04-01,Saskatchewan,0,1,0,,01apr2020,2020m4,2020,4,0,0,0,0,0,1,0,0,0,0,0,0,0,0,1,0,0,0,0,0,0,0,0,45.5,1,1,1,1,0,0,0
Saskatchewan,2020-09-01,Non-students,73.699997,82.599998,10.8,2020-09-01,Saskatchewan,0,1,0,,01sep2020,2020m9,2020,9,0,0,0,0,0,1,0,0,0,0,0,0,0,0,0,1,0,0,0,0,0,0,0,26.300003,1,1,1,1,0,0,0
Saskatchewan,2020-10-01,Non-students,76.400002,86.599998,11.8,2020-10-01,Saskatchewan,0,1,0,,01oct2020,2020m10,2020,10,0,0,0,0,0,1,0,0,0,0,0,0,0,0,0,0,1,0,0,0,0,0,0,23.599998,1,1,1,1,0,0,0
Saskatchewan,2020-11-01,Non-students,79.800003,87.599998,8.6999998,2020-11-01,Saskatchewan,0,1,0,,01nov2020,2020m11,2020,11,0,0,0,0,0,1,0,0,0,0,0,0,0,0,0,0,0,1,0,0,0,0,0,20.199997,1,1,1,1,0,0,0
Saskatchewan,2020-12-01,Non-students,69,82.099998,15.9,2020-12-01,Saskatchewan,0,1,0,,01dec2020,2020m12,2020,12,0,0,0,0,0,1,0,0,0,0,0,0,0,0,0,0,0,0,1,0,0,0,0,31,1,1,1,1,0,0,0
Saskatchewan,2021-01-01,Non-students,68.800003,84.699997,18.799999,2021-01-01,Saskatchewan,0,1,0,,01jan2021,2021m1,2021,1,0,0,0,0,0,0,1,0,0,0,0,1,0,0,0,0,0,0,0,0,0,0,0,31.199997,1,1,1,1,0,0,0
Saskatchewan,2021-02-01,Non-students,66.599998,78.800003,15.5,2021-02-01,Saskatchewan,0,1,0,,01feb2021,2021m2,2021,2,0,0,0,0,0,0,1,0,0,0,0,0,1,0,0,0,0,0,0,0,0,0,0,33.400002,1,1,1,1,0,0,0
Saskatchewan,2021-03-01,Non-students,70.800003,84.099998,15.8,2021-03-01,Saskatchewan,0,1,0,,01mar2021,2021m3,2021,3,0,0,0,0,0,0,1,0,0,0,0,0,0,1,0,0,0,0,0,0,0,0,0,29.199997,1,1,1,1,0,0,0
Saskatchewan,2021-04-01,Non-students,74.199997,84.900002,12.6,2021-04-01,Saskatchewan,0,1,0,,01apr2021,2021m4,2021,4,0,0,0,0,0,0,1,0,0,0,0,0,0,0,1,0,0,0,0,0,0,0,0,25.800003,1,1,1,1,0,0,0
Saskatchewan,2021-09-01,Non-students,83.599998,91.699997,8.8000002,2021-09-01,Saskatchewan,0,1,0,,01sep2021,2021m9,2021,9,0,0,0,0,0,0,1,0,0,0,0,0,0,0,0,1,0,0,0,0,0,0,0,16.400002,1,1,1,1,0,0,0
Saskatchewan,2021-10-01,Non-students,81.199997,86.300003,5.9000001,2021-10-01,Saskatchewan,0,1,0,,01oct2021,2021m10,2021,10,0,0,0,0,0,0,1,0,0,0,0,0,0,0,0,0,1,0,0,0,0,0,0,18.800003,1,1,1,1,0,0,0
Saskatchewan,2021-11-01,Non-students,77.699997,85,8.6000004,2021-11-01,Saskatchewan,0,1,0,,01nov2021,2021m11,2021,11,0,0,0,0,0,0,1,0,0,0,0,0,0,0,0,0,0,1,0,0,0,0,0,22.300003,1,1,1,1,0,0,0
Saskatchewan,2021-12-01,Non-students,77.199997,87,11.3,2021-12-01,Saskatchewan,0,1,0,,01dec2021,2021m12,2021,12,0,0,0,0,0,0,1,0,0,0,0,0,0,0,0,0,0,0,1,0,0,0,0,22.800003,1,1,1,1,0,0,0
Saskatchewan,2022-01-01,Non-students,78.900002,88.300003,10.8,2022-01-01,Saskatchewan,0,1,0,,01jan2022,2022m1,2022,1,0,0,0,0,0,0,0,1,0,0,0,1,0,0,0,0,0,0,0,0,0,0,0,21.099998,1,1,1,1,0,0,0
Saskatchewan,2022-02-01,Non-students,80,84.199997,4.8000002,2022-02-01,Saskatchewan,0,1,0,,01feb2022,2022m2,2022,2,0,0,0,0,0,0,0,1,0,0,0,0,1,0,0,0,0,0,0,0,0,0,0,20,1,1,1,1,0,0,0
Saskatchewan,2022-03-01,Non-students,77.900002,88.099998,11.6,2022-03-01,Saskatchewan,0,1,0,,01mar2022,2022m3,2022,3,0,0,0,0,0,0,0,1,0,0,0,0,0,1,0,0,0,0,0,0,0,0,0,22.099998,1,1,1,1,0,0,0
Saskatchewan,2022-04-01,Non-students,80.400002,89.599998,10.2,2022-04-01,Saskatchewan,0,1,0,,01apr2022,2022m4,2022,4,0,0,0,0,0,0,0,1,0,0,0,0,0,0,1,0,0,0,0,0,0,0,0,19.599998,1,1,1,1,0,0,0
Saskatchewan,2022-09-01,Non-students,79.099998,85.300003,7.0999999,2022-09-01,Saskatchewan,0,1,0,,01sep2022,2022m9,2022,9,0,0,0,0,0,0,0,1,0,0,0,0,0,0,0,1,0,0,0,0,0,0,0,20.900002,1,1,1,1,0,0,0
Saskatchewan,2022-10-01,Non-students,78.599998,86.699997,9.3000002,2022-10-01,Saskatchewan,0,1,0,,01oct2022,2022m10,2022,10,0,0,0,0,0,0,0,1,0,0,0,0,0,0,0,0,1,0,0,0,0,0,0,21.400002,1,1,1,1,0,0,0
Saskatchewan,2022-11-01,Non-students,79.199997,85.900002,7.9000001,2022-11-01,Saskatchewan,0,1,0,,01nov2022,2022m11,2022,11,0,0,0,0,0,0,0,1,0,0,0,0,0,0,0,0,0,1,0,0,0,0,0,20.800003,1,1,1,1,0,0,0
Saskatchewan,2022-12-01,Non-students,82.900002,91.800003,9.6999998,2022-12-01,Saskatchewan,0,1,0,,01dec2022,2022m12,2022,12,0,0,0,0,0,0,0,1,0,0,0,0,0,0,0,0,0,0,1,0,0,0,0,17.099998,1,1,1,1,0,0,0
Saskatchewan,2023-01-01,Non-students,78.5,88.800003,11.6,2023-01-01,Saskatchewan,0,1,0,,01jan2023,2023m1,2023,1,0,0,0,0,0,0,0,0,1,0,0,1,0,0,0,0,0,0,0,0,0,0,0,21.5,1,1,1,1,0,0,0
Saskatchewan,2023-02-01,Non-students,77.199997,84.800003,9.1999998,2023-02-01,Saskatchewan,0,1,0,,01feb2023,2023m2,2023,2,0,0,0,0,0,0,0,0,1,0,0,0,1,0,0,0,0,0,0,0,0,0,0,22.800003,1,1,1,1,0,0,0
Saskatchewan,2023-03-01,Non-students,76.800003,86,10.7,2023-03-01,Saskatchewan,0,1,0,,01mar2023,2023m3,2023,3,0,0,0,0,0,0,0,0,1,0,0,0,0,1,0,0,0,0,0,0,0,0,0,23.199997,1,1,1,1,0,0,0
Saskatchewan,2023-04-01,Non-students,77.599998,84.699997,8.3999996,2023-04-01,Saskatchewan,0,1,0,,01apr2023,2023m4,2023,4,0,0,0,0,0,0,0,0,1,0,0,0,0,0,1,0,0,0,0,0,0,0,0,22.400002,1,1,1,1,0,0,0
Saskatchewan,2023-09-01,Non-students,78.300003,87.699997,10.8,2023-09-01,Saskatchewan,0,1,0,,01sep2023,2023m9,2023,9,0,0,0,0,0,0,0,0,1,0,0,0,0,0,0,1,0,0,0,0,0,0,0,21.699997,1,1,1,1,0,0,0
Saskatchewan,2023-10-01,Non-students,82.900002,89.599998,7.4000001,2023-10-01,Saskatchewan,0,1,0,,01oct2023,2023m10,2023,10,0,0,0,0,0,0,0,0,1,0,0,0,0,0,0,0,1,0,0,0,0,0,0,17.099998,1,1,1,1,0,0,0
Saskatchewan,2023-11-01,Non-students,79.199997,88.099998,10.1,2023-11-01,Saskatchewan,0,1,0,,01nov2023,2023m11,2023,11,0,0,0,0,0,0,0,0,1,0,0,0,0,0,0,0,0,1,0,0,0,0,0,20.800003,1,1,1,1,0,0,0
Saskatchewan,2023-12-01,Non-students,75.800003,86.800003,12.4,2023-12-01,Saskatchewan,0,1,0,,01dec2023,2023m12,2023,12,0,0,0,0,0,0,0,0,1,0,0,0,0,0,0,0,0,0,1,0,0,0,0,24.199997,1,1,1,1,0,0,0
Saskatchewan,2024-01-01,Non-students,74.699997,82.199997,9.1000004,2024-01-01,Saskatchewan,0,1,0,,01jan2024,2024m1,2024,1,0,0,0,0,0,0,0,0,0,1,0,1,0,0,0,0,0,0,0,0,0,0,0,25.300003,1,1,1,1,0,0,0
Saskatchewan,2024-02-01,Non-students,79.599998,86,7.0999999,2024-02-01,Saskatchewan,0,1,0,,01feb2024,2024m2,2024,2,0,0,0,0,0,0,0,0,0,1,0,0,1,0,0,0,0,0,0,0,0,0,0,20.400002,1,1,1,1,0,0,0
Saskatchewan,2024-03-01,Non-students,74.400002,86.900002,14.3,2024-03-01,Saskatchewan,0,1,0,,01mar2024,2024m3,2024,3,0,0,0,0,0,0,0,0,0,1,0,0,0,1,0,0,0,0,0,0,0,0,0,25.599998,1,1,1,1,0,0,0
Saskatchewan,2024-04-01,Non-students,75.800003,89.199997,15,2024-04-01,Saskatchewan,0,1,0,,01apr2024,2024m4,2024,4,0,0,0,0,0,0,0,0,0,1,0,0,0,0,1,0,0,0,0,0,0,0,0,24.199997,1,1,1,1,0,0,0
Saskatchewan,2024-09-01,Non-students,81.599998,90.400002,9.6999998,2024-09-01,Saskatchewan,0,1,0,,01sep2024,2024m9,2024,9,0,0,0,0,0,0,0,0,0,1,0,0,0,0,0,1,0,0,0,0,0,0,0,18.400002,1,1,1,1,0,0,0
Saskatchewan,2024-10-01,Non-students,80.5,87.199997,7.6999998,2024-10-01,Saskatchewan,0,1,0,,01oct2024,2024m10,2024,10,0,0,0,0,0,0,0,0,0,1,0,0,0,0,0,0,1,0,0,0,0,0,0,19.5,1,1,1,1,0,0,0
Saskatchewan,2024-11-01,Non-students,78.300003,87.5,10.5,2024-11-01,Saskatchewan,0,1,0,,01nov2024,2024m11,2024,11,0,0,0,0,0,0,0,0,0,1,0,0,0,0,0,0,0,1,0,0,0,0,0,21.699997,1,1,1,1,0,0,0
Saskatchewan,2024-12-01,Non-students,79.599998,88.400002,9.8999996,2024-12-01,Saskatchewan,0,1,0,,01dec2024,2024m12,2024,12,0,0,0,0,0,0,0,0,0,1,0,0,0,0,0,0,0,0,1,0,0,0,0,20.400002,1,1,1,1,0,0,0
Saskatchewan,2025-01-01,Non-students,76,83.800003,9.3000002,2025-01-01,Saskatchewan,0,1,0,,01jan2025,2025m1,2025,1,0,0,0,0,0,0,0,0,0,0,1,1,0,0,0,0,0,0,0,0,0,0,0,24,1,1,1,1,0,0,0
Saskatchewan,2025-02-01,Non-students,75.199997,83.699997,10.1,2025-02-01,Saskatchewan,0,1,0,,01feb2025,2025m2,2025,2,0,0,0,0,0,0,0,0,0,0,1,0,1,0,0,0,0,0,0,0,0,0,0,24.800003,1,1,1,1,0,0,0
Saskatchewan,2025-03-01,Non-students,77.599998,85.599998,9.3999996,2025-03-01,Saskatchewan,0,1,0,,01mar2025,2025m3,2025,3,0,0,0,0,0,0,0,0,0,0,1,0,0,1,0,0,0,0,0,0,0,0,0,22.400002,1,1,1,1,0,0,0
Saskatchewan,2025-04-01,Non-students,77.099998,84.599998,8.8000002,2025-04-01,Saskatchewan,0,1,0,,01apr2025,2025m4,2025,4,0,0,0,0,0,0,0,0,0,0,1,0,0,0,1,0,0,0,0,0,0,0,0,22.900002,1,1,1,1,0,0,0
Saskatchewan,2025-09-01,Non-students,78.900002,88.599998,11,2025-09-01,Saskatchewan,0,1,0,,01sep2025,2025m9,2025,9,0,0,0,0,0,0,0,0,0,0,1,0,0,0,0,1,0,0,0,0,0,0,0,21.099998,1,1,1,1,0,0,0
Saskatchewan,2025-10-01,Non-students,78.699997,85.300003,7.8000002,2025-10-01,Saskatchewan,0,1,0,,01oct2025,2025m10,2025,10,0,0,0,0,0,0,0,0,0,0,1,0,0,0,0,0,1,0,0,0,0,0,0,21.300003,1,1,1,1,0,0,0
Saskatchewan,2025-11-01,Non-students,73.199997,85.099998,13.8,2025-11-01,Saskatchewan,0,1,0,,01nov2025,2025m11,2025,11,0,0,0,0,0,0,0,0,0,0,1,0,0,0,0,0,0,1,0,0,0,0,0,26.800003,1,1,1,1,0,0,0
Saskatchewan,2025-12-01,Non-students,75.400002,85.800003,12.1,2025-12-01,Saskatchewan,0,1,0,,01dec2025,2025m12,2025,12,0,0,0,0,0,0,0,0,0,0,1,0,0,0,0,0,0,0,1,0,0,0,0,24.599998,1,1,1,1,0,0,0
