geo,ref_date,students,employmentrate,participationrate,unemploymentrate,date,province_id,treated,post,did,compare_sample,date_num,mdate,year,month,year_1,year_2,year_3,year_4,year_5,year_6,year_7,year_8,year_9,year_10,year_11,month_1,month_2,month_3,month_4,month_5,month_6,month_7,month_8,treat_year2,treat_year3,treat_year4,treat_year5,nowork,treated2,did2,compare_sample2,_est_OLS,_est_FE_Standard,_est_FE,_est_RE
Alberta,2015-01-01,Full-time students,38.299999,41.599998,8,2015-01-01,Alberta,0,0,0,,01jan2015,2015m1,2015,1,1,0,0,0,0,0,0,0,0,0,0,1,0,0,0,0,0,0,0,0,0,0,0,61.700001,1,0,1,1,0,0,0
Alberta,2015-02-01,Full-time students,36.200001,41.200001,12,2015-02-01,Alberta,0,0,0,,01feb2015,2015m2,2015,2,1,0,0,0,0,0,0,0,0,0,0,0,1,0,0,0,0,0,0,0,0,0,0,63.799999,1,0,1,1,0,0,0
Alberta,2015-03-01,Full-time students,40.700001,45.5,10.6,2015-03-01,Alberta,0,0,0,,01mar2015,2015m3,2015,3,1,0,0,0,0,0,0,0,0,0,0,0,0,1,0,0,0,0,0,0,0,0,0,59.299999,1,0,1,1,0,0,0
Alberta,2015-04-01,Full-time students,41.099998,46.299999,11.2,2015-04-01,Alberta,0,0,0,,01apr2015,2015m4,2015,4,1,0,0,0,0,0,0,0,0,0,0,0,0,0,1,0,0,0,0,0,0,0,0,58.900002,1,0,1,1,0,0,0
Alberta,2015-09-01,Full-time students,40.900002,46,11,2015-09-01,Alberta,0,0,0,,01sep2015,2015m9,2015,9,1,0,0,0,0,0,0,0,0,0,0,0,0,0,0,1,0,0,0,0,0,0,0,59.099998,1,0,1,1,0,0,0
Alberta,2015-10-01,Full-time students,42.200001,46.099998,8.5,2015-10-01,Alberta,0,0,0,,01oct2015,2015m10,2015,10,1,0,0,0,0,0,0,0,0,0,0,0,0,0,0,0,1,0,0,0,0,0,0,57.799999,1,0,1,1,0,0,0
Alberta,2015-11-01,Full-time students,39.400002,44.400002,11.3,2015-11-01,Alberta,0,0,0,,01nov2015,2015m11,2015,11,1,0,0,0,0,0,0,0,0,0,0,0,0,0,0,0,0,1,0,0,0,0,0,60.599998,1,0,1,1,0,0,0
Alberta,2015-12-01,Full-time students,41,45.5,9.8999996,2015-12-01,Alberta,0,0,0,,01dec2015,2015m12,2015,12,1,0,0,0,0,0,0,0,0,0,0,0,0,0,0,0,0,0,1,0,0,0,0,59,1,0,1,1,0,0,0
Alberta,2016-01-01,Full-time students,37.200001,41.700001,10.9,2016-01-01,Alberta,0,0,0,,01jan2016,2016m1,2016,1,0,1,0,0,0,0,0,0,0,0,0,1,0,0,0,0,0,0,0,0,0,0,0,62.799999,1,0,1,1,0,0,0
Alberta,2016-02-01,Full-time students,37.700001,42.599998,11.4,2016-02-01,Alberta,0,0,0,,01feb2016,2016m2,2016,2,0,1,0,0,0,0,0,0,0,0,0,0,1,0,0,0,0,0,0,0,0,0,0,62.299999,1,0,1,1,0,0,0
Alberta,2016-03-01,Full-time students,38.200001,43.900002,13,2016-03-01,Alberta,0,0,0,,01mar2016,2016m3,2016,3,0,1,0,0,0,0,0,0,0,0,0,0,0,1,0,0,0,0,0,0,0,0,0,61.799999,1,0,1,1,0,0,0
Alberta,2016-04-01,Full-time students,36.5,43.200001,15.7,2016-04-01,Alberta,0,0,0,,01apr2016,2016m4,2016,4,0,1,0,0,0,0,0,0,0,0,0,0,0,0,1,0,0,0,0,0,0,0,0,63.5,1,0,1,1,0,0,0
Alberta,2016-09-01,Full-time students,38.700001,44.799999,13.6,2016-09-01,Alberta,0,0,0,,01sep2016,2016m9,2016,9,0,1,0,0,0,0,0,0,0,0,0,0,0,0,0,1,0,0,0,0,0,0,0,61.299999,1,0,1,1,0,0,0
Alberta,2016-10-01,Full-time students,40.299999,47.599998,15.2,2016-10-01,Alberta,0,0,0,,01oct2016,2016m10,2016,10,0,1,0,0,0,0,0,0,0,0,0,0,0,0,0,0,1,0,0,0,0,0,0,59.700001,1,0,1,1,0,0,0
Alberta,2016-11-01,Full-time students,39,47.099998,17,2016-11-01,Alberta,0,0,0,,01nov2016,2016m11,2016,11,0,1,0,0,0,0,0,0,0,0,0,0,0,0,0,0,0,1,0,0,0,0,0,61,1,0,1,1,0,0,0
Alberta,2016-12-01,Full-time students,38.799999,44.299999,12.4,2016-12-01,Alberta,0,0,0,,01dec2016,2016m12,2016,12,0,1,0,0,0,0,0,0,0,0,0,0,0,0,0,0,0,0,1,0,0,0,0,61.200001,1,0,1,1,0,0,0
Alberta,2017-01-01,Full-time students,41.099998,46.099998,10.8,2017-01-01,Alberta,0,0,0,,01jan2017,2017m1,2017,1,0,0,1,0,0,0,0,0,0,0,0,1,0,0,0,0,0,0,0,0,0,0,0,58.900002,1,0,1,1,0,0,0
Alberta,2017-02-01,Full-time students,39.099998,45.400002,14,2017-02-01,Alberta,0,0,0,,01feb2017,2017m2,2017,2,0,0,1,0,0,0,0,0,0,0,0,0,1,0,0,0,0,0,0,0,0,0,0,60.900002,1,0,1,1,0,0,0
Alberta,2017-03-01,Full-time students,39.5,46,14.1,2017-03-01,Alberta,0,0,0,,01mar2017,2017m3,2017,3,0,0,1,0,0,0,0,0,0,0,0,0,0,1,0,0,0,0,0,0,0,0,0,60.5,1,0,1,1,0,0,0
Alberta,2017-04-01,Full-time students,37,44.599998,17,2017-04-01,Alberta,0,0,0,,01apr2017,2017m4,2017,4,0,0,1,0,0,0,0,0,0,0,0,0,0,0,1,0,0,0,0,0,0,0,0,63,1,0,1,1,0,0,0
Alberta,2017-09-01,Full-time students,33.599998,39.200001,14.2,2017-09-01,Alberta,0,0,0,,01sep2017,2017m9,2017,9,0,0,1,0,0,0,0,0,0,0,0,0,0,0,0,1,0,0,0,0,0,0,0,66.400002,1,0,1,1,0,0,0
Alberta,2017-10-01,Full-time students,35.099998,41.5,15.6,2017-10-01,Alberta,0,0,0,,01oct2017,2017m10,2017,10,0,0,1,0,0,0,0,0,0,0,0,0,0,0,0,0,1,0,0,0,0,0,0,64.900002,1,0,1,1,0,0,0
Alberta,2017-11-01,Full-time students,37.099998,43.299999,14.5,2017-11-01,Alberta,0,0,0,,01nov2017,2017m11,2017,11,0,0,1,0,0,0,0,0,0,0,0,0,0,0,0,0,0,1,0,0,0,0,0,62.900002,1,0,1,1,0,0,0
Alberta,2017-12-01,Full-time students,36.799999,43.099998,14.5,2017-12-01,Alberta,0,0,0,,01dec2017,2017m12,2017,12,0,0,1,0,0,0,0,0,0,0,0,0,0,0,0,0,0,0,1,0,0,0,0,63.200001,1,0,1,1,0,0,0
Alberta,2018-01-01,Full-time students,38.400002,43.700001,12.1,2018-01-01,Alberta,0,0,0,,01jan2018,2018m1,2018,1,0,0,0,1,0,0,0,0,0,0,0,1,0,0,0,0,0,0,0,0,0,0,0,61.599998,1,0,1,1,0,0,0
Alberta,2018-02-01,Full-time students,34.799999,40.5,14.2,2018-02-01,Alberta,0,0,0,,01feb2018,2018m2,2018,2,0,0,0,1,0,0,0,0,0,0,0,0,1,0,0,0,0,0,0,0,0,0,0,65.199997,1,0,1,1,0,0,0
Alberta,2018-03-01,Full-time students,36.299999,42.900002,15.4,2018-03-01,Alberta,0,0,0,,01mar2018,2018m3,2018,3,0,0,0,1,0,0,0,0,0,0,0,0,0,1,0,0,0,0,0,0,0,0,0,63.700001,1,0,1,1,0,0,0
Alberta,2018-04-01,Full-time students,31.799999,39.900002,20.299999,2018-04-01,Alberta,0,0,0,,01apr2018,2018m4,2018,4,0,0,0,1,0,0,0,0,0,0,0,0,0,0,1,0,0,0,0,0,0,0,0,68.199997,1,0,1,1,0,0,0
Alberta,2018-09-01,Full-time students,35.299999,40.400002,12.6,2018-09-01,Alberta,0,0,0,,01sep2018,2018m9,2018,9,0,0,0,1,0,0,0,0,0,0,0,0,0,0,0,1,0,0,0,0,0,0,0,64.699997,1,0,1,1,0,0,0
Alberta,2018-10-01,Full-time students,34.599998,39.799999,13,2018-10-01,Alberta,0,0,0,,01oct2018,2018m10,2018,10,0,0,0,1,0,0,0,0,0,0,0,0,0,0,0,0,1,0,0,0,0,0,0,65.400002,1,0,1,1,0,0,0
Alberta,2018-11-01,Full-time students,33.200001,38.700001,14.2,2018-11-01,Alberta,0,0,0,,01nov2018,2018m11,2018,11,0,0,0,1,0,0,0,0,0,0,0,0,0,0,0,0,0,1,0,0,0,0,0,66.800003,1,0,1,1,0,0,0
Alberta,2018-12-01,Full-time students,35.5,38.299999,7.4000001,2018-12-01,Alberta,0,0,0,,01dec2018,2018m12,2018,12,0,0,0,1,0,0,0,0,0,0,0,0,0,0,0,0,0,0,1,0,0,0,0,64.5,1,0,1,1,0,0,0
Alberta,2019-01-01,Full-time students,33,37.099998,10.9,2019-01-01,Alberta,0,0,0,,01jan2019,2019m1,2019,1,0,0,0,0,1,0,0,0,0,0,0,1,0,0,0,0,0,0,0,0,0,0,0,67,1,0,1,1,0,0,0
Alberta,2019-02-01,Full-time students,35.099998,39.200001,10.5,2019-02-01,Alberta,0,0,0,,01feb2019,2019m2,2019,2,0,0,0,0,1,0,0,0,0,0,0,0,1,0,0,0,0,0,0,0,0,0,0,64.900002,1,0,1,1,0,0,0
Alberta,2019-03-01,Full-time students,33.5,38.200001,12.3,2019-03-01,Alberta,0,0,0,,01mar2019,2019m3,2019,3,0,0,0,0,1,0,0,0,0,0,0,0,0,1,0,0,0,0,0,0,0,0,0,66.5,1,0,1,1,0,0,0
Alberta,2019-04-01,Full-time students,34,38.5,11.7,2019-04-01,Alberta,0,0,0,,01apr2019,2019m4,2019,4,0,0,0,0,1,0,0,0,0,0,0,0,0,0,1,0,0,0,0,0,0,0,0,66,1,0,1,1,0,0,0
Alberta,2019-09-01,Full-time students,35,44.799999,21.9,2019-09-01,Alberta,0,0,0,,01sep2019,2019m9,2019,9,0,0,0,0,1,0,0,0,0,0,0,0,0,0,0,1,0,0,0,0,0,0,0,65,1,0,1,1,0,0,0
Alberta,2019-10-01,Full-time students,38.900002,45.200001,13.9,2019-10-01,Alberta,0,0,0,,01oct2019,2019m10,2019,10,0,0,0,0,1,0,0,0,0,0,0,0,0,0,0,0,1,0,0,0,0,0,0,61.099998,1,0,1,1,0,0,0
Alberta,2019-11-01,Full-time students,35.700001,45.299999,21.299999,2019-11-01,Alberta,0,0,0,,01nov2019,2019m11,2019,11,0,0,0,0,1,0,0,0,0,0,0,0,0,0,0,0,0,1,0,0,0,0,0,64.300003,1,0,1,1,0,0,0
Alberta,2019-12-01,Full-time students,39.299999,44.400002,11.6,2019-12-01,Alberta,0,0,0,,01dec2019,2019m12,2019,12,0,0,0,0,1,0,0,0,0,0,0,0,0,0,0,0,0,0,1,0,0,0,0,60.700001,1,0,1,1,0,0,0
Alberta,2020-01-01,Full-time students,34.900002,39.400002,11.2,2020-01-01,Alberta,0,0,0,,01jan2020,2020m1,2020,1,0,0,0,0,0,1,0,0,0,0,0,1,0,0,0,0,0,0,0,0,0,0,0,65.099998,1,0,1,1,0,0,0
Alberta,2020-02-01,Full-time students,34.299999,40.799999,16,2020-02-01,Alberta,0,0,0,,01feb2020,2020m2,2020,2,0,0,0,0,0,1,0,0,0,0,0,0,1,0,0,0,0,0,0,0,0,0,0,65.699997,1,0,1,1,0,0,0
Alberta,2020-03-01,Full-time students,19.1,29.9,36.099998,2020-03-01,Alberta,0,1,0,,01mar2020,2020m3,2020,3,0,0,0,0,0,1,0,0,0,0,0,0,0,1,0,0,0,0,0,0,0,0,0,80.900002,1,1,1,1,0,0,0
Alberta,2020-04-01,Full-time students,17.200001,24.299999,29.1,2020-04-01,Alberta,0,1,0,,01apr2020,2020m4,2020,4,0,0,0,0,0,1,0,0,0,0,0,0,0,0,1,0,0,0,0,0,0,0,0,82.800003,1,1,1,1,0,0,0
Alberta,2020-09-01,Full-time students,29.799999,44,32.299999,2020-09-01,Alberta,0,1,0,,01sep2020,2020m9,2020,9,0,0,0,0,0,1,0,0,0,0,0,0,0,0,0,1,0,0,0,0,0,0,0,70.199997,1,1,1,1,0,0,0
Alberta,2020-10-01,Full-time students,34.400002,44.099998,21.799999,2020-10-01,Alberta,0,1,0,,01oct2020,2020m10,2020,10,0,0,0,0,0,1,0,0,0,0,0,0,0,0,0,0,1,0,0,0,0,0,0,65.599998,1,1,1,1,0,0,0
Alberta,2020-11-01,Full-time students,32.700001,41.900002,21.799999,2020-11-01,Alberta,0,1,0,,01nov2020,2020m11,2020,11,0,0,0,0,0,1,0,0,0,0,0,0,0,0,0,0,0,1,0,0,0,0,0,67.300003,1,1,1,1,0,0,0
Alberta,2020-12-01,Full-time students,31.299999,37.599998,16.799999,2020-12-01,Alberta,0,1,0,,01dec2020,2020m12,2020,12,0,0,0,0,0,1,0,0,0,0,0,0,0,0,0,0,0,0,1,0,0,0,0,68.699997,1,1,1,1,0,0,0
Alberta,2021-01-01,Full-time students,27.6,37.200001,25.799999,2021-01-01,Alberta,0,1,0,,01jan2021,2021m1,2021,1,0,0,0,0,0,0,1,0,0,0,0,1,0,0,0,0,0,0,0,0,0,0,0,72.400002,1,1,1,1,0,0,0
Alberta,2021-02-01,Full-time students,28,36.400002,23.299999,2021-02-01,Alberta,0,1,0,,01feb2021,2021m2,2021,2,0,0,0,0,0,0,1,0,0,0,0,0,1,0,0,0,0,0,0,0,0,0,0,72,1,1,1,1,0,0,0
Alberta,2021-03-01,Full-time students,31.799999,39.200001,18.9,2021-03-01,Alberta,0,1,0,,01mar2021,2021m3,2021,3,0,0,0,0,0,0,1,0,0,0,0,0,0,1,0,0,0,0,0,0,0,0,0,68.199997,1,1,1,1,0,0,0
Alberta,2021-04-01,Full-time students,27.299999,35.299999,22.799999,2021-04-01,Alberta,0,1,0,,01apr2021,2021m4,2021,4,0,0,0,0,0,0,1,0,0,0,0,0,0,0,1,0,0,0,0,0,0,0,0,72.699997,1,1,1,1,0,0,0
Alberta,2021-09-01,Full-time students,37.200001,44.299999,15.9,2021-09-01,Alberta,0,1,0,,01sep2021,2021m9,2021,9,0,0,0,0,0,0,1,0,0,0,0,0,0,0,0,1,0,0,0,0,0,0,0,62.799999,1,1,1,1,0,0,0
Alberta,2021-10-01,Full-time students,36.599998,43.299999,15.3,2021-10-01,Alberta,0,1,0,,01oct2021,2021m10,2021,10,0,0,0,0,0,0,1,0,0,0,0,0,0,0,0,0,1,0,0,0,0,0,0,63.400002,1,1,1,1,0,0,0
Alberta,2021-11-01,Full-time students,39.400002,44.900002,12.2,2021-11-01,Alberta,0,1,0,,01nov2021,2021m11,2021,11,0,0,0,0,0,0,1,0,0,0,0,0,0,0,0,0,0,1,0,0,0,0,0,60.599998,1,1,1,1,0,0,0
Alberta,2021-12-01,Full-time students,39.299999,43.799999,10.4,2021-12-01,Alberta,0,1,0,,01dec2021,2021m12,2021,12,0,0,0,0,0,0,1,0,0,0,0,0,0,0,0,0,0,0,1,0,0,0,0,60.700001,1,1,1,1,0,0,0
Alberta,2022-01-01,Full-time students,38.599998,44.299999,12.9,2022-01-01,Alberta,0,1,0,,01jan2022,2022m1,2022,1,0,0,0,0,0,0,0,1,0,0,0,1,0,0,0,0,0,0,0,0,0,0,0,61.400002,1,1,1,1,0,0,0
Alberta,2022-02-01,Full-time students,39.400002,44.900002,12.3,2022-02-01,Alberta,0,1,0,,01feb2022,2022m2,2022,2,0,0,0,0,0,0,0,1,0,0,0,0,1,0,0,0,0,0,0,0,0,0,0,60.599998,1,1,1,1,0,0,0
Alberta,2022-03-01,Full-time students,41.599998,46.299999,10.1,2022-03-01,Alberta,0,1,0,,01mar2022,2022m3,2022,3,0,0,0,0,0,0,0,1,0,0,0,0,0,1,0,0,0,0,0,0,0,0,0,58.400002,1,1,1,1,0,0,0
Alberta,2022-04-01,Full-time students,40.299999,45.400002,11.3,2022-04-01,Alberta,0,1,0,,01apr2022,2022m4,2022,4,0,0,0,0,0,0,0,1,0,0,0,0,0,0,1,0,0,0,0,0,0,0,0,59.700001,1,1,1,1,0,0,0
Alberta,2022-09-01,Full-time students,35.799999,40.200001,11.2,2022-09-01,Alberta,0,1,0,,01sep2022,2022m9,2022,9,0,0,0,0,0,0,0,1,0,0,0,0,0,0,0,1,0,0,0,0,0,0,0,64.199997,1,1,1,1,0,0,0
Alberta,2022-10-01,Full-time students,33.400002,37.200001,10.3,2022-10-01,Alberta,0,1,0,,01oct2022,2022m10,2022,10,0,0,0,0,0,0,0,1,0,0,0,0,0,0,0,0,1,0,0,0,0,0,0,66.599998,1,1,1,1,0,0,0
Alberta,2022-11-01,Full-time students,36.599998,39.5,7.1999998,2022-11-01,Alberta,0,1,0,,01nov2022,2022m11,2022,11,0,0,0,0,0,0,0,1,0,0,0,0,0,0,0,0,0,1,0,0,0,0,0,63.400002,1,1,1,1,0,0,0
Alberta,2022-12-01,Full-time students,36.5,39.900002,8.5,2022-12-01,Alberta,0,1,0,,01dec2022,2022m12,2022,12,0,0,0,0,0,0,0,1,0,0,0,0,0,0,0,0,0,0,1,0,0,0,0,63.5,1,1,1,1,0,0,0
Alberta,2023-01-01,Full-time students,34,38.5,11.7,2023-01-01,Alberta,0,1,0,,01jan2023,2023m1,2023,1,0,0,0,0,0,0,0,0,1,0,0,1,0,0,0,0,0,0,0,0,0,0,0,66,1,1,1,1,0,0,0
Alberta,2023-02-01,Full-time students,36.200001,40.099998,10,2023-02-01,Alberta,0,1,0,,01feb2023,2023m2,2023,2,0,0,0,0,0,0,0,0,1,0,0,0,1,0,0,0,0,0,0,0,0,0,0,63.799999,1,1,1,1,0,0,0
Alberta,2023-03-01,Full-time students,35.5,40.799999,13,2023-03-01,Alberta,0,1,0,,01mar2023,2023m3,2023,3,0,0,0,0,0,0,0,0,1,0,0,0,0,1,0,0,0,0,0,0,0,0,0,64.5,1,1,1,1,0,0,0
Alberta,2023-04-01,Full-time students,36,40.299999,10.6,2023-04-01,Alberta,0,1,0,,01apr2023,2023m4,2023,4,0,0,0,0,0,0,0,0,1,0,0,0,0,0,1,0,0,0,0,0,0,0,0,64,1,1,1,1,0,0,0
Alberta,2023-09-01,Full-time students,33.599998,39.700001,15.4,2023-09-01,Alberta,0,1,0,,01sep2023,2023m9,2023,9,0,0,0,0,0,0,0,0,1,0,0,0,0,0,0,1,0,0,0,0,0,0,0,66.400002,1,1,1,1,0,0,0
Alberta,2023-10-01,Full-time students,35,39,10.3,2023-10-01,Alberta,0,1,0,,01oct2023,2023m10,2023,10,0,0,0,0,0,0,0,0,1,0,0,0,0,0,0,0,1,0,0,0,0,0,0,65,1,1,1,1,0,0,0
Alberta,2023-11-01,Full-time students,36.799999,42.200001,12.6,2023-11-01,Alberta,0,1,0,,01nov2023,2023m11,2023,11,0,0,0,0,0,0,0,0,1,0,0,0,0,0,0,0,0,1,0,0,0,0,0,63.200001,1,1,1,1,0,0,0
Alberta,2023-12-01,Full-time students,39.299999,44.400002,11.7,2023-12-01,Alberta,0,1,0,,01dec2023,2023m12,2023,12,0,0,0,0,0,0,0,0,1,0,0,0,0,0,0,0,0,0,1,0,0,0,0,60.700001,1,1,1,1,0,0,0
Alberta,2024-01-01,Full-time students,35.400002,40,11.4,2024-01-01,Alberta,0,1,0,,01jan2024,2024m1,2024,1,0,0,0,0,0,0,0,0,0,1,0,1,0,0,0,0,0,0,0,0,0,0,0,64.599998,1,1,1,1,0,0,0
Alberta,2024-02-01,Full-time students,37.200001,43.5,14.5,2024-02-01,Alberta,0,1,0,,01feb2024,2024m2,2024,2,0,0,0,0,0,0,0,0,0,1,0,0,1,0,0,0,0,0,0,0,0,0,0,62.799999,1,1,1,1,0,0,0
Alberta,2024-03-01,Full-time students,33.900002,40,15.3,2024-03-01,Alberta,0,1,0,,01mar2024,2024m3,2024,3,0,0,0,0,0,0,0,0,0,1,0,0,0,1,0,0,0,0,0,0,0,0,0,66.099998,1,1,1,1,0,0,0
Alberta,2024-04-01,Full-time students,36.5,44.799999,18.5,2024-04-01,Alberta,0,1,0,,01apr2024,2024m4,2024,4,0,0,0,0,0,0,0,0,0,1,0,0,0,0,1,0,0,0,0,0,0,0,0,63.5,1,1,1,1,0,0,0
Alberta,2024-09-01,Full-time students,33.5,40.299999,17.1,2024-09-01,Alberta,0,1,0,,01sep2024,2024m9,2024,9,0,0,0,0,0,0,0,0,0,1,0,0,0,0,0,1,0,0,0,0,0,0,0,66.5,1,1,1,1,0,0,0
Alberta,2024-10-01,Full-time students,34.799999,40.200001,13.5,2024-10-01,Alberta,0,1,0,,01oct2024,2024m10,2024,10,0,0,0,0,0,0,0,0,0,1,0,0,0,0,0,0,1,0,0,0,0,0,0,65.199997,1,1,1,1,0,0,0
Alberta,2024-11-01,Full-time students,35.799999,40.299999,11.1,2024-11-01,Alberta,0,1,0,,01nov2024,2024m11,2024,11,0,0,0,0,0,0,0,0,0,1,0,0,0,0,0,0,0,1,0,0,0,0,0,64.199997,1,1,1,1,0,0,0
Alberta,2024-12-01,Full-time students,38.099998,43.200001,11.7,2024-12-01,Alberta,0,1,0,,01dec2024,2024m12,2024,12,0,0,0,0,0,0,0,0,0,1,0,0,0,0,0,0,0,0,1,0,0,0,0,61.900002,1,1,1,1,0,0,0
Alberta,2025-01-01,Full-time students,37.900002,43.299999,12.4,2025-01-01,Alberta,0,1,0,,01jan2025,2025m1,2025,1,0,0,0,0,0,0,0,0,0,0,1,1,0,0,0,0,0,0,0,0,0,0,0,62.099998,1,1,1,1,0,0,0
Alberta,2025-02-01,Full-time students,34.400002,39.099998,12,2025-02-01,Alberta,0,1,0,,01feb2025,2025m2,2025,2,0,0,0,0,0,0,0,0,0,0,1,0,1,0,0,0,0,0,0,0,0,0,0,65.599998,1,1,1,1,0,0,0
Alberta,2025-03-01,Full-time students,34.299999,41.400002,17.200001,2025-03-01,Alberta,0,1,0,,01mar2025,2025m3,2025,3,0,0,0,0,0,0,0,0,0,0,1,0,0,1,0,0,0,0,0,0,0,0,0,65.699997,1,1,1,1,0,0,0
Alberta,2025-04-01,Full-time students,32.900002,44,25.1,2025-04-01,Alberta,0,1,0,,01apr2025,2025m4,2025,4,0,0,0,0,0,0,0,0,0,0,1,0,0,0,1,0,0,0,0,0,0,0,0,67.099998,1,1,1,1,0,0,0
Alberta,2025-09-01,Full-time students,36,45.099998,20.299999,2025-09-01,Alberta,0,1,0,,01sep2025,2025m9,2025,9,0,0,0,0,0,0,0,0,0,0,1,0,0,0,0,1,0,0,0,0,0,0,0,64,1,1,1,1,0,0,0
Alberta,2025-10-01,Full-time students,38.099998,45.900002,17,2025-10-01,Alberta,0,1,0,,01oct2025,2025m10,2025,10,0,0,0,0,0,0,0,0,0,0,1,0,0,0,0,0,1,0,0,0,0,0,0,61.900002,1,1,1,1,0,0,0
Alberta,2025-11-01,Full-time students,38.599998,46.099998,16.299999,2025-11-01,Alberta,0,1,0,,01nov2025,2025m11,2025,11,0,0,0,0,0,0,0,0,0,0,1,0,0,0,0,0,0,1,0,0,0,0,0,61.400002,1,1,1,1,0,0,0
Alberta,2025-12-01,Full-time students,35.099998,40.099998,12.4,2025-12-01,Alberta,0,1,0,,01dec2025,2025m12,2025,12,0,0,0,0,0,0,0,0,0,0,1,0,0,0,0,0,0,0,1,0,0,0,0,64.900002,1,1,1,1,0,0,0
British Columbia,2015-01-01,Full-time students,33.599998,36.900002,8.8999996,2015-01-01,British Columbia,0,0,0,,01jan2015,2015m1,2015,1,1,0,0,0,0,0,0,0,0,0,0,1,0,0,0,0,0,0,0,0,0,0,0,66.400002,1,0,1,1,0,0,0
British Columbia,2015-02-01,Full-time students,33.599998,37.200001,9.6000004,2015-02-01,British Columbia,0,0,0,,01feb2015,2015m2,2015,2,1,0,0,0,0,0,0,0,0,0,0,0,1,0,0,0,0,0,0,0,0,0,0,66.400002,1,0,1,1,0,0,0
British Columbia,2015-03-01,Full-time students,34.599998,38.5,10,2015-03-01,British Columbia,0,0,0,,01mar2015,2015m3,2015,3,1,0,0,0,0,0,0,0,0,0,0,0,0,1,0,0,0,0,0,0,0,0,0,65.400002,1,0,1,1,0,0,0
British Columbia,2015-04-01,Full-time students,33.400002,37.200001,10.2,2015-04-01,British Columbia,0,0,0,,01apr2015,2015m4,2015,4,1,0,0,0,0,0,0,0,0,0,0,0,0,0,1,0,0,0,0,0,0,0,0,66.599998,1,0,1,1,0,0,0
British Columbia,2015-09-01,Full-time students,33,38.799999,14.8,2015-09-01,British Columbia,0,0,0,,01sep2015,2015m9,2015,9,1,0,0,0,0,0,0,0,0,0,0,0,0,0,0,1,0,0,0,0,0,0,0,67,1,0,1,1,0,0,0
British Columbia,2015-10-01,Full-time students,37.599998,42.799999,12.1,2015-10-01,British Columbia,0,0,0,,01oct2015,2015m10,2015,10,1,0,0,0,0,0,0,0,0,0,0,0,0,0,0,0,1,0,0,0,0,0,0,62.400002,1,0,1,1,0,0,0
British Columbia,2015-11-01,Full-time students,37.400002,40,6.4000001,2015-11-01,British Columbia,0,0,0,,01nov2015,2015m11,2015,11,1,0,0,0,0,0,0,0,0,0,0,0,0,0,0,0,0,1,0,0,0,0,0,62.599998,1,0,1,1,0,0,0
British Columbia,2015-12-01,Full-time students,36.900002,39.5,6.6999998,2015-12-01,British Columbia,0,0,0,,01dec2015,2015m12,2015,12,1,0,0,0,0,0,0,0,0,0,0,0,0,0,0,0,0,0,1,0,0,0,0,63.099998,1,0,1,1,0,0,0
British Columbia,2016-01-01,Full-time students,32,38.200001,16,2016-01-01,British Columbia,0,0,0,,01jan2016,2016m1,2016,1,0,1,0,0,0,0,0,0,0,0,0,1,0,0,0,0,0,0,0,0,0,0,0,68,1,0,1,1,0,0,0
British Columbia,2016-02-01,Full-time students,33.799999,40.299999,16,2016-02-01,British Columbia,0,0,0,,01feb2016,2016m2,2016,2,0,1,0,0,0,0,0,0,0,0,0,0,1,0,0,0,0,0,0,0,0,0,0,66.199997,1,0,1,1,0,0,0
British Columbia,2016-03-01,Full-time students,37.5,41.400002,9.1999998,2016-03-01,British Columbia,0,0,0,,01mar2016,2016m3,2016,3,0,1,0,0,0,0,0,0,0,0,0,0,0,1,0,0,0,0,0,0,0,0,0,62.5,1,0,1,1,0,0,0
British Columbia,2016-04-01,Full-time students,35.099998,38.900002,9.6999998,2016-04-01,British Columbia,0,0,0,,01apr2016,2016m4,2016,4,0,1,0,0,0,0,0,0,0,0,0,0,0,0,1,0,0,0,0,0,0,0,0,64.900002,1,0,1,1,0,0,0
British Columbia,2016-09-01,Full-time students,37.5,43.5,13.9,2016-09-01,British Columbia,0,0,0,,01sep2016,2016m9,2016,9,0,1,0,0,0,0,0,0,0,0,0,0,0,0,0,1,0,0,0,0,0,0,0,62.5,1,0,1,1,0,0,0
British Columbia,2016-10-01,Full-time students,39.700001,43.799999,9.3000002,2016-10-01,British Columbia,0,0,0,,01oct2016,2016m10,2016,10,0,1,0,0,0,0,0,0,0,0,0,0,0,0,0,0,1,0,0,0,0,0,0,60.299999,1,0,1,1,0,0,0
British Columbia,2016-11-01,Full-time students,42.299999,45.700001,7.4000001,2016-11-01,British Columbia,0,0,0,,01nov2016,2016m11,2016,11,0,1,0,0,0,0,0,0,0,0,0,0,0,0,0,0,0,1,0,0,0,0,0,57.700001,1,0,1,1,0,0,0
British Columbia,2016-12-01,Full-time students,41.099998,44.200001,7,2016-12-01,British Columbia,0,0,0,,01dec2016,2016m12,2016,12,0,1,0,0,0,0,0,0,0,0,0,0,0,0,0,0,0,0,1,0,0,0,0,58.900002,1,0,1,1,0,0,0
British Columbia,2017-01-01,Full-time students,39.5,44.799999,11.9,2017-01-01,British Columbia,0,0,0,,01jan2017,2017m1,2017,1,0,0,1,0,0,0,0,0,0,0,0,1,0,0,0,0,0,0,0,0,0,0,0,60.5,1,0,1,1,0,0,0
British Columbia,2017-02-01,Full-time students,38.700001,42.900002,9.8000002,2017-02-01,British Columbia,0,0,0,,01feb2017,2017m2,2017,2,0,0,1,0,0,0,0,0,0,0,0,0,1,0,0,0,0,0,0,0,0,0,0,61.299999,1,0,1,1,0,0,0
British Columbia,2017-03-01,Full-time students,40,45,11.3,2017-03-01,British Columbia,0,0,0,,01mar2017,2017m3,2017,3,0,0,1,0,0,0,0,0,0,0,0,0,0,1,0,0,0,0,0,0,0,0,0,60,1,0,1,1,0,0,0
British Columbia,2017-04-01,Full-time students,38.599998,43.200001,10.5,2017-04-01,British Columbia,0,0,0,,01apr2017,2017m4,2017,4,0,0,1,0,0,0,0,0,0,0,0,0,0,0,1,0,0,0,0,0,0,0,0,61.400002,1,0,1,1,0,0,0
British Columbia,2017-09-01,Full-time students,41.299999,45,8.1000004,2017-09-01,British Columbia,0,0,0,,01sep2017,2017m9,2017,9,0,0,1,0,0,0,0,0,0,0,0,0,0,0,0,1,0,0,0,0,0,0,0,58.700001,1,0,1,1,0,0,0
British Columbia,2017-10-01,Full-time students,42.400002,46.700001,9.1999998,2017-10-01,British Columbia,0,0,0,,01oct2017,2017m10,2017,10,0,0,1,0,0,0,0,0,0,0,0,0,0,0,0,0,1,0,0,0,0,0,0,57.599998,1,0,1,1,0,0,0
British Columbia,2017-11-01,Full-time students,46.200001,49.299999,6.3000002,2017-11-01,British Columbia,0,0,0,,01nov2017,2017m11,2017,11,0,0,1,0,0,0,0,0,0,0,0,0,0,0,0,0,0,1,0,0,0,0,0,53.799999,1,0,1,1,0,0,0
British Columbia,2017-12-01,Full-time students,46.799999,48.099998,2.7,2017-12-01,British Columbia,0,0,0,,01dec2017,2017m12,2017,12,0,0,1,0,0,0,0,0,0,0,0,0,0,0,0,0,0,0,1,0,0,0,0,53.200001,1,0,1,1,0,0,0
British Columbia,2018-01-01,Full-time students,43.400002,45.700001,5.0999999,2018-01-01,British Columbia,0,0,0,,01jan2018,2018m1,2018,1,0,0,0,1,0,0,0,0,0,0,0,1,0,0,0,0,0,0,0,0,0,0,0,56.599998,1,0,1,1,0,0,0
British Columbia,2018-02-01,Full-time students,42.599998,45.400002,6.0999999,2018-02-01,British Columbia,0,0,0,,01feb2018,2018m2,2018,2,0,0,0,1,0,0,0,0,0,0,0,0,1,0,0,0,0,0,0,0,0,0,0,57.400002,1,0,1,1,0,0,0
British Columbia,2018-03-01,Full-time students,39.5,41.400002,4.8000002,2018-03-01,British Columbia,0,0,0,,01mar2018,2018m3,2018,3,0,0,0,1,0,0,0,0,0,0,0,0,0,1,0,0,0,0,0,0,0,0,0,60.5,1,0,1,1,0,0,0
British Columbia,2018-04-01,Full-time students,39.599998,42,5.5999999,2018-04-01,British Columbia,0,0,0,,01apr2018,2018m4,2018,4,0,0,0,1,0,0,0,0,0,0,0,0,0,0,1,0,0,0,0,0,0,0,0,60.400002,1,0,1,1,0,0,0
British Columbia,2018-09-01,Full-time students,40.799999,44.599998,8.5,2018-09-01,British Columbia,0,0,0,,01sep2018,2018m9,2018,9,0,0,0,1,0,0,0,0,0,0,0,0,0,0,0,1,0,0,0,0,0,0,0,59.200001,1,0,1,1,0,0,0
British Columbia,2018-10-01,Full-time students,43.599998,47,7.3000002,2018-10-01,British Columbia,0,0,0,,01oct2018,2018m10,2018,10,0,0,0,1,0,0,0,0,0,0,0,0,0,0,0,0,1,0,0,0,0,0,0,56.400002,1,0,1,1,0,0,0
British Columbia,2018-11-01,Full-time students,42.200001,44.900002,6,2018-11-01,British Columbia,0,0,0,,01nov2018,2018m11,2018,11,0,0,0,1,0,0,0,0,0,0,0,0,0,0,0,0,0,1,0,0,0,0,0,57.799999,1,0,1,1,0,0,0
British Columbia,2018-12-01,Full-time students,42.5,46.599998,8.8000002,2018-12-01,British Columbia,0,0,0,,01dec2018,2018m12,2018,12,0,0,0,1,0,0,0,0,0,0,0,0,0,0,0,0,0,0,1,0,0,0,0,57.5,1,0,1,1,0,0,0
British Columbia,2019-01-01,Full-time students,43.700001,48,9,2019-01-01,British Columbia,0,0,0,,01jan2019,2019m1,2019,1,0,0,0,0,1,0,0,0,0,0,0,1,0,0,0,0,0,0,0,0,0,0,0,56.299999,1,0,1,1,0,0,0
British Columbia,2019-02-01,Full-time students,43.5,46.599998,6.5999999,2019-02-01,British Columbia,0,0,0,,01feb2019,2019m2,2019,2,0,0,0,0,1,0,0,0,0,0,0,0,1,0,0,0,0,0,0,0,0,0,0,56.5,1,0,1,1,0,0,0
British Columbia,2019-03-01,Full-time students,41.5,45.599998,9.1000004,2019-03-01,British Columbia,0,0,0,,01mar2019,2019m3,2019,3,0,0,0,0,1,0,0,0,0,0,0,0,0,1,0,0,0,0,0,0,0,0,0,58.5,1,0,1,1,0,0,0
British Columbia,2019-04-01,Full-time students,40.900002,45.099998,9.1999998,2019-04-01,British Columbia,0,0,0,,01apr2019,2019m4,2019,4,0,0,0,0,1,0,0,0,0,0,0,0,0,0,1,0,0,0,0,0,0,0,0,59.099998,1,0,1,1,0,0,0
British Columbia,2019-09-01,Full-time students,39.400002,43.299999,9,2019-09-01,British Columbia,0,0,0,,01sep2019,2019m9,2019,9,0,0,0,0,1,0,0,0,0,0,0,0,0,0,0,1,0,0,0,0,0,0,0,60.599998,1,0,1,1,0,0,0
British Columbia,2019-10-01,Full-time students,38.900002,43.599998,10.8,2019-10-01,British Columbia,0,0,0,,01oct2019,2019m10,2019,10,0,0,0,0,1,0,0,0,0,0,0,0,0,0,0,0,1,0,0,0,0,0,0,61.099998,1,0,1,1,0,0,0
British Columbia,2019-11-01,Full-time students,38.400002,41.5,7.5,2019-11-01,British Columbia,0,0,0,,01nov2019,2019m11,2019,11,0,0,0,0,1,0,0,0,0,0,0,0,0,0,0,0,0,1,0,0,0,0,0,61.599998,1,0,1,1,0,0,0
British Columbia,2019-12-01,Full-time students,40.599998,42.799999,5,2019-12-01,British Columbia,0,0,0,,01dec2019,2019m12,2019,12,0,0,0,0,1,0,0,0,0,0,0,0,0,0,0,0,0,0,1,0,0,0,0,59.400002,1,0,1,1,0,0,0
British Columbia,2020-01-01,Full-time students,41.400002,44,5.8000002,2020-01-01,British Columbia,0,0,0,,01jan2020,2020m1,2020,1,0,0,0,0,0,1,0,0,0,0,0,1,0,0,0,0,0,0,0,0,0,0,0,58.599998,1,0,1,1,0,0,0
British Columbia,2020-02-01,Full-time students,40.599998,44.5,8.6999998,2020-02-01,British Columbia,0,0,0,,01feb2020,2020m2,2020,2,0,0,0,0,0,1,0,0,0,0,0,0,1,0,0,0,0,0,0,0,0,0,0,59.400002,1,0,1,1,0,0,0
British Columbia,2020-03-01,Full-time students,26.9,35.5,24.1,2020-03-01,British Columbia,0,1,0,,01mar2020,2020m3,2020,3,0,0,0,0,0,1,0,0,0,0,0,0,0,1,0,0,0,0,0,0,0,0,0,73.099998,1,1,1,1,0,0,0
British Columbia,2020-04-01,Full-time students,20.6,28.799999,28.299999,2020-04-01,British Columbia,0,1,0,,01apr2020,2020m4,2020,4,0,0,0,0,0,1,0,0,0,0,0,0,0,0,1,0,0,0,0,0,0,0,0,79.400002,1,1,1,1,0,0,0
British Columbia,2020-09-01,Full-time students,32.299999,41.400002,22,2020-09-01,British Columbia,0,1,0,,01sep2020,2020m9,2020,9,0,0,0,0,0,1,0,0,0,0,0,0,0,0,0,1,0,0,0,0,0,0,0,67.699997,1,1,1,1,0,0,0
British Columbia,2020-10-01,Full-time students,33.599998,41.200001,18.5,2020-10-01,British Columbia,0,1,0,,01oct2020,2020m10,2020,10,0,0,0,0,0,1,0,0,0,0,0,0,0,0,0,0,1,0,0,0,0,0,0,66.400002,1,1,1,1,0,0,0
British Columbia,2020-11-01,Full-time students,37,41.900002,11.8,2020-11-01,British Columbia,0,1,0,,01nov2020,2020m11,2020,11,0,0,0,0,0,1,0,0,0,0,0,0,0,0,0,0,0,1,0,0,0,0,0,63,1,1,1,1,0,0,0
British Columbia,2020-12-01,Full-time students,29.700001,36.900002,19.6,2020-12-01,British Columbia,0,1,0,,01dec2020,2020m12,2020,12,0,0,0,0,0,1,0,0,0,0,0,0,0,0,0,0,0,0,1,0,0,0,0,70.300003,1,1,1,1,0,0,0
British Columbia,2021-01-01,Full-time students,35.200001,40.799999,13.6,2021-01-01,British Columbia,0,1,0,,01jan2021,2021m1,2021,1,0,0,0,0,0,0,1,0,0,0,0,1,0,0,0,0,0,0,0,0,0,0,0,64.800003,1,1,1,1,0,0,0
British Columbia,2021-02-01,Full-time students,34.400002,42.5,19,2021-02-01,British Columbia,0,1,0,,01feb2021,2021m2,2021,2,0,0,0,0,0,0,1,0,0,0,0,0,1,0,0,0,0,0,0,0,0,0,0,65.599998,1,1,1,1,0,0,0
British Columbia,2021-03-01,Full-time students,37.700001,45.700001,17.299999,2021-03-01,British Columbia,0,1,0,,01mar2021,2021m3,2021,3,0,0,0,0,0,0,1,0,0,0,0,0,0,1,0,0,0,0,0,0,0,0,0,62.299999,1,1,1,1,0,0,0
British Columbia,2021-04-01,Full-time students,34.299999,40.400002,15.2,2021-04-01,British Columbia,0,1,0,,01apr2021,2021m4,2021,4,0,0,0,0,0,0,1,0,0,0,0,0,0,0,1,0,0,0,0,0,0,0,0,65.699997,1,1,1,1,0,0,0
British Columbia,2021-09-01,Full-time students,44.200001,50.299999,12,2021-09-01,British Columbia,0,1,0,,01sep2021,2021m9,2021,9,0,0,0,0,0,0,1,0,0,0,0,0,0,0,0,1,0,0,0,0,0,0,0,55.799999,1,1,1,1,0,0,0
British Columbia,2021-10-01,Full-time students,44.299999,48.700001,9.1000004,2021-10-01,British Columbia,0,1,0,,01oct2021,2021m10,2021,10,0,0,0,0,0,0,1,0,0,0,0,0,0,0,0,0,1,0,0,0,0,0,0,55.700001,1,1,1,1,0,0,0
British Columbia,2021-11-01,Full-time students,45.5,49.599998,8.3000002,2021-11-01,British Columbia,0,1,0,,01nov2021,2021m11,2021,11,0,0,0,0,0,0,1,0,0,0,0,0,0,0,0,0,0,1,0,0,0,0,0,54.5,1,1,1,1,0,0,0
British Columbia,2021-12-01,Full-time students,42.700001,45,5.0999999,2021-12-01,British Columbia,0,1,0,,01dec2021,2021m12,2021,12,0,0,0,0,0,0,1,0,0,0,0,0,0,0,0,0,0,0,1,0,0,0,0,57.299999,1,1,1,1,0,0,0
British Columbia,2022-01-01,Full-time students,44.400002,47.099998,5.9000001,2022-01-01,British Columbia,0,1,0,,01jan2022,2022m1,2022,1,0,0,0,0,0,0,0,1,0,0,0,1,0,0,0,0,0,0,0,0,0,0,0,55.599998,1,1,1,1,0,0,0
British Columbia,2022-02-01,Full-time students,41.799999,46.299999,9.6999998,2022-02-01,British Columbia,0,1,0,,01feb2022,2022m2,2022,2,0,0,0,0,0,0,0,1,0,0,0,0,1,0,0,0,0,0,0,0,0,0,0,58.200001,1,1,1,1,0,0,0
British Columbia,2022-03-01,Full-time students,41,45.099998,9.3000002,2022-03-01,British Columbia,0,1,0,,01mar2022,2022m3,2022,3,0,0,0,0,0,0,0,1,0,0,0,0,0,1,0,0,0,0,0,0,0,0,0,59,1,1,1,1,0,0,0
British Columbia,2022-04-01,Full-time students,42,46.900002,10.7,2022-04-01,British Columbia,0,1,0,,01apr2022,2022m4,2022,4,0,0,0,0,0,0,0,1,0,0,0,0,0,0,1,0,0,0,0,0,0,0,0,58,1,1,1,1,0,0,0
British Columbia,2022-09-01,Full-time students,40.900002,44.900002,9,2022-09-01,British Columbia,0,1,0,,01sep2022,2022m9,2022,9,0,0,0,0,0,0,0,1,0,0,0,0,0,0,0,1,0,0,0,0,0,0,0,59.099998,1,1,1,1,0,0,0
British Columbia,2022-10-01,Full-time students,40.299999,46.799999,13.9,2022-10-01,British Columbia,0,1,0,,01oct2022,2022m10,2022,10,0,0,0,0,0,0,0,1,0,0,0,0,0,0,0,0,1,0,0,0,0,0,0,59.700001,1,1,1,1,0,0,0
British Columbia,2022-11-01,Full-time students,43.400002,46.700001,7.0999999,2022-11-01,British Columbia,0,1,0,,01nov2022,2022m11,2022,11,0,0,0,0,0,0,0,1,0,0,0,0,0,0,0,0,0,1,0,0,0,0,0,56.599998,1,1,1,1,0,0,0
British Columbia,2022-12-01,Full-time students,41.599998,43.799999,5.0999999,2022-12-01,British Columbia,0,1,0,,01dec2022,2022m12,2022,12,0,0,0,0,0,0,0,1,0,0,0,0,0,0,0,0,0,0,1,0,0,0,0,58.400002,1,1,1,1,0,0,0
British Columbia,2023-01-01,Full-time students,39.400002,43.700001,9.8999996,2023-01-01,British Columbia,0,1,0,,01jan2023,2023m1,2023,1,0,0,0,0,0,0,0,0,1,0,0,1,0,0,0,0,0,0,0,0,0,0,0,60.599998,1,1,1,1,0,0,0
British Columbia,2023-02-01,Full-time students,40.799999,46.5,12.1,2023-02-01,British Columbia,0,1,0,,01feb2023,2023m2,2023,2,0,0,0,0,0,0,0,0,1,0,0,0,1,0,0,0,0,0,0,0,0,0,0,59.200001,1,1,1,1,0,0,0
British Columbia,2023-03-01,Full-time students,41.400002,45.099998,8.1999998,2023-03-01,British Columbia,0,1,0,,01mar2023,2023m3,2023,3,0,0,0,0,0,0,0,0,1,0,0,0,0,1,0,0,0,0,0,0,0,0,0,58.599998,1,1,1,1,0,0,0
British Columbia,2023-04-01,Full-time students,40.400002,44.799999,9.8999996,2023-04-01,British Columbia,0,1,0,,01apr2023,2023m4,2023,4,0,0,0,0,0,0,0,0,1,0,0,0,0,0,1,0,0,0,0,0,0,0,0,59.599998,1,1,1,1,0,0,0
British Columbia,2023-09-01,Full-time students,38.599998,43.799999,11.8,2023-09-01,British Columbia,0,1,0,,01sep2023,2023m9,2023,9,0,0,0,0,0,0,0,0,1,0,0,0,0,0,0,1,0,0,0,0,0,0,0,61.400002,1,1,1,1,0,0,0
British Columbia,2023-10-01,Full-time students,39.400002,43,8.3999996,2023-10-01,British Columbia,0,1,0,,01oct2023,2023m10,2023,10,0,0,0,0,0,0,0,0,1,0,0,0,0,0,0,0,1,0,0,0,0,0,0,60.599998,1,1,1,1,0,0,0
British Columbia,2023-11-01,Full-time students,39.299999,42.299999,7.1999998,2023-11-01,British Columbia,0,1,0,,01nov2023,2023m11,2023,11,0,0,0,0,0,0,0,0,1,0,0,0,0,0,0,0,0,1,0,0,0,0,0,60.700001,1,1,1,1,0,0,0
British Columbia,2023-12-01,Full-time students,40.900002,43.799999,6.5999999,2023-12-01,British Columbia,0,1,0,,01dec2023,2023m12,2023,12,0,0,0,0,0,0,0,0,1,0,0,0,0,0,0,0,0,0,1,0,0,0,0,59.099998,1,1,1,1,0,0,0
British Columbia,2024-01-01,Full-time students,38.5,41.299999,6.5999999,2024-01-01,British Columbia,0,1,0,,01jan2024,2024m1,2024,1,0,0,0,0,0,0,0,0,0,1,0,1,0,0,0,0,0,0,0,0,0,0,0,61.5,1,1,1,1,0,0,0
British Columbia,2024-02-01,Full-time students,35.900002,39.200001,8.5,2024-02-01,British Columbia,0,1,0,,01feb2024,2024m2,2024,2,0,0,0,0,0,0,0,0,0,1,0,0,1,0,0,0,0,0,0,0,0,0,0,64.099998,1,1,1,1,0,0,0
British Columbia,2024-03-01,Full-time students,36.700001,42.299999,13.2,2024-03-01,British Columbia,0,1,0,,01mar2024,2024m3,2024,3,0,0,0,0,0,0,0,0,0,1,0,0,0,1,0,0,0,0,0,0,0,0,0,63.299999,1,1,1,1,0,0,0
British Columbia,2024-04-01,Full-time students,38.099998,42.400002,10,2024-04-01,British Columbia,0,1,0,,01apr2024,2024m4,2024,4,0,0,0,0,0,0,0,0,0,1,0,0,0,0,1,0,0,0,0,0,0,0,0,61.900002,1,1,1,1,0,0,0
British Columbia,2024-09-01,Full-time students,31.799999,39.5,19.6,2024-09-01,British Columbia,0,1,0,,01sep2024,2024m9,2024,9,0,0,0,0,0,0,0,0,0,1,0,0,0,0,0,1,0,0,0,0,0,0,0,68.199997,1,1,1,1,0,0,0
British Columbia,2024-10-01,Full-time students,33,40,17.4,2024-10-01,British Columbia,0,1,0,,01oct2024,2024m10,2024,10,0,0,0,0,0,0,0,0,0,1,0,0,0,0,0,0,1,0,0,0,0,0,0,67,1,1,1,1,0,0,0
British Columbia,2024-11-01,Full-time students,30.799999,36.099998,14.7,2024-11-01,British Columbia,0,1,0,,01nov2024,2024m11,2024,11,0,0,0,0,0,0,0,0,0,1,0,0,0,0,0,0,0,1,0,0,0,0,0,69.199997,1,1,1,1,0,0,0
British Columbia,2024-12-01,Full-time students,33.599998,37.299999,10.2,2024-12-01,British Columbia,0,1,0,,01dec2024,2024m12,2024,12,0,0,0,0,0,0,0,0,0,1,0,0,0,0,0,0,0,0,1,0,0,0,0,66.400002,1,1,1,1,0,0,0
British Columbia,2025-01-01,Full-time students,34.400002,38.799999,11.5,2025-01-01,British Columbia,0,1,0,,01jan2025,2025m1,2025,1,0,0,0,0,0,0,0,0,0,0,1,1,0,0,0,0,0,0,0,0,0,0,0,65.599998,1,1,1,1,0,0,0
British Columbia,2025-02-01,Full-time students,30.799999,35.700001,13.6,2025-02-01,British Columbia,0,1,0,,01feb2025,2025m2,2025,2,0,0,0,0,0,0,0,0,0,0,1,0,1,0,0,0,0,0,0,0,0,0,0,69.199997,1,1,1,1,0,0,0
British Columbia,2025-03-01,Full-time students,31.5,37,14.9,2025-03-01,British Columbia,0,1,0,,01mar2025,2025m3,2025,3,0,0,0,0,0,0,0,0,0,0,1,0,0,1,0,0,0,0,0,0,0,0,0,68.5,1,1,1,1,0,0,0
British Columbia,2025-04-01,Full-time students,29.9,37.400002,20.1,2025-04-01,British Columbia,0,1,0,,01apr2025,2025m4,2025,4,0,0,0,0,0,0,0,0,0,0,1,0,0,0,1,0,0,0,0,0,0,0,0,70.099998,1,1,1,1,0,0,0
British Columbia,2025-09-01,Full-time students,33.5,40.5,17.200001,2025-09-01,British Columbia,0,1,0,,01sep2025,2025m9,2025,9,0,0,0,0,0,0,0,0,0,0,1,0,0,0,0,1,0,0,0,0,0,0,0,66.5,1,1,1,1,0,0,0
British Columbia,2025-10-01,Full-time students,34.5,40.900002,15.7,2025-10-01,British Columbia,0,1,0,,01oct2025,2025m10,2025,10,0,0,0,0,0,0,0,0,0,0,1,0,0,0,0,0,1,0,0,0,0,0,0,65.5,1,1,1,1,0,0,0
British Columbia,2025-11-01,Full-time students,34.599998,40.799999,15.1,2025-11-01,British Columbia,0,1,0,,01nov2025,2025m11,2025,11,0,0,0,0,0,0,0,0,0,0,1,0,0,0,0,0,0,1,0,0,0,0,0,65.400002,1,1,1,1,0,0,0
British Columbia,2025-12-01,Full-time students,33.299999,37.200001,10.5,2025-12-01,British Columbia,0,1,0,,01dec2025,2025m12,2025,12,0,0,0,0,0,0,0,0,0,0,1,0,0,0,0,0,0,0,1,0,0,0,0,66.699997,1,1,1,1,0,0,0
Manitoba,2015-01-01,Full-time students,40.5,48.299999,16,2015-01-01,Manitoba,0,0,0,,01jan2015,2015m1,2015,1,1,0,0,0,0,0,0,0,0,0,0,1,0,0,0,0,0,0,0,0,0,0,0,59.5,1,0,1,1,0,0,0
Manitoba,2015-02-01,Full-time students,37.5,44.5,15.8,2015-02-01,Manitoba,0,0,0,,01feb2015,2015m2,2015,2,1,0,0,0,0,0,0,0,0,0,0,0,1,0,0,0,0,0,0,0,0,0,0,62.5,1,0,1,1,0,0,0
Manitoba,2015-03-01,Full-time students,39.700001,46.5,14.7,2015-03-01,Manitoba,0,0,0,,01mar2015,2015m3,2015,3,1,0,0,0,0,0,0,0,0,0,0,0,0,1,0,0,0,0,0,0,0,0,0,60.299999,1,0,1,1,0,0,0
Manitoba,2015-04-01,Full-time students,38.799999,46.099998,15.5,2015-04-01,Manitoba,0,0,0,,01apr2015,2015m4,2015,4,1,0,0,0,0,0,0,0,0,0,0,0,0,0,1,0,0,0,0,0,0,0,0,61.200001,1,0,1,1,0,0,0
Manitoba,2015-09-01,Full-time students,41.299999,46.200001,10.8,2015-09-01,Manitoba,0,0,0,,01sep2015,2015m9,2015,9,1,0,0,0,0,0,0,0,0,0,0,0,0,0,0,1,0,0,0,0,0,0,0,58.700001,1,0,1,1,0,0,0
Manitoba,2015-10-01,Full-time students,40.599998,46.400002,12.5,2015-10-01,Manitoba,0,0,0,,01oct2015,2015m10,2015,10,1,0,0,0,0,0,0,0,0,0,0,0,0,0,0,0,1,0,0,0,0,0,0,59.400002,1,0,1,1,0,0,0
Manitoba,2015-11-01,Full-time students,41.700001,47.599998,12.3,2015-11-01,Manitoba,0,0,0,,01nov2015,2015m11,2015,11,1,0,0,0,0,0,0,0,0,0,0,0,0,0,0,0,0,1,0,0,0,0,0,58.299999,1,0,1,1,0,0,0
Manitoba,2015-12-01,Full-time students,42,47.599998,11.7,2015-12-01,Manitoba,0,0,0,,01dec2015,2015m12,2015,12,1,0,0,0,0,0,0,0,0,0,0,0,0,0,0,0,0,0,1,0,0,0,0,58,1,0,1,1,0,0,0
Manitoba,2016-01-01,Full-time students,37.900002,44.200001,14.4,2016-01-01,Manitoba,0,0,0,,01jan2016,2016m1,2016,1,0,1,0,0,0,0,0,0,0,0,0,1,0,0,0,0,0,0,0,0,0,0,0,62.099998,1,0,1,1,0,0,0
Manitoba,2016-02-01,Full-time students,37.400002,42.900002,13,2016-02-01,Manitoba,0,0,0,,01feb2016,2016m2,2016,2,0,1,0,0,0,0,0,0,0,0,0,0,1,0,0,0,0,0,0,0,0,0,0,62.599998,1,0,1,1,0,0,0
Manitoba,2016-03-01,Full-time students,38,45.099998,15.7,2016-03-01,Manitoba,0,0,0,,01mar2016,2016m3,2016,3,0,1,0,0,0,0,0,0,0,0,0,0,0,1,0,0,0,0,0,0,0,0,0,62,1,0,1,1,0,0,0
Manitoba,2016-04-01,Full-time students,38.900002,46.200001,16,2016-04-01,Manitoba,0,0,0,,01apr2016,2016m4,2016,4,0,1,0,0,0,0,0,0,0,0,0,0,0,0,1,0,0,0,0,0,0,0,0,61.099998,1,0,1,1,0,0,0
Manitoba,2016-09-01,Full-time students,38.5,44.099998,13.1,2016-09-01,Manitoba,0,0,0,,01sep2016,2016m9,2016,9,0,1,0,0,0,0,0,0,0,0,0,0,0,0,0,1,0,0,0,0,0,0,0,61.5,1,0,1,1,0,0,0
Manitoba,2016-10-01,Full-time students,40.799999,46.799999,13,2016-10-01,Manitoba,0,0,0,,01oct2016,2016m10,2016,10,0,1,0,0,0,0,0,0,0,0,0,0,0,0,0,0,1,0,0,0,0,0,0,59.200001,1,0,1,1,0,0,0
Manitoba,2016-11-01,Full-time students,39.599998,44.900002,11.9,2016-11-01,Manitoba,0,0,0,,01nov2016,2016m11,2016,11,0,1,0,0,0,0,0,0,0,0,0,0,0,0,0,0,0,1,0,0,0,0,0,60.400002,1,0,1,1,0,0,0
Manitoba,2016-12-01,Full-time students,40.900002,46.700001,12.4,2016-12-01,Manitoba,0,0,0,,01dec2016,2016m12,2016,12,0,1,0,0,0,0,0,0,0,0,0,0,0,0,0,0,0,0,1,0,0,0,0,59.099998,1,0,1,1,0,0,0
Manitoba,2017-01-01,Full-time students,39.400002,45.299999,12.8,2017-01-01,Manitoba,0,0,0,,01jan2017,2017m1,2017,1,0,0,1,0,0,0,0,0,0,0,0,1,0,0,0,0,0,0,0,0,0,0,0,60.599998,1,0,1,1,0,0,0
Manitoba,2017-02-01,Full-time students,39,45.099998,13.6,2017-02-01,Manitoba,0,0,0,,01feb2017,2017m2,2017,2,0,0,1,0,0,0,0,0,0,0,0,0,1,0,0,0,0,0,0,0,0,0,0,61,1,0,1,1,0,0,0
Manitoba,2017-03-01,Full-time students,38.700001,44.200001,12.7,2017-03-01,Manitoba,0,0,0,,01mar2017,2017m3,2017,3,0,0,1,0,0,0,0,0,0,0,0,0,0,1,0,0,0,0,0,0,0,0,0,61.299999,1,0,1,1,0,0,0
Manitoba,2017-04-01,Full-time students,40.200001,46.5,13.9,2017-04-01,Manitoba,0,0,0,,01apr2017,2017m4,2017,4,0,0,1,0,0,0,0,0,0,0,0,0,0,0,1,0,0,0,0,0,0,0,0,59.799999,1,0,1,1,0,0,0
Manitoba,2017-09-01,Full-time students,40,47.299999,15.1,2017-09-01,Manitoba,0,0,0,,01sep2017,2017m9,2017,9,0,0,1,0,0,0,0,0,0,0,0,0,0,0,0,1,0,0,0,0,0,0,0,60,1,0,1,1,0,0,0
Manitoba,2017-10-01,Full-time students,42.700001,48.200001,11.5,2017-10-01,Manitoba,0,0,0,,01oct2017,2017m10,2017,10,0,0,1,0,0,0,0,0,0,0,0,0,0,0,0,0,1,0,0,0,0,0,0,57.299999,1,0,1,1,0,0,0
Manitoba,2017-11-01,Full-time students,42.099998,46.799999,10,2017-11-01,Manitoba,0,0,0,,01nov2017,2017m11,2017,11,0,0,1,0,0,0,0,0,0,0,0,0,0,0,0,0,0,1,0,0,0,0,0,57.900002,1,0,1,1,0,0,0
Manitoba,2017-12-01,Full-time students,43.099998,47.099998,8.6000004,2017-12-01,Manitoba,0,0,0,,01dec2017,2017m12,2017,12,0,0,1,0,0,0,0,0,0,0,0,0,0,0,0,0,0,0,1,0,0,0,0,56.900002,1,0,1,1,0,0,0
Manitoba,2018-01-01,Full-time students,42.900002,47.900002,10.7,2018-01-01,Manitoba,0,0,0,,01jan2018,2018m1,2018,1,0,0,0,1,0,0,0,0,0,0,0,1,0,0,0,0,0,0,0,0,0,0,0,57.099998,1,0,1,1,0,0,0
Manitoba,2018-02-01,Full-time students,42.099998,47.400002,11.2,2018-02-01,Manitoba,0,0,0,,01feb2018,2018m2,2018,2,0,0,0,1,0,0,0,0,0,0,0,0,1,0,0,0,0,0,0,0,0,0,0,57.900002,1,0,1,1,0,0,0
Manitoba,2018-03-01,Full-time students,42.5,48,11.4,2018-03-01,Manitoba,0,0,0,,01mar2018,2018m3,2018,3,0,0,0,1,0,0,0,0,0,0,0,0,0,1,0,0,0,0,0,0,0,0,0,57.5,1,0,1,1,0,0,0
Manitoba,2018-04-01,Full-time students,41.799999,48.5,13.7,2018-04-01,Manitoba,0,0,0,,01apr2018,2018m4,2018,4,0,0,0,1,0,0,0,0,0,0,0,0,0,0,1,0,0,0,0,0,0,0,0,58.200001,1,0,1,1,0,0,0
Manitoba,2018-09-01,Full-time students,41.299999,48.5,14.8,2018-09-01,Manitoba,0,0,0,,01sep2018,2018m9,2018,9,0,0,0,1,0,0,0,0,0,0,0,0,0,0,0,1,0,0,0,0,0,0,0,58.700001,1,0,1,1,0,0,0
Manitoba,2018-10-01,Full-time students,40.700001,46.700001,13,2018-10-01,Manitoba,0,0,0,,01oct2018,2018m10,2018,10,0,0,0,1,0,0,0,0,0,0,0,0,0,0,0,0,1,0,0,0,0,0,0,59.299999,1,0,1,1,0,0,0
Manitoba,2018-11-01,Full-time students,39.200001,43.099998,9.1000004,2018-11-01,Manitoba,0,0,0,,01nov2018,2018m11,2018,11,0,0,0,1,0,0,0,0,0,0,0,0,0,0,0,0,0,1,0,0,0,0,0,60.799999,1,0,1,1,0,0,0
Manitoba,2018-12-01,Full-time students,41.799999,46.700001,10.4,2018-12-01,Manitoba,0,0,0,,01dec2018,2018m12,2018,12,0,0,0,1,0,0,0,0,0,0,0,0,0,0,0,0,0,0,1,0,0,0,0,58.200001,1,0,1,1,0,0,0
Manitoba,2019-01-01,Full-time students,41.700001,47.099998,11.4,2019-01-01,Manitoba,0,0,0,,01jan2019,2019m1,2019,1,0,0,0,0,1,0,0,0,0,0,0,1,0,0,0,0,0,0,0,0,0,0,0,58.299999,1,0,1,1,0,0,0
Manitoba,2019-02-01,Full-time students,39.5,42.099998,6.1999998,2019-02-01,Manitoba,0,0,0,,01feb2019,2019m2,2019,2,0,0,0,0,1,0,0,0,0,0,0,0,1,0,0,0,0,0,0,0,0,0,0,60.5,1,0,1,1,0,0,0
Manitoba,2019-03-01,Full-time students,41.400002,45.099998,8,2019-03-01,Manitoba,0,0,0,,01mar2019,2019m3,2019,3,0,0,0,0,1,0,0,0,0,0,0,0,0,1,0,0,0,0,0,0,0,0,0,58.599998,1,0,1,1,0,0,0
Manitoba,2019-04-01,Full-time students,41.799999,46.5,10.2,2019-04-01,Manitoba,0,0,0,,01apr2019,2019m4,2019,4,0,0,0,0,1,0,0,0,0,0,0,0,0,0,1,0,0,0,0,0,0,0,0,58.200001,1,0,1,1,0,0,0
Manitoba,2019-09-01,Full-time students,36.200001,41.799999,13.4,2019-09-01,Manitoba,0,0,0,,01sep2019,2019m9,2019,9,0,0,0,0,1,0,0,0,0,0,0,0,0,0,0,1,0,0,0,0,0,0,0,63.799999,1,0,1,1,0,0,0
Manitoba,2019-10-01,Full-time students,38.099998,43.799999,13,2019-10-01,Manitoba,0,0,0,,01oct2019,2019m10,2019,10,0,0,0,0,1,0,0,0,0,0,0,0,0,0,0,0,1,0,0,0,0,0,0,61.900002,1,0,1,1,0,0,0
Manitoba,2019-11-01,Full-time students,37.099998,40.900002,9.3999996,2019-11-01,Manitoba,0,0,0,,01nov2019,2019m11,2019,11,0,0,0,0,1,0,0,0,0,0,0,0,0,0,0,0,0,1,0,0,0,0,0,62.900002,1,0,1,1,0,0,0
Manitoba,2019-12-01,Full-time students,38.599998,41,6.4000001,2019-12-01,Manitoba,0,0,0,,01dec2019,2019m12,2019,12,0,0,0,0,1,0,0,0,0,0,0,0,0,0,0,0,0,0,1,0,0,0,0,61.400002,1,0,1,1,0,0,0
Manitoba,2020-01-01,Full-time students,40.5,45,10,2020-01-01,Manitoba,0,0,0,,01jan2020,2020m1,2020,1,0,0,0,0,0,1,0,0,0,0,0,1,0,0,0,0,0,0,0,0,0,0,0,59.5,1,0,1,1,0,0,0
Manitoba,2020-02-01,Full-time students,41.900002,46.099998,9.1999998,2020-02-01,Manitoba,0,0,0,,01feb2020,2020m2,2020,2,0,0,0,0,0,1,0,0,0,0,0,0,1,0,0,0,0,0,0,0,0,0,0,58.099998,1,0,1,1,0,0,0
Manitoba,2020-03-01,Full-time students,31.200001,39.799999,21.799999,2020-03-01,Manitoba,0,1,0,,01mar2020,2020m3,2020,3,0,0,0,0,0,1,0,0,0,0,0,0,0,1,0,0,0,0,0,0,0,0,0,68.800003,1,1,1,1,0,0,0
Manitoba,2020-04-01,Full-time students,22.4,31.6,29.200001,2020-04-01,Manitoba,0,1,0,,01apr2020,2020m4,2020,4,0,0,0,0,0,1,0,0,0,0,0,0,0,0,1,0,0,0,0,0,0,0,0,77.599998,1,1,1,1,0,0,0
Manitoba,2020-09-01,Full-time students,40.900002,48.700001,16,2020-09-01,Manitoba,0,1,0,,01sep2020,2020m9,2020,9,0,0,0,0,0,1,0,0,0,0,0,0,0,0,0,1,0,0,0,0,0,0,0,59.099998,1,1,1,1,0,0,0
Manitoba,2020-10-01,Full-time students,39.099998,46.5,15.6,2020-10-01,Manitoba,0,1,0,,01oct2020,2020m10,2020,10,0,0,0,0,0,1,0,0,0,0,0,0,0,0,0,0,1,0,0,0,0,0,0,60.900002,1,1,1,1,0,0,0
Manitoba,2020-11-01,Full-time students,33.400002,40.599998,17.700001,2020-11-01,Manitoba,0,1,0,,01nov2020,2020m11,2020,11,0,0,0,0,0,1,0,0,0,0,0,0,0,0,0,0,0,1,0,0,0,0,0,66.599998,1,1,1,1,0,0,0
Manitoba,2020-12-01,Full-time students,33.5,40.400002,17.200001,2020-12-01,Manitoba,0,1,0,,01dec2020,2020m12,2020,12,0,0,0,0,0,1,0,0,0,0,0,0,0,0,0,0,0,0,1,0,0,0,0,66.5,1,1,1,1,0,0,0
Manitoba,2021-01-01,Full-time students,29.700001,38.400002,22.5,2021-01-01,Manitoba,0,1,0,,01jan2021,2021m1,2021,1,0,0,0,0,0,0,1,0,0,0,0,1,0,0,0,0,0,0,0,0,0,0,0,70.300003,1,1,1,1,0,0,0
Manitoba,2021-02-01,Full-time students,33.200001,41.099998,19.200001,2021-02-01,Manitoba,0,1,0,,01feb2021,2021m2,2021,2,0,0,0,0,0,0,1,0,0,0,0,0,1,0,0,0,0,0,0,0,0,0,0,66.800003,1,1,1,1,0,0,0
Manitoba,2021-03-01,Full-time students,34.599998,43.599998,20.6,2021-03-01,Manitoba,0,1,0,,01mar2021,2021m3,2021,3,0,0,0,0,0,0,1,0,0,0,0,0,0,1,0,0,0,0,0,0,0,0,0,65.400002,1,1,1,1,0,0,0
Manitoba,2021-04-01,Full-time students,37.400002,46.900002,20.299999,2021-04-01,Manitoba,0,1,0,,01apr2021,2021m4,2021,4,0,0,0,0,0,0,1,0,0,0,0,0,0,0,1,0,0,0,0,0,0,0,0,62.599998,1,1,1,1,0,0,0
Manitoba,2021-09-01,Full-time students,40,44.900002,10.8,2021-09-01,Manitoba,0,1,0,,01sep2021,2021m9,2021,9,0,0,0,0,0,0,1,0,0,0,0,0,0,0,0,1,0,0,0,0,0,0,0,60,1,1,1,1,0,0,0
Manitoba,2021-10-01,Full-time students,42.700001,47.200001,9.3999996,2021-10-01,Manitoba,0,1,0,,01oct2021,2021m10,2021,10,0,0,0,0,0,0,1,0,0,0,0,0,0,0,0,0,1,0,0,0,0,0,0,57.299999,1,1,1,1,0,0,0
Manitoba,2021-11-01,Full-time students,40.799999,44.700001,8.6000004,2021-11-01,Manitoba,0,1,0,,01nov2021,2021m11,2021,11,0,0,0,0,0,0,1,0,0,0,0,0,0,0,0,0,0,1,0,0,0,0,0,59.200001,1,1,1,1,0,0,0
Manitoba,2021-12-01,Full-time students,44.700001,49.700001,10,2021-12-01,Manitoba,0,1,0,,01dec2021,2021m12,2021,12,0,0,0,0,0,0,1,0,0,0,0,0,0,0,0,0,0,0,1,0,0,0,0,55.299999,1,1,1,1,0,0,0
Manitoba,2022-01-01,Full-time students,41,45.5,10.1,2022-01-01,Manitoba,0,1,0,,01jan2022,2022m1,2022,1,0,0,0,0,0,0,0,1,0,0,0,1,0,0,0,0,0,0,0,0,0,0,0,59,1,1,1,1,0,0,0
Manitoba,2022-02-01,Full-time students,41.099998,45.700001,10.1,2022-02-01,Manitoba,0,1,0,,01feb2022,2022m2,2022,2,0,0,0,0,0,0,0,1,0,0,0,0,1,0,0,0,0,0,0,0,0,0,0,58.900002,1,1,1,1,0,0,0
Manitoba,2022-03-01,Full-time students,46.400002,50.200001,7.4000001,2022-03-01,Manitoba,0,1,0,,01mar2022,2022m3,2022,3,0,0,0,0,0,0,0,1,0,0,0,0,0,1,0,0,0,0,0,0,0,0,0,53.599998,1,1,1,1,0,0,0
Manitoba,2022-04-01,Full-time students,49.799999,54.599998,8.6999998,2022-04-01,Manitoba,0,1,0,,01apr2022,2022m4,2022,4,0,0,0,0,0,0,0,1,0,0,0,0,0,0,1,0,0,0,0,0,0,0,0,50.200001,1,1,1,1,0,0,0
Manitoba,2022-09-01,Full-time students,44.599998,49.799999,10.5,2022-09-01,Manitoba,0,1,0,,01sep2022,2022m9,2022,9,0,0,0,0,0,0,0,1,0,0,0,0,0,0,0,1,0,0,0,0,0,0,0,55.400002,1,1,1,1,0,0,0
Manitoba,2022-10-01,Full-time students,40.799999,45.099998,9.6000004,2022-10-01,Manitoba,0,1,0,,01oct2022,2022m10,2022,10,0,0,0,0,0,0,0,1,0,0,0,0,0,0,0,0,1,0,0,0,0,0,0,59.200001,1,1,1,1,0,0,0
Manitoba,2022-11-01,Full-time students,41.599998,45.099998,7.8000002,2022-11-01,Manitoba,0,1,0,,01nov2022,2022m11,2022,11,0,0,0,0,0,0,0,1,0,0,0,0,0,0,0,0,0,1,0,0,0,0,0,58.400002,1,1,1,1,0,0,0
Manitoba,2022-12-01,Full-time students,43.700001,48.200001,9.3999996,2022-12-01,Manitoba,0,1,0,,01dec2022,2022m12,2022,12,0,0,0,0,0,0,0,1,0,0,0,0,0,0,0,0,0,0,1,0,0,0,0,56.299999,1,1,1,1,0,0,0
Manitoba,2023-01-01,Full-time students,43.799999,46.599998,5.9000001,2023-01-01,Manitoba,0,1,0,,01jan2023,2023m1,2023,1,0,0,0,0,0,0,0,0,1,0,0,1,0,0,0,0,0,0,0,0,0,0,0,56.200001,1,1,1,1,0,0,0
Manitoba,2023-02-01,Full-time students,42.700001,46.200001,7.6999998,2023-02-01,Manitoba,0,1,0,,01feb2023,2023m2,2023,2,0,0,0,0,0,0,0,0,1,0,0,0,1,0,0,0,0,0,0,0,0,0,0,57.299999,1,1,1,1,0,0,0
Manitoba,2023-03-01,Full-time students,45.400002,49.099998,7.6999998,2023-03-01,Manitoba,0,1,0,,01mar2023,2023m3,2023,3,0,0,0,0,0,0,0,0,1,0,0,0,0,1,0,0,0,0,0,0,0,0,0,54.599998,1,1,1,1,0,0,0
Manitoba,2023-04-01,Full-time students,44,50.299999,12.4,2023-04-01,Manitoba,0,1,0,,01apr2023,2023m4,2023,4,0,0,0,0,0,0,0,0,1,0,0,0,0,0,1,0,0,0,0,0,0,0,0,56,1,1,1,1,0,0,0
Manitoba,2023-09-01,Full-time students,42.900002,49.900002,14.2,2023-09-01,Manitoba,0,1,0,,01sep2023,2023m9,2023,9,0,0,0,0,0,0,0,0,1,0,0,0,0,0,0,1,0,0,0,0,0,0,0,57.099998,1,1,1,1,0,0,0
Manitoba,2023-10-01,Full-time students,42.400002,47.5,10.8,2023-10-01,Manitoba,0,1,0,,01oct2023,2023m10,2023,10,0,0,0,0,0,0,0,0,1,0,0,0,0,0,0,0,1,0,0,0,0,0,0,57.599998,1,1,1,1,0,0,0
Manitoba,2023-11-01,Full-time students,41.400002,47,11.8,2023-11-01,Manitoba,0,1,0,,01nov2023,2023m11,2023,11,0,0,0,0,0,0,0,0,1,0,0,0,0,0,0,0,0,1,0,0,0,0,0,58.599998,1,1,1,1,0,0,0
Manitoba,2023-12-01,Full-time students,42.599998,47.299999,10,2023-12-01,Manitoba,0,1,0,,01dec2023,2023m12,2023,12,0,0,0,0,0,0,0,0,1,0,0,0,0,0,0,0,0,0,1,0,0,0,0,57.400002,1,1,1,1,0,0,0
Manitoba,2024-01-01,Full-time students,44,48.099998,8.6000004,2024-01-01,Manitoba,0,1,0,,01jan2024,2024m1,2024,1,0,0,0,0,0,0,0,0,0,1,0,1,0,0,0,0,0,0,0,0,0,0,0,56,1,1,1,1,0,0,0
Manitoba,2024-02-01,Full-time students,41.400002,46.700001,11.1,2024-02-01,Manitoba,0,1,0,,01feb2024,2024m2,2024,2,0,0,0,0,0,0,0,0,0,1,0,0,1,0,0,0,0,0,0,0,0,0,0,58.599998,1,1,1,1,0,0,0
Manitoba,2024-03-01,Full-time students,40.900002,47.200001,13.5,2024-03-01,Manitoba,0,1,0,,01mar2024,2024m3,2024,3,0,0,0,0,0,0,0,0,0,1,0,0,0,1,0,0,0,0,0,0,0,0,0,59.099998,1,1,1,1,0,0,0
Manitoba,2024-04-01,Full-time students,39.599998,46.099998,14.1,2024-04-01,Manitoba,0,1,0,,01apr2024,2024m4,2024,4,0,0,0,0,0,0,0,0,0,1,0,0,0,0,1,0,0,0,0,0,0,0,0,60.400002,1,1,1,1,0,0,0
Manitoba,2024-09-01,Full-time students,39.900002,45.700001,12.5,2024-09-01,Manitoba,0,1,0,,01sep2024,2024m9,2024,9,0,0,0,0,0,0,0,0,0,1,0,0,0,0,0,1,0,0,0,0,0,0,0,60.099998,1,1,1,1,0,0,0
Manitoba,2024-10-01,Full-time students,39.299999,46.700001,15.8,2024-10-01,Manitoba,0,1,0,,01oct2024,2024m10,2024,10,0,0,0,0,0,0,0,0,0,1,0,0,0,0,0,0,1,0,0,0,0,0,0,60.700001,1,1,1,1,0,0,0
Manitoba,2024-11-01,Full-time students,37.700001,45,16.4,2024-11-01,Manitoba,0,1,0,,01nov2024,2024m11,2024,11,0,0,0,0,0,0,0,0,0,1,0,0,0,0,0,0,0,1,0,0,0,0,0,62.299999,1,1,1,1,0,0,0
Manitoba,2024-12-01,Full-time students,35.900002,40.799999,12.1,2024-12-01,Manitoba,0,1,0,,01dec2024,2024m12,2024,12,0,0,0,0,0,0,0,0,0,1,0,0,0,0,0,0,0,0,1,0,0,0,0,64.099998,1,1,1,1,0,0,0
Manitoba,2025-01-01,Full-time students,36.200001,40.700001,10.9,2025-01-01,Manitoba,0,1,0,,01jan2025,2025m1,2025,1,0,0,0,0,0,0,0,0,0,0,1,1,0,0,0,0,0,0,0,0,0,0,0,63.799999,1,1,1,1,0,0,0
Manitoba,2025-02-01,Full-time students,35.599998,41.099998,13.2,2025-02-01,Manitoba,0,1,0,,01feb2025,2025m2,2025,2,0,0,0,0,0,0,0,0,0,0,1,0,1,0,0,0,0,0,0,0,0,0,0,64.400002,1,1,1,1,0,0,0
Manitoba,2025-03-01,Full-time students,36.5,42,13.3,2025-03-01,Manitoba,0,1,0,,01mar2025,2025m3,2025,3,0,0,0,0,0,0,0,0,0,0,1,0,0,1,0,0,0,0,0,0,0,0,0,63.5,1,1,1,1,0,0,0
Manitoba,2025-04-01,Full-time students,35.799999,40.700001,12.2,2025-04-01,Manitoba,0,1,0,,01apr2025,2025m4,2025,4,0,0,0,0,0,0,0,0,0,0,1,0,0,0,1,0,0,0,0,0,0,0,0,64.199997,1,1,1,1,0,0,0
Manitoba,2025-09-01,Full-time students,41.799999,49.400002,15.2,2025-09-01,Manitoba,0,1,0,,01sep2025,2025m9,2025,9,0,0,0,0,0,0,0,0,0,0,1,0,0,0,0,1,0,0,0,0,0,0,0,58.200001,1,1,1,1,0,0,0
Manitoba,2025-10-01,Full-time students,35.700001,43.099998,17.200001,2025-10-01,Manitoba,0,1,0,,01oct2025,2025m10,2025,10,0,0,0,0,0,0,0,0,0,0,1,0,0,0,0,0,1,0,0,0,0,0,0,64.300003,1,1,1,1,0,0,0
Manitoba,2025-11-01,Full-time students,36.900002,42.799999,14.1,2025-11-01,Manitoba,0,1,0,,01nov2025,2025m11,2025,11,0,0,0,0,0,0,0,0,0,0,1,0,0,0,0,0,0,1,0,0,0,0,0,63.099998,1,1,1,1,0,0,0
Manitoba,2025-12-01,Full-time students,36.599998,41.700001,12.5,2025-12-01,Manitoba,0,1,0,,01dec2025,2025m12,2025,12,0,0,0,0,0,0,0,0,0,0,1,0,0,0,0,0,0,0,1,0,0,0,0,63.400002,1,1,1,1,0,0,0
New Brunswick,2015-01-01,Full-time students,32.700001,36.5,10.5,2015-01-01,New Brunswick,0,0,0,0,01jan2015,2015m1,2015,1,1,0,0,0,0,0,0,0,0,0,0,1,0,0,0,0,0,0,0,0,0,0,0,67.300003,0,0,0,1,1,1,1
New Brunswick,2015-02-01,Full-time students,33.599998,37,9.1999998,2015-02-01,New Brunswick,0,0,0,0,01feb2015,2015m2,2015,2,1,0,0,0,0,0,0,0,0,0,0,0,1,0,0,0,0,0,0,0,0,0,0,66.400002,0,0,0,1,1,1,1
New Brunswick,2015-03-01,Full-time students,34.599998,39.400002,12.4,2015-03-01,New Brunswick,0,0,0,0,01mar2015,2015m3,2015,3,1,0,0,0,0,0,0,0,0,0,0,0,0,1,0,0,0,0,0,0,0,0,0,65.400002,0,0,0,1,1,1,1
New Brunswick,2015-04-01,Full-time students,33.799999,39.400002,14.2,2015-04-01,New Brunswick,0,0,0,0,01apr2015,2015m4,2015,4,1,0,0,0,0,0,0,0,0,0,0,0,0,0,1,0,0,0,0,0,0,0,0,66.199997,0,0,0,1,1,1,1
New Brunswick,2015-09-01,Full-time students,30.299999,38,20.200001,2015-09-01,New Brunswick,0,0,0,0,01sep2015,2015m9,2015,9,1,0,0,0,0,0,0,0,0,0,0,0,0,0,0,1,0,0,0,0,0,0,0,69.699997,0,0,0,1,1,1,1
New Brunswick,2015-10-01,Full-time students,36.400002,41.5,12.4,2015-10-01,New Brunswick,0,0,0,0,01oct2015,2015m10,2015,10,1,0,0,0,0,0,0,0,0,0,0,0,0,0,0,0,1,0,0,0,0,0,0,63.599998,0,0,0,1,1,1,1
New Brunswick,2015-11-01,Full-time students,34.400002,38.099998,9.8999996,2015-11-01,New Brunswick,0,0,0,0,01nov2015,2015m11,2015,11,1,0,0,0,0,0,0,0,0,0,0,0,0,0,0,0,0,1,0,0,0,0,0,65.599998,0,0,0,1,1,1,1
New Brunswick,2015-12-01,Full-time students,36,39.599998,9.1000004,2015-12-01,New Brunswick,0,0,0,0,01dec2015,2015m12,2015,12,1,0,0,0,0,0,0,0,0,0,0,0,0,0,0,0,0,0,1,0,0,0,0,64,0,0,0,1,1,1,1
New Brunswick,2016-01-01,Full-time students,34.799999,39.700001,12.3,2016-01-01,New Brunswick,0,0,0,0,01jan2016,2016m1,2016,1,0,1,0,0,0,0,0,0,0,0,0,1,0,0,0,0,0,0,0,0,0,0,0,65.199997,0,0,0,1,1,1,1
New Brunswick,2016-02-01,Full-time students,32.299999,37.200001,13.1,2016-02-01,New Brunswick,0,0,0,0,01feb2016,2016m2,2016,2,0,1,0,0,0,0,0,0,0,0,0,0,1,0,0,0,0,0,0,0,0,0,0,67.699997,0,0,0,1,1,1,1
New Brunswick,2016-03-01,Full-time students,34,40.299999,15.5,2016-03-01,New Brunswick,0,0,0,0,01mar2016,2016m3,2016,3,0,1,0,0,0,0,0,0,0,0,0,0,0,1,0,0,0,0,0,0,0,0,0,66,0,0,0,1,1,1,1
New Brunswick,2016-04-01,Full-time students,35.099998,40.799999,14,2016-04-01,New Brunswick,0,0,0,0,01apr2016,2016m4,2016,4,0,1,0,0,0,0,0,0,0,0,0,0,0,0,1,0,0,0,0,0,0,0,0,64.900002,0,0,0,1,1,1,1
New Brunswick,2016-09-01,Full-time students,39.5,43.900002,10,2016-09-01,New Brunswick,0,0,0,0,01sep2016,2016m9,2016,9,0,1,0,0,0,0,0,0,0,0,0,0,0,0,0,1,0,0,0,0,0,0,0,60.5,0,0,0,1,1,1,1
New Brunswick,2016-10-01,Full-time students,39.900002,47.099998,14.7,2016-10-01,New Brunswick,0,0,0,0,01oct2016,2016m10,2016,10,0,1,0,0,0,0,0,0,0,0,0,0,0,0,0,0,1,0,0,0,0,0,0,60.099998,0,0,0,1,1,1,1
New Brunswick,2016-11-01,Full-time students,42.099998,46.099998,8.1000004,2016-11-01,New Brunswick,0,0,0,0,01nov2016,2016m11,2016,11,0,1,0,0,0,0,0,0,0,0,0,0,0,0,0,0,0,1,0,0,0,0,0,57.900002,0,0,0,1,1,1,1
New Brunswick,2016-12-01,Full-time students,41.599998,45.400002,8.3000002,2016-12-01,New Brunswick,0,0,0,0,01dec2016,2016m12,2016,12,0,1,0,0,0,0,0,0,0,0,0,0,0,0,0,0,0,0,1,0,0,0,0,58.400002,0,0,0,1,1,1,1
New Brunswick,2017-01-01,Full-time students,35.299999,41,13.8,2017-01-01,New Brunswick,0,0,0,0,01jan2017,2017m1,2017,1,0,0,1,0,0,0,0,0,0,0,0,1,0,0,0,0,0,0,0,0,0,0,0,64.699997,0,0,0,1,1,1,1
New Brunswick,2017-02-01,Full-time students,35.700001,40.299999,11.6,2017-02-01,New Brunswick,0,0,0,0,01feb2017,2017m2,2017,2,0,0,1,0,0,0,0,0,0,0,0,0,1,0,0,0,0,0,0,0,0,0,0,64.300003,0,0,0,1,1,1,1
New Brunswick,2017-03-01,Full-time students,35.200001,40.400002,12.9,2017-03-01,New Brunswick,0,0,0,0,01mar2017,2017m3,2017,3,0,0,1,0,0,0,0,0,0,0,0,0,0,1,0,0,0,0,0,0,0,0,0,64.800003,0,0,0,1,1,1,1
New Brunswick,2017-04-01,Full-time students,35.400002,41.700001,15.2,2017-04-01,New Brunswick,0,0,0,0,01apr2017,2017m4,2017,4,0,0,1,0,0,0,0,0,0,0,0,0,0,0,1,0,0,0,0,0,0,0,0,64.599998,0,0,0,1,1,1,1
New Brunswick,2017-09-01,Full-time students,32.200001,39.5,18,2017-09-01,New Brunswick,0,0,0,0,01sep2017,2017m9,2017,9,0,0,1,0,0,0,0,0,0,0,0,0,0,0,0,1,0,0,0,0,0,0,0,67.800003,0,0,0,1,1,1,1
New Brunswick,2017-10-01,Full-time students,34.200001,40.700001,15.9,2017-10-01,New Brunswick,0,0,0,0,01oct2017,2017m10,2017,10,0,0,1,0,0,0,0,0,0,0,0,0,0,0,0,0,1,0,0,0,0,0,0,65.800003,0,0,0,1,1,1,1
New Brunswick,2017-11-01,Full-time students,35.700001,41.900002,14.2,2017-11-01,New Brunswick,0,0,0,0,01nov2017,2017m11,2017,11,0,0,1,0,0,0,0,0,0,0,0,0,0,0,0,0,0,1,0,0,0,0,0,64.300003,0,0,0,1,1,1,1
New Brunswick,2017-12-01,Full-time students,34.5,38.599998,10.6,2017-12-01,New Brunswick,0,0,0,0,01dec2017,2017m12,2017,12,0,0,1,0,0,0,0,0,0,0,0,0,0,0,0,0,0,0,1,0,0,0,0,65.5,0,0,0,1,1,1,1
New Brunswick,2018-01-01,Full-time students,34.900002,42.099998,16.9,2018-01-01,New Brunswick,0,0,0,0,01jan2018,2018m1,2018,1,0,0,0,1,0,0,0,0,0,0,0,1,0,0,0,0,0,0,0,0,0,0,0,65.099998,0,0,0,1,1,1,1
New Brunswick,2018-02-01,Full-time students,33.299999,39.299999,15.2,2018-02-01,New Brunswick,0,0,0,0,01feb2018,2018m2,2018,2,0,0,0,1,0,0,0,0,0,0,0,0,1,0,0,0,0,0,0,0,0,0,0,66.699997,0,0,0,1,1,1,1
New Brunswick,2018-03-01,Full-time students,38,42.5,10.7,2018-03-01,New Brunswick,0,0,0,0,01mar2018,2018m3,2018,3,0,0,0,1,0,0,0,0,0,0,0,0,0,1,0,0,0,0,0,0,0,0,0,62,0,0,0,1,1,1,1
New Brunswick,2018-04-01,Full-time students,37.099998,41.799999,11.1,2018-04-01,New Brunswick,0,0,0,0,01apr2018,2018m4,2018,4,0,0,0,1,0,0,0,0,0,0,0,0,0,0,1,0,0,0,0,0,0,0,0,62.900002,0,0,0,1,1,1,1
New Brunswick,2018-09-01,Full-time students,31.700001,38.099998,16.799999,2018-09-01,New Brunswick,0,0,0,0,01sep2018,2018m9,2018,9,0,0,0,1,0,0,0,0,0,0,0,0,0,0,0,1,0,0,0,0,0,0,0,68.300003,0,0,0,1,1,1,1
New Brunswick,2018-10-01,Full-time students,31.6,34.599998,8.5,2018-10-01,New Brunswick,0,0,0,0,01oct2018,2018m10,2018,10,0,0,0,1,0,0,0,0,0,0,0,0,0,0,0,0,1,0,0,0,0,0,0,68.400002,0,0,0,1,1,1,1
New Brunswick,2018-11-01,Full-time students,37.799999,43.200001,12.5,2018-11-01,New Brunswick,0,0,0,0,01nov2018,2018m11,2018,11,0,0,0,1,0,0,0,0,0,0,0,0,0,0,0,0,0,1,0,0,0,0,0,62.200001,0,0,0,1,1,1,1
New Brunswick,2018-12-01,Full-time students,36.299999,40.599998,10.7,2018-12-01,New Brunswick,0,0,0,0,01dec2018,2018m12,2018,12,0,0,0,1,0,0,0,0,0,0,0,0,0,0,0,0,0,0,1,0,0,0,0,63.700001,0,0,0,1,1,1,1
New Brunswick,2019-01-01,Full-time students,33.900002,37.900002,10.7,2019-01-01,New Brunswick,0,0,0,0,01jan2019,2019m1,2019,1,0,0,0,0,1,0,0,0,0,0,0,1,0,0,0,0,0,0,0,0,0,0,0,66.099998,0,0,0,1,1,1,1
New Brunswick,2019-02-01,Full-time students,36.299999,41.900002,13.4,2019-02-01,New Brunswick,0,0,0,0,01feb2019,2019m2,2019,2,0,0,0,0,1,0,0,0,0,0,0,0,1,0,0,0,0,0,0,0,0,0,0,63.700001,0,0,0,1,1,1,1
New Brunswick,2019-03-01,Full-time students,39.900002,45.599998,12.6,2019-03-01,New Brunswick,0,0,0,0,01mar2019,2019m3,2019,3,0,0,0,0,1,0,0,0,0,0,0,0,0,1,0,0,0,0,0,0,0,0,0,60.099998,0,0,0,1,1,1,1
New Brunswick,2019-04-01,Full-time students,38.200001,45.299999,15.7,2019-04-01,New Brunswick,0,0,0,0,01apr2019,2019m4,2019,4,0,0,0,0,1,0,0,0,0,0,0,0,0,0,1,0,0,0,0,0,0,0,0,61.799999,0,0,0,1,1,1,1
New Brunswick,2019-09-01,Full-time students,27.799999,37,24.799999,2019-09-01,New Brunswick,0,0,0,0,01sep2019,2019m9,2019,9,0,0,0,0,1,0,0,0,0,0,0,0,0,0,0,1,0,0,0,0,0,0,0,72.199997,0,0,0,1,1,1,1
New Brunswick,2019-10-01,Full-time students,29.799999,39,23.799999,2019-10-01,New Brunswick,0,0,0,0,01oct2019,2019m10,2019,10,0,0,0,0,1,0,0,0,0,0,0,0,0,0,0,0,1,0,0,0,0,0,0,70.199997,0,0,0,1,1,1,1
New Brunswick,2019-11-01,Full-time students,29.1,35.200001,18.1,2019-11-01,New Brunswick,0,0,0,0,01nov2019,2019m11,2019,11,0,0,0,0,1,0,0,0,0,0,0,0,0,0,0,0,0,1,0,0,0,0,0,70.900002,0,0,0,1,1,1,1
New Brunswick,2019-12-01,Full-time students,27.6,31.700001,13,2019-12-01,New Brunswick,0,0,0,0,01dec2019,2019m12,2019,12,0,0,0,0,1,0,0,0,0,0,0,0,0,0,0,0,0,0,1,0,0,0,0,72.400002,0,0,0,1,1,1,1
New Brunswick,2020-01-01,Full-time students,31.700001,35.400002,11.3,2020-01-01,New Brunswick,0,0,0,0,01jan2020,2020m1,2020,1,0,0,0,0,0,1,0,0,0,0,0,1,0,0,0,0,0,0,0,0,0,0,0,68.300003,0,0,0,1,1,1,1
New Brunswick,2020-02-01,Full-time students,34.900002,39,10.7,2020-02-01,New Brunswick,0,0,0,0,01feb2020,2020m2,2020,2,0,0,0,0,0,1,0,0,0,0,0,0,1,0,0,0,0,0,0,0,0,0,0,65.099998,0,0,0,1,1,1,1
New Brunswick,2020-03-01,Full-time students,25.9,32.700001,19.799999,2020-03-01,New Brunswick,0,1,0,0,01mar2020,2020m3,2020,3,0,0,0,0,0,1,0,0,0,0,0,0,0,1,0,0,0,0,0,0,0,0,0,74.099998,0,0,0,1,1,1,1
New Brunswick,2020-04-01,Full-time students,19.700001,27.799999,28.299999,2020-04-01,New Brunswick,0,1,0,0,01apr2020,2020m4,2020,4,0,0,0,0,0,1,0,0,0,0,0,0,0,0,1,0,0,0,0,0,0,0,0,80.300003,0,0,0,1,1,1,1
New Brunswick,2020-09-01,Full-time students,31.6,37.299999,15.4,2020-09-01,New Brunswick,0,1,0,0,01sep2020,2020m9,2020,9,0,0,0,0,0,1,0,0,0,0,0,0,0,0,0,1,0,0,0,0,0,0,0,68.400002,0,0,0,1,1,1,1
New Brunswick,2020-10-01,Full-time students,33.599998,41.900002,19.799999,2020-10-01,New Brunswick,0,1,0,0,01oct2020,2020m10,2020,10,0,0,0,0,0,1,0,0,0,0,0,0,0,0,0,0,1,0,0,0,0,0,0,66.400002,0,0,0,1,1,1,1
New Brunswick,2020-11-01,Full-time students,33.700001,42.5,20.200001,2020-11-01,New Brunswick,0,1,0,0,01nov2020,2020m11,2020,11,0,0,0,0,0,1,0,0,0,0,0,0,0,0,0,0,0,1,0,0,0,0,0,66.300003,0,0,0,1,1,1,1
New Brunswick,2020-12-01,Full-time students,38.900002,43.799999,11.4,2020-12-01,New Brunswick,0,1,0,0,01dec2020,2020m12,2020,12,0,0,0,0,0,1,0,0,0,0,0,0,0,0,0,0,0,0,1,0,0,0,0,61.099998,0,0,0,1,1,1,1
New Brunswick,2021-01-01,Full-time students,41.700001,48.400002,13.4,2021-01-01,New Brunswick,0,1,0,0,01jan2021,2021m1,2021,1,0,0,0,0,0,0,1,0,0,0,0,1,0,0,0,0,0,0,0,0,0,0,0,58.299999,0,0,0,1,1,1,1
New Brunswick,2021-02-01,Full-time students,44.900002,50.700001,11.4,2021-02-01,New Brunswick,0,1,0,0,01feb2021,2021m2,2021,2,0,0,0,0,0,0,1,0,0,0,0,0,1,0,0,0,0,0,0,0,0,0,0,55.099998,0,0,0,1,1,1,1
New Brunswick,2021-03-01,Full-time students,42.299999,51.299999,17.6,2021-03-01,New Brunswick,0,1,0,0,01mar2021,2021m3,2021,3,0,0,0,0,0,0,1,0,0,0,0,0,0,1,0,0,0,0,0,0,0,0,0,57.700001,0,0,0,1,1,1,1
New Brunswick,2021-04-01,Full-time students,42.299999,45.900002,7.9000001,2021-04-01,New Brunswick,0,1,0,0,01apr2021,2021m4,2021,4,0,0,0,0,0,0,1,0,0,0,0,0,0,0,1,0,0,0,0,0,0,0,0,57.700001,0,0,0,1,1,1,1
New Brunswick,2021-09-01,Full-time students,34.900002,42.900002,18.700001,2021-09-01,New Brunswick,0,1,0,0,01sep2021,2021m9,2021,9,0,0,0,0,0,0,1,0,0,0,0,0,0,0,0,1,0,0,0,0,0,0,0,65.099998,0,0,0,1,1,1,1
New Brunswick,2021-10-01,Full-time students,31.700001,40.299999,20.799999,2021-10-01,New Brunswick,0,1,0,0,01oct2021,2021m10,2021,10,0,0,0,0,0,0,1,0,0,0,0,0,0,0,0,0,1,0,0,0,0,0,0,68.300003,0,0,0,1,1,1,1
New Brunswick,2021-11-01,Full-time students,34.099998,43.200001,21.200001,2021-11-01,New Brunswick,0,1,0,0,01nov2021,2021m11,2021,11,0,0,0,0,0,0,1,0,0,0,0,0,0,0,0,0,0,1,0,0,0,0,0,65.900002,0,0,0,1,1,1,1
New Brunswick,2021-12-01,Full-time students,33,38.799999,15.7,2021-12-01,New Brunswick,0,1,0,0,01dec2021,2021m12,2021,12,0,0,0,0,0,0,1,0,0,0,0,0,0,0,0,0,0,0,1,0,0,0,0,67,0,0,0,1,1,1,1
New Brunswick,2022-01-01,Full-time students,27.299999,35.599998,23.4,2022-01-01,New Brunswick,0,1,0,0,01jan2022,2022m1,2022,1,0,0,0,0,0,0,0,1,0,0,0,1,0,0,0,0,0,0,0,0,0,0,0,72.699997,0,0,0,1,1,1,1
New Brunswick,2022-02-01,Full-time students,33.200001,37.200001,10.8,2022-02-01,New Brunswick,0,1,0,0,01feb2022,2022m2,2022,2,0,0,0,0,0,0,0,1,0,0,0,0,1,0,0,0,0,0,0,0,0,0,0,66.800003,0,0,0,1,1,1,1
New Brunswick,2022-03-01,Full-time students,34.299999,38.5,11,2022-03-01,New Brunswick,0,1,0,0,01mar2022,2022m3,2022,3,0,0,0,0,0,0,0,1,0,0,0,0,0,1,0,0,0,0,0,0,0,0,0,65.699997,0,0,0,1,1,1,1
New Brunswick,2022-04-01,Full-time students,34.200001,39.400002,13.1,2022-04-01,New Brunswick,0,1,0,0,01apr2022,2022m4,2022,4,0,0,0,0,0,0,0,1,0,0,0,0,0,0,1,0,0,0,0,0,0,0,0,65.800003,0,0,0,1,1,1,1
New Brunswick,2022-09-01,Full-time students,44.099998,48.400002,8.8999996,2022-09-01,New Brunswick,0,1,0,0,01sep2022,2022m9,2022,9,0,0,0,0,0,0,0,1,0,0,0,0,0,0,0,1,0,0,0,0,0,0,0,55.900002,0,0,0,1,1,1,1
New Brunswick,2022-10-01,Full-time students,38.799999,42.799999,9.8999996,2022-10-01,New Brunswick,0,1,0,0,01oct2022,2022m10,2022,10,0,0,0,0,0,0,0,1,0,0,0,0,0,0,0,0,1,0,0,0,0,0,0,61.200001,0,0,0,1,1,1,1
New Brunswick,2022-11-01,Full-time students,42,44.799999,6.0999999,2022-11-01,New Brunswick,0,1,0,0,01nov2022,2022m11,2022,11,0,0,0,0,0,0,0,1,0,0,0,0,0,0,0,0,0,1,0,0,0,0,0,58,0,0,0,1,1,1,1
New Brunswick,2022-12-01,Full-time students,36.900002,42,12,2022-12-01,New Brunswick,0,1,0,0,01dec2022,2022m12,2022,12,0,0,0,0,0,0,0,1,0,0,0,0,0,0,0,0,0,0,1,0,0,0,0,63.099998,0,0,0,1,1,1,1
New Brunswick,2023-01-01,Full-time students,34,40.299999,15.6,2023-01-01,New Brunswick,0,1,0,0,01jan2023,2023m1,2023,1,0,0,0,0,0,0,0,0,1,0,0,1,0,0,0,0,0,0,0,0,0,0,0,66,0,0,0,1,1,1,1
New Brunswick,2023-02-01,Full-time students,35.700001,38.299999,6.8000002,2023-02-01,New Brunswick,0,1,0,0,01feb2023,2023m2,2023,2,0,0,0,0,0,0,0,0,1,0,0,0,1,0,0,0,0,0,0,0,0,0,0,64.300003,0,0,0,1,1,1,1
New Brunswick,2023-03-01,Full-time students,35.5,41,12.8,2023-03-01,New Brunswick,0,1,0,0,01mar2023,2023m3,2023,3,0,0,0,0,0,0,0,0,1,0,0,0,0,1,0,0,0,0,0,0,0,0,0,64.5,0,0,0,1,1,1,1
New Brunswick,2023-04-01,Full-time students,40,44,9.1000004,2023-04-01,New Brunswick,0,1,0,0,01apr2023,2023m4,2023,4,0,0,0,0,0,0,0,0,1,0,0,0,0,0,1,0,0,0,0,0,0,0,0,60,0,0,0,1,1,1,1
New Brunswick,2023-09-01,Full-time students,32.400002,40.799999,20.5,2023-09-01,New Brunswick,0,1,0,0,01sep2023,2023m9,2023,9,0,0,0,0,0,0,0,0,1,0,0,0,0,0,0,1,0,0,0,0,0,0,0,67.599998,0,0,0,1,1,1,1
New Brunswick,2023-10-01,Full-time students,32,36.599998,12.6,2023-10-01,New Brunswick,0,1,0,0,01oct2023,2023m10,2023,10,0,0,0,0,0,0,0,0,1,0,0,0,0,0,0,0,1,0,0,0,0,0,0,68,0,0,0,1,1,1,1
New Brunswick,2023-11-01,Full-time students,33.900002,38.5,12,2023-11-01,New Brunswick,0,1,0,0,01nov2023,2023m11,2023,11,0,0,0,0,0,0,0,0,1,0,0,0,0,0,0,0,0,1,0,0,0,0,0,66.099998,0,0,0,1,1,1,1
New Brunswick,2023-12-01,Full-time students,33.599998,37.900002,11.8,2023-12-01,New Brunswick,0,1,0,0,01dec2023,2023m12,2023,12,0,0,0,0,0,0,0,0,1,0,0,0,0,0,0,0,0,0,1,0,0,0,0,66.400002,0,0,0,1,1,1,1
New Brunswick,2024-01-01,Full-time students,34.299999,38.200001,10.9,2024-01-01,New Brunswick,0,1,0,0,01jan2024,2024m1,2024,1,0,0,0,0,0,0,0,0,0,1,0,1,0,0,0,0,0,0,0,0,0,0,0,65.699997,0,0,0,1,1,1,1
New Brunswick,2024-02-01,Full-time students,30.9,34.5,10.4,2024-02-01,New Brunswick,0,1,0,0,01feb2024,2024m2,2024,2,0,0,0,0,0,0,0,0,0,1,0,0,1,0,0,0,0,0,0,0,0,0,0,69.099998,0,0,0,1,1,1,1
New Brunswick,2024-03-01,Full-time students,34.299999,39.299999,12.6,2024-03-01,New Brunswick,0,1,0,0,01mar2024,2024m3,2024,3,0,0,0,0,0,0,0,0,0,1,0,0,0,1,0,0,0,0,0,0,0,0,0,65.699997,0,0,0,1,1,1,1
New Brunswick,2024-04-01,Full-time students,37.099998,40,7.3000002,2024-04-01,New Brunswick,0,1,0,0,01apr2024,2024m4,2024,4,0,0,0,0,0,0,0,0,0,1,0,0,0,0,1,0,0,0,0,0,0,0,0,62.900002,0,0,0,1,1,1,1
New Brunswick,2024-09-01,Full-time students,32.299999,35.299999,8.6000004,2024-09-01,New Brunswick,0,1,0,0,01sep2024,2024m9,2024,9,0,0,0,0,0,0,0,0,0,1,0,0,0,0,0,1,0,0,0,0,0,0,0,67.699997,0,0,0,1,1,1,1
New Brunswick,2024-10-01,Full-time students,32.599998,36.299999,10.3,2024-10-01,New Brunswick,0,1,0,0,01oct2024,2024m10,2024,10,0,0,0,0,0,0,0,0,0,1,0,0,0,0,0,0,1,0,0,0,0,0,0,67.400002,0,0,0,1,1,1,1
New Brunswick,2024-11-01,Full-time students,33.099998,39.200001,15,2024-11-01,New Brunswick,0,1,0,0,01nov2024,2024m11,2024,11,0,0,0,0,0,0,0,0,0,1,0,0,0,0,0,0,0,1,0,0,0,0,0,66.900002,0,0,0,1,1,1,1
New Brunswick,2024-12-01,Full-time students,30.4,36.099998,15.8,2024-12-01,New Brunswick,0,1,0,0,01dec2024,2024m12,2024,12,0,0,0,0,0,0,0,0,0,1,0,0,0,0,0,0,0,0,1,0,0,0,0,69.599998,0,0,0,1,1,1,1
New Brunswick,2025-01-01,Full-time students,31.299999,35.400002,11.5,2025-01-01,New Brunswick,0,1,0,0,01jan2025,2025m1,2025,1,0,0,0,0,0,0,0,0,0,0,1,1,0,0,0,0,0,0,0,0,0,0,0,68.699997,0,0,0,1,1,1,1
New Brunswick,2025-02-01,Full-time students,29.9,35.200001,15,2025-02-01,New Brunswick,0,1,0,0,01feb2025,2025m2,2025,2,0,0,0,0,0,0,0,0,0,0,1,0,1,0,0,0,0,0,0,0,0,0,0,70.099998,0,0,0,1,1,1,1
New Brunswick,2025-03-01,Full-time students,28.299999,32.299999,11.8,2025-03-01,New Brunswick,0,1,0,0,01mar2025,2025m3,2025,3,0,0,0,0,0,0,0,0,0,0,1,0,0,1,0,0,0,0,0,0,0,0,0,71.699997,0,0,0,1,1,1,1
New Brunswick,2025-04-01,Full-time students,25.9,30.799999,16,2025-04-01,New Brunswick,0,1,0,0,01apr2025,2025m4,2025,4,0,0,0,0,0,0,0,0,0,0,1,0,0,0,1,0,0,0,0,0,0,0,0,74.099998,0,0,0,1,1,1,1
New Brunswick,2025-09-01,Full-time students,36.5,46.900002,22.1,2025-09-01,New Brunswick,0,1,0,0,01sep2025,2025m9,2025,9,0,0,0,0,0,0,0,0,0,0,1,0,0,0,0,1,0,0,0,0,0,0,0,63.5,0,0,0,1,1,1,1
New Brunswick,2025-10-01,Full-time students,32.599998,40.799999,19.9,2025-10-01,New Brunswick,0,1,0,0,01oct2025,2025m10,2025,10,0,0,0,0,0,0,0,0,0,0,1,0,0,0,0,0,1,0,0,0,0,0,0,67.400002,0,0,0,1,1,1,1
New Brunswick,2025-11-01,Full-time students,34.400002,42.299999,18.299999,2025-11-01,New Brunswick,0,1,0,0,01nov2025,2025m11,2025,11,0,0,0,0,0,0,0,0,0,0,1,0,0,0,0,0,0,1,0,0,0,0,0,65.599998,0,0,0,1,1,1,1
New Brunswick,2025-12-01,Full-time students,36.200001,41.799999,13.4,2025-12-01,New Brunswick,0,1,0,0,01dec2025,2025m12,2025,12,0,0,0,0,0,0,0,0,0,0,1,0,0,0,0,0,0,0,1,0,0,0,0,63.799999,0,0,0,1,1,1,1
Newfoundland and Labrador,2015-01-01,Full-time students,41.299999,45.799999,9.8000002,2015-01-01,Newfoundland and Labrador,0,0,0,0,01jan2015,2015m1,2015,1,1,0,0,0,0,0,0,0,0,0,0,1,0,0,0,0,0,0,0,0,0,0,0,58.700001,0,0,0,1,1,1,1
Newfoundland and Labrador,2015-02-01,Full-time students,34.599998,41,15.8,2015-02-01,Newfoundland and Labrador,0,0,0,0,01feb2015,2015m2,2015,2,1,0,0,0,0,0,0,0,0,0,0,0,1,0,0,0,0,0,0,0,0,0,0,65.400002,0,0,0,1,1,1,1
Newfoundland and Labrador,2015-03-01,Full-time students,35.799999,42.5,15.9,2015-03-01,Newfoundland and Labrador,0,0,0,0,01mar2015,2015m3,2015,3,1,0,0,0,0,0,0,0,0,0,0,0,0,1,0,0,0,0,0,0,0,0,0,64.199997,0,0,0,1,1,1,1
Newfoundland and Labrador,2015-04-01,Full-time students,33.599998,40.799999,17.6,2015-04-01,Newfoundland and Labrador,0,0,0,0,01apr2015,2015m4,2015,4,1,0,0,0,0,0,0,0,0,0,0,0,0,0,1,0,0,0,0,0,0,0,0,66.400002,0,0,0,1,1,1,1
Newfoundland and Labrador,2015-09-01,Full-time students,36.799999,42.200001,12.8,2015-09-01,Newfoundland and Labrador,0,0,0,0,01sep2015,2015m9,2015,9,1,0,0,0,0,0,0,0,0,0,0,0,0,0,0,1,0,0,0,0,0,0,0,63.200001,0,0,0,1,1,1,1
Newfoundland and Labrador,2015-10-01,Full-time students,39.799999,44.599998,10.3,2015-10-01,Newfoundland and Labrador,0,0,0,0,01oct2015,2015m10,2015,10,1,0,0,0,0,0,0,0,0,0,0,0,0,0,0,0,1,0,0,0,0,0,0,60.200001,0,0,0,1,1,1,1
Newfoundland and Labrador,2015-11-01,Full-time students,41.200001,45.200001,8.1999998,2015-11-01,Newfoundland and Labrador,0,0,0,0,01nov2015,2015m11,2015,11,1,0,0,0,0,0,0,0,0,0,0,0,0,0,0,0,0,1,0,0,0,0,0,58.799999,0,0,0,1,1,1,1
Newfoundland and Labrador,2015-12-01,Full-time students,45.5,49.200001,8.1999998,2015-12-01,Newfoundland and Labrador,0,0,0,0,01dec2015,2015m12,2015,12,1,0,0,0,0,0,0,0,0,0,0,0,0,0,0,0,0,0,1,0,0,0,0,54.5,0,0,0,1,1,1,1
Newfoundland and Labrador,2016-01-01,Full-time students,40.700001,46.200001,11.8,2016-01-01,Newfoundland and Labrador,0,0,0,0,01jan2016,2016m1,2016,1,0,1,0,0,0,0,0,0,0,0,0,1,0,0,0,0,0,0,0,0,0,0,0,59.299999,0,0,0,1,1,1,1
Newfoundland and Labrador,2016-02-01,Full-time students,40.5,43.900002,7.6999998,2016-02-01,Newfoundland and Labrador,0,0,0,0,01feb2016,2016m2,2016,2,0,1,0,0,0,0,0,0,0,0,0,0,1,0,0,0,0,0,0,0,0,0,0,59.5,0,0,0,1,1,1,1
Newfoundland and Labrador,2016-03-01,Full-time students,37.700001,40.200001,7,2016-03-01,Newfoundland and Labrador,0,0,0,0,01mar2016,2016m3,2016,3,0,1,0,0,0,0,0,0,0,0,0,0,0,1,0,0,0,0,0,0,0,0,0,62.299999,0,0,0,1,1,1,1
Newfoundland and Labrador,2016-04-01,Full-time students,34.299999,37.700001,8.3000002,2016-04-01,Newfoundland and Labrador,0,0,0,0,01apr2016,2016m4,2016,4,0,1,0,0,0,0,0,0,0,0,0,0,0,0,1,0,0,0,0,0,0,0,0,65.699997,0,0,0,1,1,1,1
Newfoundland and Labrador,2016-09-01,Full-time students,32.5,40.400002,19.700001,2016-09-01,Newfoundland and Labrador,0,0,0,0,01sep2016,2016m9,2016,9,0,1,0,0,0,0,0,0,0,0,0,0,0,0,0,1,0,0,0,0,0,0,0,67.5,0,0,0,1,1,1,1
Newfoundland and Labrador,2016-10-01,Full-time students,32.200001,37.900002,14.9,2016-10-01,Newfoundland and Labrador,0,0,0,0,01oct2016,2016m10,2016,10,0,1,0,0,0,0,0,0,0,0,0,0,0,0,0,0,1,0,0,0,0,0,0,67.800003,0,0,0,1,1,1,1
Newfoundland and Labrador,2016-11-01,Full-time students,35.400002,41.799999,15.3,2016-11-01,Newfoundland and Labrador,0,0,0,0,01nov2016,2016m11,2016,11,0,1,0,0,0,0,0,0,0,0,0,0,0,0,0,0,0,1,0,0,0,0,0,64.599998,0,0,0,1,1,1,1
Newfoundland and Labrador,2016-12-01,Full-time students,40.599998,46.900002,13.3,2016-12-01,Newfoundland and Labrador,0,0,0,0,01dec2016,2016m12,2016,12,0,1,0,0,0,0,0,0,0,0,0,0,0,0,0,0,0,0,1,0,0,0,0,59.400002,0,0,0,1,1,1,1
Newfoundland and Labrador,2017-01-01,Full-time students,31.4,39.400002,19.4,2017-01-01,Newfoundland and Labrador,0,0,0,0,01jan2017,2017m1,2017,1,0,0,1,0,0,0,0,0,0,0,0,1,0,0,0,0,0,0,0,0,0,0,0,68.599998,0,0,0,1,1,1,1
Newfoundland and Labrador,2017-02-01,Full-time students,33.5,38.799999,13.6,2017-02-01,Newfoundland and Labrador,0,0,0,0,01feb2017,2017m2,2017,2,0,0,1,0,0,0,0,0,0,0,0,0,1,0,0,0,0,0,0,0,0,0,0,66.5,0,0,0,1,1,1,1
Newfoundland and Labrador,2017-03-01,Full-time students,34.599998,42.799999,18.4,2017-03-01,Newfoundland and Labrador,0,0,0,0,01mar2017,2017m3,2017,3,0,0,1,0,0,0,0,0,0,0,0,0,0,1,0,0,0,0,0,0,0,0,0,65.400002,0,0,0,1,1,1,1
Newfoundland and Labrador,2017-04-01,Full-time students,36.799999,43.799999,15,2017-04-01,Newfoundland and Labrador,0,0,0,0,01apr2017,2017m4,2017,4,0,0,1,0,0,0,0,0,0,0,0,0,0,0,1,0,0,0,0,0,0,0,0,63.200001,0,0,0,1,1,1,1
Newfoundland and Labrador,2017-09-01,Full-time students,34.400002,43.400002,20.6,2017-09-01,Newfoundland and Labrador,0,0,0,0,01sep2017,2017m9,2017,9,0,0,1,0,0,0,0,0,0,0,0,0,0,0,0,1,0,0,0,0,0,0,0,65.599998,0,0,0,1,1,1,1
Newfoundland and Labrador,2017-10-01,Full-time students,36.900002,43.5,15.2,2017-10-01,Newfoundland and Labrador,0,0,0,0,01oct2017,2017m10,2017,10,0,0,1,0,0,0,0,0,0,0,0,0,0,0,0,0,1,0,0,0,0,0,0,63.099998,0,0,0,1,1,1,1
Newfoundland and Labrador,2017-11-01,Full-time students,36.799999,44.5,16.799999,2017-11-01,Newfoundland and Labrador,0,0,0,0,01nov2017,2017m11,2017,11,0,0,1,0,0,0,0,0,0,0,0,0,0,0,0,0,0,1,0,0,0,0,0,63.200001,0,0,0,1,1,1,1
Newfoundland and Labrador,2017-12-01,Full-time students,38.400002,44.5,13.7,2017-12-01,Newfoundland and Labrador,0,0,0,0,01dec2017,2017m12,2017,12,0,0,1,0,0,0,0,0,0,0,0,0,0,0,0,0,0,0,1,0,0,0,0,61.599998,0,0,0,1,1,1,1
Newfoundland and Labrador,2018-01-01,Full-time students,31.4,36.200001,13.2,2018-01-01,Newfoundland and Labrador,0,0,0,0,01jan2018,2018m1,2018,1,0,0,0,1,0,0,0,0,0,0,0,1,0,0,0,0,0,0,0,0,0,0,0,68.599998,0,0,0,1,1,1,1
Newfoundland and Labrador,2018-02-01,Full-time students,30.799999,35.799999,14.9,2018-02-01,Newfoundland and Labrador,0,0,0,0,01feb2018,2018m2,2018,2,0,0,0,1,0,0,0,0,0,0,0,0,1,0,0,0,0,0,0,0,0,0,0,69.199997,0,0,0,1,1,1,1
Newfoundland and Labrador,2018-03-01,Full-time students,32,37.099998,12.8,2018-03-01,Newfoundland and Labrador,0,0,0,0,01mar2018,2018m3,2018,3,0,0,0,1,0,0,0,0,0,0,0,0,0,1,0,0,0,0,0,0,0,0,0,68,0,0,0,1,1,1,1
Newfoundland and Labrador,2018-04-01,Full-time students,28.799999,33.099998,13,2018-04-01,Newfoundland and Labrador,0,0,0,0,01apr2018,2018m4,2018,4,0,0,0,1,0,0,0,0,0,0,0,0,0,0,1,0,0,0,0,0,0,0,0,71.199997,0,0,0,1,1,1,1
Newfoundland and Labrador,2018-09-01,Full-time students,29.1,38.400002,24.200001,2018-09-01,Newfoundland and Labrador,0,0,0,0,01sep2018,2018m9,2018,9,0,0,0,1,0,0,0,0,0,0,0,0,0,0,0,1,0,0,0,0,0,0,0,70.900002,0,0,0,1,1,1,1
Newfoundland and Labrador,2018-10-01,Full-time students,30.5,34.900002,11.8,2018-10-01,Newfoundland and Labrador,0,0,0,0,01oct2018,2018m10,2018,10,0,0,0,1,0,0,0,0,0,0,0,0,0,0,0,0,1,0,0,0,0,0,0,69.5,0,0,0,1,1,1,1
Newfoundland and Labrador,2018-11-01,Full-time students,29,36.299999,20.799999,2018-11-01,Newfoundland and Labrador,0,0,0,0,01nov2018,2018m11,2018,11,0,0,0,1,0,0,0,0,0,0,0,0,0,0,0,0,0,1,0,0,0,0,0,71,0,0,0,1,1,1,1
Newfoundland and Labrador,2018-12-01,Full-time students,30,35.799999,16.1,2018-12-01,Newfoundland and Labrador,0,0,0,0,01dec2018,2018m12,2018,12,0,0,0,1,0,0,0,0,0,0,0,0,0,0,0,0,0,0,1,0,0,0,0,70,0,0,0,1,1,1,1
Newfoundland and Labrador,2019-01-01,Full-time students,31.799999,33.599998,5.4000001,2019-01-01,Newfoundland and Labrador,0,0,0,0,01jan2019,2019m1,2019,1,0,0,0,0,1,0,0,0,0,0,0,1,0,0,0,0,0,0,0,0,0,0,0,68.199997,0,0,0,1,1,1,1
Newfoundland and Labrador,2019-02-01,Full-time students,28,34.900002,19.799999,2019-02-01,Newfoundland and Labrador,0,0,0,0,01feb2019,2019m2,2019,2,0,0,0,0,1,0,0,0,0,0,0,0,1,0,0,0,0,0,0,0,0,0,0,72,0,0,0,1,1,1,1
Newfoundland and Labrador,2019-03-01,Full-time students,33.599998,40.5,17,2019-03-01,Newfoundland and Labrador,0,0,0,0,01mar2019,2019m3,2019,3,0,0,0,0,1,0,0,0,0,0,0,0,0,1,0,0,0,0,0,0,0,0,0,66.400002,0,0,0,1,1,1,1
Newfoundland and Labrador,2019-04-01,Full-time students,30.5,38.400002,20.5,2019-04-01,Newfoundland and Labrador,0,0,0,0,01apr2019,2019m4,2019,4,0,0,0,0,1,0,0,0,0,0,0,0,0,0,1,0,0,0,0,0,0,0,0,69.5,0,0,0,1,1,1,1
Newfoundland and Labrador,2019-09-01,Full-time students,31.299999,36.5,14.3,2019-09-01,Newfoundland and Labrador,0,0,0,0,01sep2019,2019m9,2019,9,0,0,0,0,1,0,0,0,0,0,0,0,0,0,0,1,0,0,0,0,0,0,0,68.699997,0,0,0,1,1,1,1
Newfoundland and Labrador,2019-10-01,Full-time students,34.700001,40.599998,14.6,2019-10-01,Newfoundland and Labrador,0,0,0,0,01oct2019,2019m10,2019,10,0,0,0,0,1,0,0,0,0,0,0,0,0,0,0,0,1,0,0,0,0,0,0,65.300003,0,0,0,1,1,1,1
Newfoundland and Labrador,2019-11-01,Full-time students,37.799999,43.5,13.1,2019-11-01,Newfoundland and Labrador,0,0,0,0,01nov2019,2019m11,2019,11,0,0,0,0,1,0,0,0,0,0,0,0,0,0,0,0,0,1,0,0,0,0,0,62.200001,0,0,0,1,1,1,1
Newfoundland and Labrador,2019-12-01,Full-time students,34.900002,39.099998,10.8,2019-12-01,Newfoundland and Labrador,0,0,0,0,01dec2019,2019m12,2019,12,0,0,0,0,1,0,0,0,0,0,0,0,0,0,0,0,0,0,1,0,0,0,0,65.099998,0,0,0,1,1,1,1
Newfoundland and Labrador,2020-01-01,Full-time students,28.299999,32.5,12.9,2020-01-01,Newfoundland and Labrador,0,0,0,0,01jan2020,2020m1,2020,1,0,0,0,0,0,1,0,0,0,0,0,1,0,0,0,0,0,0,0,0,0,0,0,71.699997,0,0,0,1,1,1,1
Newfoundland and Labrador,2020-02-01,Full-time students,27.700001,34.200001,18.9,2020-02-01,Newfoundland and Labrador,0,0,0,0,01feb2020,2020m2,2020,2,0,0,0,0,0,1,0,0,0,0,0,0,1,0,0,0,0,0,0,0,0,0,0,72.300003,0,0,0,1,1,1,1
Newfoundland and Labrador,2020-03-01,Full-time students,16.200001,22.9,29,2020-03-01,Newfoundland and Labrador,0,1,0,0,01mar2020,2020m3,2020,3,0,0,0,0,0,1,0,0,0,0,0,0,0,1,0,0,0,0,0,0,0,0,0,83.800003,0,0,0,1,1,1,1
Newfoundland and Labrador,2020-04-01,Full-time students,17,24.6,32.400002,2020-04-01,Newfoundland and Labrador,0,1,0,0,01apr2020,2020m4,2020,4,0,0,0,0,0,1,0,0,0,0,0,0,0,0,1,0,0,0,0,0,0,0,0,83,0,0,0,1,1,1,1
Newfoundland and Labrador,2020-09-01,Full-time students,35.5,38.700001,9.1999998,2020-09-01,Newfoundland and Labrador,0,1,0,0,01sep2020,2020m9,2020,9,0,0,0,0,0,1,0,0,0,0,0,0,0,0,0,1,0,0,0,0,0,0,0,64.5,0,0,0,1,1,1,1
Newfoundland and Labrador,2020-10-01,Full-time students,34.5,38.900002,11.4,2020-10-01,Newfoundland and Labrador,0,1,0,0,01oct2020,2020m10,2020,10,0,0,0,0,0,1,0,0,0,0,0,0,0,0,0,0,1,0,0,0,0,0,0,65.5,0,0,0,1,1,1,1
Newfoundland and Labrador,2020-11-01,Full-time students,34,40.299999,15.7,2020-11-01,Newfoundland and Labrador,0,1,0,0,01nov2020,2020m11,2020,11,0,0,0,0,0,1,0,0,0,0,0,0,0,0,0,0,0,1,0,0,0,0,0,66,0,0,0,1,1,1,1
Newfoundland and Labrador,2020-12-01,Full-time students,40.5,45.700001,12,2020-12-01,Newfoundland and Labrador,0,1,0,0,01dec2020,2020m12,2020,12,0,0,0,0,0,1,0,0,0,0,0,0,0,0,0,0,0,0,1,0,0,0,0,59.5,0,0,0,1,1,1,1
Newfoundland and Labrador,2021-01-01,Full-time students,31.5,35.299999,10.6,2021-01-01,Newfoundland and Labrador,0,1,0,0,01jan2021,2021m1,2021,1,0,0,0,0,0,0,1,0,0,0,0,1,0,0,0,0,0,0,0,0,0,0,0,68.5,0,0,0,1,1,1,1
Newfoundland and Labrador,2021-02-01,Full-time students,26.4,35.200001,25,2021-02-01,Newfoundland and Labrador,0,1,0,0,01feb2021,2021m2,2021,2,0,0,0,0,0,0,1,0,0,0,0,0,1,0,0,0,0,0,0,0,0,0,0,73.599998,0,0,0,1,1,1,1
Newfoundland and Labrador,2021-03-01,Full-time students,27.5,42.099998,34.599998,2021-03-01,Newfoundland and Labrador,0,1,0,0,01mar2021,2021m3,2021,3,0,0,0,0,0,0,1,0,0,0,0,0,0,1,0,0,0,0,0,0,0,0,0,72.5,0,0,0,1,1,1,1
Newfoundland and Labrador,2021-04-01,Full-time students,33.200001,40.599998,18.299999,2021-04-01,Newfoundland and Labrador,0,1,0,0,01apr2021,2021m4,2021,4,0,0,0,0,0,0,1,0,0,0,0,0,0,0,1,0,0,0,0,0,0,0,0,66.800003,0,0,0,1,1,1,1
Newfoundland and Labrador,2021-09-01,Full-time students,38,44.599998,14.8,2021-09-01,Newfoundland and Labrador,0,1,0,0,01sep2021,2021m9,2021,9,0,0,0,0,0,0,1,0,0,0,0,0,0,0,0,1,0,0,0,0,0,0,0,62,0,0,0,1,1,1,1
Newfoundland and Labrador,2021-10-01,Full-time students,38.599998,44.099998,12.6,2021-10-01,Newfoundland and Labrador,0,1,0,0,01oct2021,2021m10,2021,10,0,0,0,0,0,0,1,0,0,0,0,0,0,0,0,0,1,0,0,0,0,0,0,61.400002,0,0,0,1,1,1,1
Newfoundland and Labrador,2021-11-01,Full-time students,39.700001,44.299999,10.4,2021-11-01,Newfoundland and Labrador,0,1,0,0,01nov2021,2021m11,2021,11,0,0,0,0,0,0,1,0,0,0,0,0,0,0,0,0,0,1,0,0,0,0,0,60.299999,0,0,0,1,1,1,1
Newfoundland and Labrador,2021-12-01,Full-time students,34.799999,37.299999,7.5999999,2021-12-01,Newfoundland and Labrador,0,1,0,0,01dec2021,2021m12,2021,12,0,0,0,0,0,0,1,0,0,0,0,0,0,0,0,0,0,0,1,0,0,0,0,65.199997,0,0,0,1,1,1,1
Newfoundland and Labrador,2022-01-01,Full-time students,29.9,35.900002,16.5,2022-01-01,Newfoundland and Labrador,0,1,0,0,01jan2022,2022m1,2022,1,0,0,0,0,0,0,0,1,0,0,0,1,0,0,0,0,0,0,0,0,0,0,0,70.099998,0,0,0,1,1,1,1
Newfoundland and Labrador,2022-02-01,Full-time students,36.200001,38.599998,7.0999999,2022-02-01,Newfoundland and Labrador,0,1,0,0,01feb2022,2022m2,2022,2,0,0,0,0,0,0,0,1,0,0,0,0,1,0,0,0,0,0,0,0,0,0,0,63.799999,0,0,0,1,1,1,1
Newfoundland and Labrador,2022-03-01,Full-time students,38.200001,40.5,5.5999999,2022-03-01,Newfoundland and Labrador,0,1,0,0,01mar2022,2022m3,2022,3,0,0,0,0,0,0,0,1,0,0,0,0,0,1,0,0,0,0,0,0,0,0,0,61.799999,0,0,0,1,1,1,1
Newfoundland and Labrador,2022-04-01,Full-time students,33.400002,39.5,15.4,2022-04-01,Newfoundland and Labrador,0,1,0,0,01apr2022,2022m4,2022,4,0,0,0,0,0,0,0,1,0,0,0,0,0,0,1,0,0,0,0,0,0,0,0,66.599998,0,0,0,1,1,1,1
Newfoundland and Labrador,2022-09-01,Full-time students,38.799999,43.099998,9.8999996,2022-09-01,Newfoundland and Labrador,0,1,0,0,01sep2022,2022m9,2022,9,0,0,0,0,0,0,0,1,0,0,0,0,0,0,0,1,0,0,0,0,0,0,0,61.200001,0,0,0,1,1,1,1
Newfoundland and Labrador,2022-10-01,Full-time students,42.599998,47,9.5,2022-10-01,Newfoundland and Labrador,0,1,0,0,01oct2022,2022m10,2022,10,0,0,0,0,0,0,0,1,0,0,0,0,0,0,0,0,1,0,0,0,0,0,0,57.400002,0,0,0,1,1,1,1
Newfoundland and Labrador,2022-11-01,Full-time students,38.799999,42.799999,8.6999998,2022-11-01,Newfoundland and Labrador,0,1,0,0,01nov2022,2022m11,2022,11,0,0,0,0,0,0,0,1,0,0,0,0,0,0,0,0,0,1,0,0,0,0,0,61.200001,0,0,0,1,1,1,1
Newfoundland and Labrador,2022-12-01,Full-time students,40.400002,44.099998,8.3000002,2022-12-01,Newfoundland and Labrador,0,1,0,0,01dec2022,2022m12,2022,12,0,0,0,0,0,0,0,1,0,0,0,0,0,0,0,0,0,0,1,0,0,0,0,59.599998,0,0,0,1,1,1,1
Newfoundland and Labrador,2023-01-01,Full-time students,27.200001,34.700001,21.700001,2023-01-01,Newfoundland and Labrador,0,1,0,0,01jan2023,2023m1,2023,1,0,0,0,0,0,0,0,0,1,0,0,1,0,0,0,0,0,0,0,0,0,0,0,72.800003,0,0,0,1,1,1,1
Newfoundland and Labrador,2023-02-01,Full-time students,29,34.599998,16.299999,2023-02-01,Newfoundland and Labrador,0,1,0,0,01feb2023,2023m2,2023,2,0,0,0,0,0,0,0,0,1,0,0,0,1,0,0,0,0,0,0,0,0,0,0,71,0,0,0,1,1,1,1
Newfoundland and Labrador,2023-03-01,Full-time students,31,34.799999,10.9,2023-03-01,Newfoundland and Labrador,0,1,0,0,01mar2023,2023m3,2023,3,0,0,0,0,0,0,0,0,1,0,0,0,0,1,0,0,0,0,0,0,0,0,0,69,0,0,0,1,1,1,1
Newfoundland and Labrador,2023-04-01,Full-time students,32.099998,37,13.3,2023-04-01,Newfoundland and Labrador,0,1,0,0,01apr2023,2023m4,2023,4,0,0,0,0,0,0,0,0,1,0,0,0,0,0,1,0,0,0,0,0,0,0,0,67.900002,0,0,0,1,1,1,1
Newfoundland and Labrador,2023-09-01,Full-time students,35.5,42,15.5,2023-09-01,Newfoundland and Labrador,0,1,0,0,01sep2023,2023m9,2023,9,0,0,0,0,0,0,0,0,1,0,0,0,0,0,0,1,0,0,0,0,0,0,0,64.5,0,0,0,1,1,1,1
Newfoundland and Labrador,2023-10-01,Full-time students,38.700001,41.299999,7,2023-10-01,Newfoundland and Labrador,0,1,0,0,01oct2023,2023m10,2023,10,0,0,0,0,0,0,0,0,1,0,0,0,0,0,0,0,1,0,0,0,0,0,0,61.299999,0,0,0,1,1,1,1
Newfoundland and Labrador,2023-11-01,Full-time students,35.5,38.799999,7.9000001,2023-11-01,Newfoundland and Labrador,0,1,0,0,01nov2023,2023m11,2023,11,0,0,0,0,0,0,0,0,1,0,0,0,0,0,0,0,0,1,0,0,0,0,0,64.5,0,0,0,1,1,1,1
Newfoundland and Labrador,2023-12-01,Full-time students,36.5,39.5,6.8000002,2023-12-01,Newfoundland and Labrador,0,1,0,0,01dec2023,2023m12,2023,12,0,0,0,0,0,0,0,0,1,0,0,0,0,0,0,0,0,0,1,0,0,0,0,63.5,0,0,0,1,1,1,1
Newfoundland and Labrador,2024-01-01,Full-time students,33.5,39.5,15.1,2024-01-01,Newfoundland and Labrador,0,1,0,0,01jan2024,2024m1,2024,1,0,0,0,0,0,0,0,0,0,1,0,1,0,0,0,0,0,0,0,0,0,0,0,66.5,0,0,0,1,1,1,1
Newfoundland and Labrador,2024-02-01,Full-time students,30.799999,37.799999,17.700001,2024-02-01,Newfoundland and Labrador,0,1,0,0,01feb2024,2024m2,2024,2,0,0,0,0,0,0,0,0,0,1,0,0,1,0,0,0,0,0,0,0,0,0,0,69.199997,0,0,0,1,1,1,1
Newfoundland and Labrador,2024-03-01,Full-time students,31.9,39.5,19.299999,2024-03-01,Newfoundland and Labrador,0,1,0,0,01mar2024,2024m3,2024,3,0,0,0,0,0,0,0,0,0,1,0,0,0,1,0,0,0,0,0,0,0,0,0,68.099998,0,0,0,1,1,1,1
Newfoundland and Labrador,2024-04-01,Full-time students,33.400002,39.900002,17.1,2024-04-01,Newfoundland and Labrador,0,1,0,0,01apr2024,2024m4,2024,4,0,0,0,0,0,0,0,0,0,1,0,0,0,0,1,0,0,0,0,0,0,0,0,66.599998,0,0,0,1,1,1,1
Newfoundland and Labrador,2024-09-01,Full-time students,34.5,39.200001,12.1,2024-09-01,Newfoundland and Labrador,0,1,0,0,01sep2024,2024m9,2024,9,0,0,0,0,0,0,0,0,0,1,0,0,0,0,0,1,0,0,0,0,0,0,0,65.5,0,0,0,1,1,1,1
Newfoundland and Labrador,2024-10-01,Full-time students,34.5,39.5,12.8,2024-10-01,Newfoundland and Labrador,0,1,0,0,01oct2024,2024m10,2024,10,0,0,0,0,0,0,0,0,0,1,0,0,0,0,0,0,1,0,0,0,0,0,0,65.5,0,0,0,1,1,1,1
Newfoundland and Labrador,2024-11-01,Full-time students,32.799999,37.299999,12.1,2024-11-01,Newfoundland and Labrador,0,1,0,0,01nov2024,2024m11,2024,11,0,0,0,0,0,0,0,0,0,1,0,0,0,0,0,0,0,1,0,0,0,0,0,67.199997,0,0,0,1,1,1,1
Newfoundland and Labrador,2024-12-01,Full-time students,37.5,42.099998,10.8,2024-12-01,Newfoundland and Labrador,0,1,0,0,01dec2024,2024m12,2024,12,0,0,0,0,0,0,0,0,0,1,0,0,0,0,0,0,0,0,1,0,0,0,0,62.5,0,0,0,1,1,1,1
Newfoundland and Labrador,2025-01-01,Full-time students,28.5,35.299999,19.4,2025-01-01,Newfoundland and Labrador,0,1,0,0,01jan2025,2025m1,2025,1,0,0,0,0,0,0,0,0,0,0,1,1,0,0,0,0,0,0,0,0,0,0,0,71.5,0,0,0,1,1,1,1
Newfoundland and Labrador,2025-02-01,Full-time students,29,36.599998,20.1,2025-02-01,Newfoundland and Labrador,0,1,0,0,01feb2025,2025m2,2025,2,0,0,0,0,0,0,0,0,0,0,1,0,1,0,0,0,0,0,0,0,0,0,0,71,0,0,0,1,1,1,1
Newfoundland and Labrador,2025-03-01,Full-time students,34.099998,40.900002,16.4,2025-03-01,Newfoundland and Labrador,0,1,0,0,01mar2025,2025m3,2025,3,0,0,0,0,0,0,0,0,0,0,1,0,0,1,0,0,0,0,0,0,0,0,0,65.900002,0,0,0,1,1,1,1
Newfoundland and Labrador,2025-04-01,Full-time students,35.400002,42.900002,17.299999,2025-04-01,Newfoundland and Labrador,0,1,0,0,01apr2025,2025m4,2025,4,0,0,0,0,0,0,0,0,0,0,1,0,0,0,1,0,0,0,0,0,0,0,0,64.599998,0,0,0,1,1,1,1
Newfoundland and Labrador,2025-09-01,Full-time students,30.6,35.200001,13.8,2025-09-01,Newfoundland and Labrador,0,1,0,0,01sep2025,2025m9,2025,9,0,0,0,0,0,0,0,0,0,0,1,0,0,0,0,1,0,0,0,0,0,0,0,69.400002,0,0,0,1,1,1,1
Newfoundland and Labrador,2025-10-01,Full-time students,32.099998,37.599998,13.7,2025-10-01,Newfoundland and Labrador,0,1,0,0,01oct2025,2025m10,2025,10,0,0,0,0,0,0,0,0,0,0,1,0,0,0,0,0,1,0,0,0,0,0,0,67.900002,0,0,0,1,1,1,1
Newfoundland and Labrador,2025-11-01,Full-time students,34.099998,39.799999,14.3,2025-11-01,Newfoundland and Labrador,0,1,0,0,01nov2025,2025m11,2025,11,0,0,0,0,0,0,0,0,0,0,1,0,0,0,0,0,0,1,0,0,0,0,0,65.900002,0,0,0,1,1,1,1
Newfoundland and Labrador,2025-12-01,Full-time students,35.099998,41.299999,15,2025-12-01,Newfoundland and Labrador,0,1,0,0,01dec2025,2025m12,2025,12,0,0,0,0,0,0,0,0,0,0,1,0,0,0,0,0,0,0,1,0,0,0,0,64.900002,0,0,0,1,1,1,1
Nova Scotia,2015-01-01,Full-time students,35.400002,41.599998,14.8,2015-01-01,Nova Scotia,0,0,0,0,01jan2015,2015m1,2015,1,1,0,0,0,0,0,0,0,0,0,0,1,0,0,0,0,0,0,0,0,0,0,0,64.599998,0,0,0,1,1,1,1
Nova Scotia,2015-02-01,Full-time students,37.5,43.799999,14.2,2015-02-01,Nova Scotia,0,0,0,0,01feb2015,2015m2,2015,2,1,0,0,0,0,0,0,0,0,0,0,0,1,0,0,0,0,0,0,0,0,0,0,62.5,0,0,0,1,1,1,1
Nova Scotia,2015-03-01,Full-time students,39.299999,44,10.6,2015-03-01,Nova Scotia,0,0,0,0,01mar2015,2015m3,2015,3,1,0,0,0,0,0,0,0,0,0,0,0,0,1,0,0,0,0,0,0,0,0,0,60.700001,0,0,0,1,1,1,1
Nova Scotia,2015-04-01,Full-time students,33.700001,43.5,22.9,2015-04-01,Nova Scotia,0,0,0,0,01apr2015,2015m4,2015,4,1,0,0,0,0,0,0,0,0,0,0,0,0,0,1,0,0,0,0,0,0,0,0,66.300003,0,0,0,1,1,1,1
Nova Scotia,2015-09-01,Full-time students,40,48.099998,17,2015-09-01,Nova Scotia,0,0,0,0,01sep2015,2015m9,2015,9,1,0,0,0,0,0,0,0,0,0,0,0,0,0,0,1,0,0,0,0,0,0,0,60,0,0,0,1,1,1,1
Nova Scotia,2015-10-01,Full-time students,39.700001,46.700001,15,2015-10-01,Nova Scotia,0,0,0,0,01oct2015,2015m10,2015,10,1,0,0,0,0,0,0,0,0,0,0,0,0,0,0,0,1,0,0,0,0,0,0,60.299999,0,0,0,1,1,1,1
Nova Scotia,2015-11-01,Full-time students,38,44.099998,13.7,2015-11-01,Nova Scotia,0,0,0,0,01nov2015,2015m11,2015,11,1,0,0,0,0,0,0,0,0,0,0,0,0,0,0,0,0,1,0,0,0,0,0,62,0,0,0,1,1,1,1
Nova Scotia,2015-12-01,Full-time students,36.200001,41.799999,13.7,2015-12-01,Nova Scotia,0,0,0,0,01dec2015,2015m12,2015,12,1,0,0,0,0,0,0,0,0,0,0,0,0,0,0,0,0,0,1,0,0,0,0,63.799999,0,0,0,1,1,1,1
Nova Scotia,2016-01-01,Full-time students,34.400002,42.799999,19.5,2016-01-01,Nova Scotia,0,0,0,0,01jan2016,2016m1,2016,1,0,1,0,0,0,0,0,0,0,0,0,1,0,0,0,0,0,0,0,0,0,0,0,65.599998,0,0,0,1,1,1,1
Nova Scotia,2016-02-01,Full-time students,36.299999,44.900002,19.1,2016-02-01,Nova Scotia,0,0,0,0,01feb2016,2016m2,2016,2,0,1,0,0,0,0,0,0,0,0,0,0,1,0,0,0,0,0,0,0,0,0,0,63.700001,0,0,0,1,1,1,1
Nova Scotia,2016-03-01,Full-time students,33.099998,40.599998,18.700001,2016-03-01,Nova Scotia,0,0,0,0,01mar2016,2016m3,2016,3,0,1,0,0,0,0,0,0,0,0,0,0,0,1,0,0,0,0,0,0,0,0,0,66.900002,0,0,0,1,1,1,1
Nova Scotia,2016-04-01,Full-time students,37,43.299999,14.6,2016-04-01,Nova Scotia,0,0,0,0,01apr2016,2016m4,2016,4,0,1,0,0,0,0,0,0,0,0,0,0,0,0,1,0,0,0,0,0,0,0,0,63,0,0,0,1,1,1,1
Nova Scotia,2016-09-01,Full-time students,35.299999,39.700001,11.1,2016-09-01,Nova Scotia,0,0,0,0,01sep2016,2016m9,2016,9,0,1,0,0,0,0,0,0,0,0,0,0,0,0,0,1,0,0,0,0,0,0,0,64.699997,0,0,0,1,1,1,1
Nova Scotia,2016-10-01,Full-time students,38.099998,42.299999,10.3,2016-10-01,Nova Scotia,0,0,0,0,01oct2016,2016m10,2016,10,0,1,0,0,0,0,0,0,0,0,0,0,0,0,0,0,1,0,0,0,0,0,0,61.900002,0,0,0,1,1,1,1
Nova Scotia,2016-11-01,Full-time students,34.599998,40,13.6,2016-11-01,Nova Scotia,0,0,0,0,01nov2016,2016m11,2016,11,0,1,0,0,0,0,0,0,0,0,0,0,0,0,0,0,0,1,0,0,0,0,0,65.400002,0,0,0,1,1,1,1
Nova Scotia,2016-12-01,Full-time students,35.200001,40.299999,12.5,2016-12-01,Nova Scotia,0,0,0,0,01dec2016,2016m12,2016,12,0,1,0,0,0,0,0,0,0,0,0,0,0,0,0,0,0,0,1,0,0,0,0,64.800003,0,0,0,1,1,1,1
Nova Scotia,2017-01-01,Full-time students,35.900002,42.900002,16.4,2017-01-01,Nova Scotia,0,0,0,0,01jan2017,2017m1,2017,1,0,0,1,0,0,0,0,0,0,0,0,1,0,0,0,0,0,0,0,0,0,0,0,64.099998,0,0,0,1,1,1,1
Nova Scotia,2017-02-01,Full-time students,37.700001,45.299999,16.799999,2017-02-01,Nova Scotia,0,0,0,0,01feb2017,2017m2,2017,2,0,0,1,0,0,0,0,0,0,0,0,0,1,0,0,0,0,0,0,0,0,0,0,62.299999,0,0,0,1,1,1,1
Nova Scotia,2017-03-01,Full-time students,40.200001,47.799999,16,2017-03-01,Nova Scotia,0,0,0,0,01mar2017,2017m3,2017,3,0,0,1,0,0,0,0,0,0,0,0,0,0,1,0,0,0,0,0,0,0,0,0,59.799999,0,0,0,1,1,1,1
Nova Scotia,2017-04-01,Full-time students,38.5,45.400002,15.4,2017-04-01,Nova Scotia,0,0,0,0,01apr2017,2017m4,2017,4,0,0,1,0,0,0,0,0,0,0,0,0,0,0,1,0,0,0,0,0,0,0,0,61.5,0,0,0,1,1,1,1
Nova Scotia,2017-09-01,Full-time students,37.799999,46.900002,19.299999,2017-09-01,Nova Scotia,0,0,0,0,01sep2017,2017m9,2017,9,0,0,1,0,0,0,0,0,0,0,0,0,0,0,0,1,0,0,0,0,0,0,0,62.200001,0,0,0,1,1,1,1
Nova Scotia,2017-10-01,Full-time students,35.900002,44.200001,18.299999,2017-10-01,Nova Scotia,0,0,0,0,01oct2017,2017m10,2017,10,0,0,1,0,0,0,0,0,0,0,0,0,0,0,0,0,1,0,0,0,0,0,0,64.099998,0,0,0,1,1,1,1
Nova Scotia,2017-11-01,Full-time students,35.799999,43.799999,18.200001,2017-11-01,Nova Scotia,0,0,0,0,01nov2017,2017m11,2017,11,0,0,1,0,0,0,0,0,0,0,0,0,0,0,0,0,0,1,0,0,0,0,0,64.199997,0,0,0,1,1,1,1
Nova Scotia,2017-12-01,Full-time students,36.299999,42.099998,13.5,2017-12-01,Nova Scotia,0,0,0,0,01dec2017,2017m12,2017,12,0,0,1,0,0,0,0,0,0,0,0,0,0,0,0,0,0,0,1,0,0,0,0,63.700001,0,0,0,1,1,1,1
Nova Scotia,2018-01-01,Full-time students,34.700001,41.799999,17,2018-01-01,Nova Scotia,0,0,0,0,01jan2018,2018m1,2018,1,0,0,0,1,0,0,0,0,0,0,0,1,0,0,0,0,0,0,0,0,0,0,0,65.300003,0,0,0,1,1,1,1
Nova Scotia,2018-02-01,Full-time students,36.299999,44.799999,18.9,2018-02-01,Nova Scotia,0,0,0,0,01feb2018,2018m2,2018,2,0,0,0,1,0,0,0,0,0,0,0,0,1,0,0,0,0,0,0,0,0,0,0,63.700001,0,0,0,1,1,1,1
Nova Scotia,2018-03-01,Full-time students,36,43.099998,16.9,2018-03-01,Nova Scotia,0,0,0,0,01mar2018,2018m3,2018,3,0,0,0,1,0,0,0,0,0,0,0,0,0,1,0,0,0,0,0,0,0,0,0,64,0,0,0,1,1,1,1
Nova Scotia,2018-04-01,Full-time students,34.599998,46.400002,25.5,2018-04-01,Nova Scotia,0,0,0,0,01apr2018,2018m4,2018,4,0,0,0,1,0,0,0,0,0,0,0,0,0,0,1,0,0,0,0,0,0,0,0,65.400002,0,0,0,1,1,1,1
Nova Scotia,2018-09-01,Full-time students,38,45.599998,16.700001,2018-09-01,Nova Scotia,0,0,0,0,01sep2018,2018m9,2018,9,0,0,0,1,0,0,0,0,0,0,0,0,0,0,0,1,0,0,0,0,0,0,0,62,0,0,0,1,1,1,1
Nova Scotia,2018-10-01,Full-time students,43.400002,49.099998,11.7,2018-10-01,Nova Scotia,0,0,0,0,01oct2018,2018m10,2018,10,0,0,0,1,0,0,0,0,0,0,0,0,0,0,0,0,1,0,0,0,0,0,0,56.599998,0,0,0,1,1,1,1
Nova Scotia,2018-11-01,Full-time students,40.299999,43.099998,6.5,2018-11-01,Nova Scotia,0,0,0,0,01nov2018,2018m11,2018,11,0,0,0,1,0,0,0,0,0,0,0,0,0,0,0,0,0,1,0,0,0,0,0,59.700001,0,0,0,1,1,1,1
Nova Scotia,2018-12-01,Full-time students,42.200001,47.099998,10.7,2018-12-01,Nova Scotia,0,0,0,0,01dec2018,2018m12,2018,12,0,0,0,1,0,0,0,0,0,0,0,0,0,0,0,0,0,0,1,0,0,0,0,57.799999,0,0,0,1,1,1,1
Nova Scotia,2019-01-01,Full-time students,40.200001,45.599998,11.8,2019-01-01,Nova Scotia,0,0,0,0,01jan2019,2019m1,2019,1,0,0,0,0,1,0,0,0,0,0,0,1,0,0,0,0,0,0,0,0,0,0,0,59.799999,0,0,0,1,1,1,1
Nova Scotia,2019-02-01,Full-time students,42.799999,48.900002,12.6,2019-02-01,Nova Scotia,0,0,0,0,01feb2019,2019m2,2019,2,0,0,0,0,1,0,0,0,0,0,0,0,1,0,0,0,0,0,0,0,0,0,0,57.200001,0,0,0,1,1,1,1
Nova Scotia,2019-03-01,Full-time students,41.299999,46.5,11.1,2019-03-01,Nova Scotia,0,0,0,0,01mar2019,2019m3,2019,3,0,0,0,0,1,0,0,0,0,0,0,0,0,1,0,0,0,0,0,0,0,0,0,58.700001,0,0,0,1,1,1,1
Nova Scotia,2019-04-01,Full-time students,41.799999,49.400002,15.3,2019-04-01,Nova Scotia,0,0,0,0,01apr2019,2019m4,2019,4,0,0,0,0,1,0,0,0,0,0,0,0,0,0,1,0,0,0,0,0,0,0,0,58.200001,0,0,0,1,1,1,1
Nova Scotia,2019-09-01,Full-time students,43.799999,52.299999,16.299999,2019-09-01,Nova Scotia,0,0,0,0,01sep2019,2019m9,2019,9,0,0,0,0,1,0,0,0,0,0,0,0,0,0,0,1,0,0,0,0,0,0,0,56.200001,0,0,0,1,1,1,1
Nova Scotia,2019-10-01,Full-time students,44.700001,53.5,16.4,2019-10-01,Nova Scotia,0,0,0,0,01oct2019,2019m10,2019,10,0,0,0,0,1,0,0,0,0,0,0,0,0,0,0,0,1,0,0,0,0,0,0,55.299999,0,0,0,1,1,1,1
Nova Scotia,2019-11-01,Full-time students,44.400002,52.900002,16,2019-11-01,Nova Scotia,0,0,0,0,01nov2019,2019m11,2019,11,0,0,0,0,1,0,0,0,0,0,0,0,0,0,0,0,0,1,0,0,0,0,0,55.599998,0,0,0,1,1,1,1
Nova Scotia,2019-12-01,Full-time students,47.099998,54.5,13.6,2019-12-01,Nova Scotia,0,0,0,0,01dec2019,2019m12,2019,12,0,0,0,0,1,0,0,0,0,0,0,0,0,0,0,0,0,0,1,0,0,0,0,52.900002,0,0,0,1,1,1,1
Nova Scotia,2020-01-01,Full-time students,45.200001,51.799999,12.9,2020-01-01,Nova Scotia,0,0,0,0,01jan2020,2020m1,2020,1,0,0,0,0,0,1,0,0,0,0,0,1,0,0,0,0,0,0,0,0,0,0,0,54.799999,0,0,0,1,1,1,1
Nova Scotia,2020-02-01,Full-time students,48.099998,56.299999,14.5,2020-02-01,Nova Scotia,0,0,0,0,01feb2020,2020m2,2020,2,0,0,0,0,0,1,0,0,0,0,0,0,1,0,0,0,0,0,0,0,0,0,0,51.900002,0,0,0,1,1,1,1
Nova Scotia,2020-03-01,Full-time students,34.200001,40.599998,15.7,2020-03-01,Nova Scotia,0,1,0,0,01mar2020,2020m3,2020,3,0,0,0,0,0,1,0,0,0,0,0,0,0,1,0,0,0,0,0,0,0,0,0,65.800003,0,0,0,1,1,1,1
Nova Scotia,2020-04-01,Full-time students,23.700001,33.200001,28.5,2020-04-01,Nova Scotia,0,1,0,0,01apr2020,2020m4,2020,4,0,0,0,0,0,1,0,0,0,0,0,0,0,0,1,0,0,0,0,0,0,0,0,76.300003,0,0,0,1,1,1,1
Nova Scotia,2020-09-01,Full-time students,43.5,46.400002,6.1999998,2020-09-01,Nova Scotia,0,1,0,0,01sep2020,2020m9,2020,9,0,0,0,0,0,1,0,0,0,0,0,0,0,0,0,1,0,0,0,0,0,0,0,56.5,0,0,0,1,1,1,1
Nova Scotia,2020-10-01,Full-time students,44.200001,49.799999,11.3,2020-10-01,Nova Scotia,0,1,0,0,01oct2020,2020m10,2020,10,0,0,0,0,0,1,0,0,0,0,0,0,0,0,0,0,1,0,0,0,0,0,0,55.799999,0,0,0,1,1,1,1
Nova Scotia,2020-11-01,Full-time students,38.200001,41.099998,6.8000002,2020-11-01,Nova Scotia,0,1,0,0,01nov2020,2020m11,2020,11,0,0,0,0,0,1,0,0,0,0,0,0,0,0,0,0,0,1,0,0,0,0,0,61.799999,0,0,0,1,1,1,1
Nova Scotia,2020-12-01,Full-time students,36.299999,41.5,12.5,2020-12-01,Nova Scotia,0,1,0,0,01dec2020,2020m12,2020,12,0,0,0,0,0,1,0,0,0,0,0,0,0,0,0,0,0,0,1,0,0,0,0,63.700001,0,0,0,1,1,1,1
Nova Scotia,2021-01-01,Full-time students,36.900002,47.099998,21.700001,2021-01-01,Nova Scotia,0,1,0,0,01jan2021,2021m1,2021,1,0,0,0,0,0,0,1,0,0,0,0,1,0,0,0,0,0,0,0,0,0,0,0,63.099998,0,0,0,1,1,1,1
Nova Scotia,2021-02-01,Full-time students,40.299999,46.099998,12.4,2021-02-01,Nova Scotia,0,1,0,0,01feb2021,2021m2,2021,2,0,0,0,0,0,0,1,0,0,0,0,0,1,0,0,0,0,0,0,0,0,0,0,59.700001,0,0,0,1,1,1,1
Nova Scotia,2021-03-01,Full-time students,41.799999,47.799999,12.5,2021-03-01,Nova Scotia,0,1,0,0,01mar2021,2021m3,2021,3,0,0,0,0,0,0,1,0,0,0,0,0,0,1,0,0,0,0,0,0,0,0,0,58.200001,0,0,0,1,1,1,1
Nova Scotia,2021-04-01,Full-time students,36.400002,43.099998,15.7,2021-04-01,Nova Scotia,0,1,0,0,01apr2021,2021m4,2021,4,0,0,0,0,0,0,1,0,0,0,0,0,0,0,1,0,0,0,0,0,0,0,0,63.599998,0,0,0,1,1,1,1
Nova Scotia,2021-09-01,Full-time students,40.299999,45,10.5,2021-09-01,Nova Scotia,0,1,0,0,01sep2021,2021m9,2021,9,0,0,0,0,0,0,1,0,0,0,0,0,0,0,0,1,0,0,0,0,0,0,0,59.700001,0,0,0,1,1,1,1
Nova Scotia,2021-10-01,Full-time students,40.700001,43.5,6.3000002,2021-10-01,Nova Scotia,0,1,0,0,01oct2021,2021m10,2021,10,0,0,0,0,0,0,1,0,0,0,0,0,0,0,0,0,1,0,0,0,0,0,0,59.299999,0,0,0,1,1,1,1
Nova Scotia,2021-11-01,Full-time students,43,50.200001,13.9,2021-11-01,Nova Scotia,0,1,0,0,01nov2021,2021m11,2021,11,0,0,0,0,0,0,1,0,0,0,0,0,0,0,0,0,0,1,0,0,0,0,0,57,0,0,0,1,1,1,1
Nova Scotia,2021-12-01,Full-time students,44.400002,51.5,13.8,2021-12-01,Nova Scotia,0,1,0,0,01dec2021,2021m12,2021,12,0,0,0,0,0,0,1,0,0,0,0,0,0,0,0,0,0,0,1,0,0,0,0,55.599998,0,0,0,1,1,1,1
Nova Scotia,2022-01-01,Full-time students,40.700001,43.599998,6.5,2022-01-01,Nova Scotia,0,1,0,0,01jan2022,2022m1,2022,1,0,0,0,0,0,0,0,1,0,0,0,1,0,0,0,0,0,0,0,0,0,0,0,59.299999,0,0,0,1,1,1,1
Nova Scotia,2022-02-01,Full-time students,40.400002,45.900002,11.7,2022-02-01,Nova Scotia,0,1,0,0,01feb2022,2022m2,2022,2,0,0,0,0,0,0,0,1,0,0,0,0,1,0,0,0,0,0,0,0,0,0,0,59.599998,0,0,0,1,1,1,1
Nova Scotia,2022-03-01,Full-time students,39.400002,45.799999,13.9,2022-03-01,Nova Scotia,0,1,0,0,01mar2022,2022m3,2022,3,0,0,0,0,0,0,0,1,0,0,0,0,0,1,0,0,0,0,0,0,0,0,0,60.599998,0,0,0,1,1,1,1
Nova Scotia,2022-04-01,Full-time students,41.5,47.5,12.3,2022-04-01,Nova Scotia,0,1,0,0,01apr2022,2022m4,2022,4,0,0,0,0,0,0,0,1,0,0,0,0,0,0,1,0,0,0,0,0,0,0,0,58.5,0,0,0,1,1,1,1
Nova Scotia,2022-09-01,Full-time students,38.799999,44.099998,12.2,2022-09-01,Nova Scotia,0,1,0,0,01sep2022,2022m9,2022,9,0,0,0,0,0,0,0,1,0,0,0,0,0,0,0,1,0,0,0,0,0,0,0,61.200001,0,0,0,1,1,1,1
Nova Scotia,2022-10-01,Full-time students,40,46,13.4,2022-10-01,Nova Scotia,0,1,0,0,01oct2022,2022m10,2022,10,0,0,0,0,0,0,0,1,0,0,0,0,0,0,0,0,1,0,0,0,0,0,0,60,0,0,0,1,1,1,1
Nova Scotia,2022-11-01,Full-time students,37.5,41.799999,10.1,2022-11-01,Nova Scotia,0,1,0,0,01nov2022,2022m11,2022,11,0,0,0,0,0,0,0,1,0,0,0,0,0,0,0,0,0,1,0,0,0,0,0,62.5,0,0,0,1,1,1,1
Nova Scotia,2022-12-01,Full-time students,40.799999,46.900002,12.9,2022-12-01,Nova Scotia,0,1,0,0,01dec2022,2022m12,2022,12,0,0,0,0,0,0,0,1,0,0,0,0,0,0,0,0,0,0,1,0,0,0,0,59.200001,0,0,0,1,1,1,1
Nova Scotia,2023-01-01,Full-time students,38.400002,42.799999,10.3,2023-01-01,Nova Scotia,0,1,0,0,01jan2023,2023m1,2023,1,0,0,0,0,0,0,0,0,1,0,0,1,0,0,0,0,0,0,0,0,0,0,0,61.599998,0,0,0,1,1,1,1
Nova Scotia,2023-02-01,Full-time students,41.900002,48.299999,13.2,2023-02-01,Nova Scotia,0,1,0,0,01feb2023,2023m2,2023,2,0,0,0,0,0,0,0,0,1,0,0,0,1,0,0,0,0,0,0,0,0,0,0,58.099998,0,0,0,1,1,1,1
Nova Scotia,2023-03-01,Full-time students,39.799999,45.400002,12.2,2023-03-01,Nova Scotia,0,1,0,0,01mar2023,2023m3,2023,3,0,0,0,0,0,0,0,0,1,0,0,0,0,1,0,0,0,0,0,0,0,0,0,60.200001,0,0,0,1,1,1,1
Nova Scotia,2023-04-01,Full-time students,39.5,44.200001,10.5,2023-04-01,Nova Scotia,0,1,0,0,01apr2023,2023m4,2023,4,0,0,0,0,0,0,0,0,1,0,0,0,0,0,1,0,0,0,0,0,0,0,0,60.5,0,0,0,1,1,1,1
Nova Scotia,2023-09-01,Full-time students,34.5,40.400002,14.9,2023-09-01,Nova Scotia,0,1,0,0,01sep2023,2023m9,2023,9,0,0,0,0,0,0,0,0,1,0,0,0,0,0,0,1,0,0,0,0,0,0,0,65.5,0,0,0,1,1,1,1
Nova Scotia,2023-10-01,Full-time students,41.700001,47.599998,12.6,2023-10-01,Nova Scotia,0,1,0,0,01oct2023,2023m10,2023,10,0,0,0,0,0,0,0,0,1,0,0,0,0,0,0,0,1,0,0,0,0,0,0,58.299999,0,0,0,1,1,1,1
Nova Scotia,2023-11-01,Full-time students,36.599998,40.799999,10.4,2023-11-01,Nova Scotia,0,1,0,0,01nov2023,2023m11,2023,11,0,0,0,0,0,0,0,0,1,0,0,0,0,0,0,0,0,1,0,0,0,0,0,63.400002,0,0,0,1,1,1,1
Nova Scotia,2023-12-01,Full-time students,42.099998,44,4.3000002,2023-12-01,Nova Scotia,0,1,0,0,01dec2023,2023m12,2023,12,0,0,0,0,0,0,0,0,1,0,0,0,0,0,0,0,0,0,1,0,0,0,0,57.900002,0,0,0,1,1,1,1
Nova Scotia,2024-01-01,Full-time students,44.5,47,4.9000001,2024-01-01,Nova Scotia,0,1,0,0,01jan2024,2024m1,2024,1,0,0,0,0,0,0,0,0,0,1,0,1,0,0,0,0,0,0,0,0,0,0,0,55.5,0,0,0,1,1,1,1
Nova Scotia,2024-02-01,Full-time students,43,46.799999,8.1000004,2024-02-01,Nova Scotia,0,1,0,0,01feb2024,2024m2,2024,2,0,0,0,0,0,0,0,0,0,1,0,0,1,0,0,0,0,0,0,0,0,0,0,57,0,0,0,1,1,1,1
Nova Scotia,2024-03-01,Full-time students,39.200001,44.799999,12.5,2024-03-01,Nova Scotia,0,1,0,0,01mar2024,2024m3,2024,3,0,0,0,0,0,0,0,0,0,1,0,0,0,1,0,0,0,0,0,0,0,0,0,60.799999,0,0,0,1,1,1,1
Nova Scotia,2024-04-01,Full-time students,35.900002,43.400002,17.4,2024-04-01,Nova Scotia,0,1,0,0,01apr2024,2024m4,2024,4,0,0,0,0,0,0,0,0,0,1,0,0,0,0,1,0,0,0,0,0,0,0,0,64.099998,0,0,0,1,1,1,1
Nova Scotia,2024-09-01,Full-time students,30.200001,35.900002,16.299999,2024-09-01,Nova Scotia,0,1,0,0,01sep2024,2024m9,2024,9,0,0,0,0,0,0,0,0,0,1,0,0,0,0,0,1,0,0,0,0,0,0,0,69.800003,0,0,0,1,1,1,1
Nova Scotia,2024-10-01,Full-time students,37,42.900002,13.6,2024-10-01,Nova Scotia,0,1,0,0,01oct2024,2024m10,2024,10,0,0,0,0,0,0,0,0,0,1,0,0,0,0,0,0,1,0,0,0,0,0,0,63,0,0,0,1,1,1,1
Nova Scotia,2024-11-01,Full-time students,34.099998,36.799999,7.4000001,2024-11-01,Nova Scotia,0,1,0,0,01nov2024,2024m11,2024,11,0,0,0,0,0,0,0,0,0,1,0,0,0,0,0,0,0,1,0,0,0,0,0,65.900002,0,0,0,1,1,1,1
Nova Scotia,2024-12-01,Full-time students,41.599998,44.799999,7.1999998,2024-12-01,Nova Scotia,0,1,0,0,01dec2024,2024m12,2024,12,0,0,0,0,0,0,0,0,0,1,0,0,0,0,0,0,0,0,1,0,0,0,0,58.400002,0,0,0,1,1,1,1
Nova Scotia,2025-01-01,Full-time students,40.5,44.700001,9.6000004,2025-01-01,Nova Scotia,0,1,0,0,01jan2025,2025m1,2025,1,0,0,0,0,0,0,0,0,0,0,1,1,0,0,0,0,0,0,0,0,0,0,0,59.5,0,0,0,1,1,1,1
Nova Scotia,2025-02-01,Full-time students,36.400002,41.099998,11.4,2025-02-01,Nova Scotia,0,1,0,0,01feb2025,2025m2,2025,2,0,0,0,0,0,0,0,0,0,0,1,0,1,0,0,0,0,0,0,0,0,0,0,63.599998,0,0,0,1,1,1,1
Nova Scotia,2025-03-01,Full-time students,38.599998,43.099998,10.5,2025-03-01,Nova Scotia,0,1,0,0,01mar2025,2025m3,2025,3,0,0,0,0,0,0,0,0,0,0,1,0,0,1,0,0,0,0,0,0,0,0,0,61.400002,0,0,0,1,1,1,1
Nova Scotia,2025-04-01,Full-time students,34,39.299999,13,2025-04-01,Nova Scotia,0,1,0,0,01apr2025,2025m4,2025,4,0,0,0,0,0,0,0,0,0,0,1,0,0,0,1,0,0,0,0,0,0,0,0,66,0,0,0,1,1,1,1
Nova Scotia,2025-09-01,Full-time students,33.599998,40.200001,16.5,2025-09-01,Nova Scotia,0,1,0,0,01sep2025,2025m9,2025,9,0,0,0,0,0,0,0,0,0,0,1,0,0,0,0,1,0,0,0,0,0,0,0,66.400002,0,0,0,1,1,1,1
Nova Scotia,2025-10-01,Full-time students,34.5,39,11.2,2025-10-01,Nova Scotia,0,1,0,0,01oct2025,2025m10,2025,10,0,0,0,0,0,0,0,0,0,0,1,0,0,0,0,0,1,0,0,0,0,0,0,65.5,0,0,0,1,1,1,1
Nova Scotia,2025-11-01,Full-time students,34.400002,42,17.9,2025-11-01,Nova Scotia,0,1,0,0,01nov2025,2025m11,2025,11,0,0,0,0,0,0,0,0,0,0,1,0,0,0,0,0,0,1,0,0,0,0,0,65.599998,0,0,0,1,1,1,1
Nova Scotia,2025-12-01,Full-time students,34.400002,38.200001,10,2025-12-01,Nova Scotia,0,1,0,0,01dec2025,2025m12,2025,12,0,0,0,0,0,0,0,0,0,0,1,0,0,0,0,0,0,0,1,0,0,0,0,65.599998,0,0,0,1,1,1,1
Ontario,2015-01-01,Full-time students,36.200001,42.099998,14.1,2015-01-01,Ontario,1,0,0,1,01jan2015,2015m1,2015,1,1,0,0,0,0,0,0,0,0,0,0,1,0,0,0,0,0,0,0,0,0,0,0,63.799999,0,0,,1,1,1,1
Ontario,2015-02-01,Full-time students,37,42.700001,13.4,2015-02-01,Ontario,1,0,0,1,01feb2015,2015m2,2015,2,1,0,0,0,0,0,0,0,0,0,0,0,1,0,0,0,0,0,0,0,0,0,0,63,0,0,,1,1,1,1
Ontario,2015-03-01,Full-time students,36.700001,42.799999,14.3,2015-03-01,Ontario,1,0,0,1,01mar2015,2015m3,2015,3,1,0,0,0,0,0,0,0,0,0,0,0,0,1,0,0,0,0,0,0,0,0,0,63.299999,0,0,,1,1,1,1
Ontario,2015-04-01,Full-time students,35.700001,42.299999,15.7,2015-04-01,Ontario,1,0,0,1,01apr2015,2015m4,2015,4,1,0,0,0,0,0,0,0,0,0,0,0,0,0,1,0,0,0,0,0,0,0,0,64.300003,0,0,,1,1,1,1
Ontario,2015-09-01,Full-time students,35.400002,42,15.6,2015-09-01,Ontario,1,0,0,1,01sep2015,2015m9,2015,9,1,0,0,0,0,0,0,0,0,0,0,0,0,0,0,1,0,0,0,0,0,0,0,64.599998,0,0,,1,1,1,1
Ontario,2015-10-01,Full-time students,35.099998,41.599998,15.6,2015-10-01,Ontario,1,0,0,1,01oct2015,2015m10,2015,10,1,0,0,0,0,0,0,0,0,0,0,0,0,0,0,0,1,0,0,0,0,0,0,64.900002,0,0,,1,1,1,1
Ontario,2015-11-01,Full-time students,35.900002,40.400002,11.1,2015-11-01,Ontario,1,0,0,1,01nov2015,2015m11,2015,11,1,0,0,0,0,0,0,0,0,0,0,0,0,0,0,0,0,1,0,0,0,0,0,64.099998,0,0,,1,1,1,1
Ontario,2015-12-01,Full-time students,34.799999,39.799999,12.7,2015-12-01,Ontario,1,0,0,1,01dec2015,2015m12,2015,12,1,0,0,0,0,0,0,0,0,0,0,0,0,0,0,0,0,0,1,0,0,0,0,65.199997,0,0,,1,1,1,1
Ontario,2016-01-01,Full-time students,33.900002,39.599998,14.3,2016-01-01,Ontario,1,0,0,1,01jan2016,2016m1,2016,1,0,1,0,0,0,0,0,0,0,0,0,1,0,0,0,0,0,0,0,1,0,0,0,66.099998,0,0,,1,1,1,1
Ontario,2016-02-01,Full-time students,34.400002,39.5,12.9,2016-02-01,Ontario,1,0,0,1,01feb2016,2016m2,2016,2,0,1,0,0,0,0,0,0,0,0,0,0,1,0,0,0,0,0,0,1,0,0,0,65.599998,0,0,,1,1,1,1
Ontario,2016-03-01,Full-time students,34.900002,40.900002,14.6,2016-03-01,Ontario,1,0,0,1,01mar2016,2016m3,2016,3,0,1,0,0,0,0,0,0,0,0,0,0,0,1,0,0,0,0,0,1,0,0,0,65.099998,0,0,,1,1,1,1
Ontario,2016-04-01,Full-time students,34.599998,41.400002,16.5,2016-04-01,Ontario,1,0,0,1,01apr2016,2016m4,2016,4,0,1,0,0,0,0,0,0,0,0,0,0,0,0,1,0,0,0,0,1,0,0,0,65.400002,0,0,,1,1,1,1
Ontario,2016-09-01,Full-time students,32.900002,39.099998,16,2016-09-01,Ontario,1,0,0,1,01sep2016,2016m9,2016,9,0,1,0,0,0,0,0,0,0,0,0,0,0,0,0,1,0,0,0,1,0,0,0,67.099998,0,0,,1,1,1,1
Ontario,2016-10-01,Full-time students,35.299999,40.400002,12.6,2016-10-01,Ontario,1,0,0,1,01oct2016,2016m10,2016,10,0,1,0,0,0,0,0,0,0,0,0,0,0,0,0,0,1,0,0,1,0,0,0,64.699997,0,0,,1,1,1,1
Ontario,2016-11-01,Full-time students,35.900002,41.299999,13.2,2016-11-01,Ontario,1,0,0,1,01nov2016,2016m11,2016,11,0,1,0,0,0,0,0,0,0,0,0,0,0,0,0,0,0,1,0,1,0,0,0,64.099998,0,0,,1,1,1,1
Ontario,2016-12-01,Full-time students,35,40.5,13.7,2016-12-01,Ontario,1,0,0,1,01dec2016,2016m12,2016,12,0,1,0,0,0,0,0,0,0,0,0,0,0,0,0,0,0,0,1,1,0,0,0,65,0,0,,1,1,1,1
Ontario,2017-01-01,Full-time students,33.5,40.700001,17.700001,2017-01-01,Ontario,1,0,0,1,01jan2017,2017m1,2017,1,0,0,1,0,0,0,0,0,0,0,0,1,0,0,0,0,0,0,0,0,1,0,0,66.5,0,0,,1,1,1,1
Ontario,2017-02-01,Full-time students,35.200001,40.200001,12.4,2017-02-01,Ontario,1,0,0,1,01feb2017,2017m2,2017,2,0,0,1,0,0,0,0,0,0,0,0,0,1,0,0,0,0,0,0,0,1,0,0,64.800003,0,0,,1,1,1,1
Ontario,2017-03-01,Full-time students,34.700001,40.599998,14.6,2017-03-01,Ontario,1,0,0,1,01mar2017,2017m3,2017,3,0,0,1,0,0,0,0,0,0,0,0,0,0,1,0,0,0,0,0,0,1,0,0,65.300003,0,0,,1,1,1,1
Ontario,2017-04-01,Full-time students,34.799999,39.5,12,2017-04-01,Ontario,1,0,0,1,01apr2017,2017m4,2017,4,0,0,1,0,0,0,0,0,0,0,0,0,0,0,1,0,0,0,0,0,1,0,0,65.199997,0,0,,1,1,1,1
Ontario,2017-09-01,Full-time students,34.400002,38.799999,11.3,2017-09-01,Ontario,1,0,0,1,01sep2017,2017m9,2017,9,0,0,1,0,0,0,0,0,0,0,0,0,0,0,0,1,0,0,0,0,1,0,0,65.599998,0,0,,1,1,1,1
Ontario,2017-10-01,Full-time students,37.700001,42.200001,10.7,2017-10-01,Ontario,1,0,0,1,01oct2017,2017m10,2017,10,0,0,1,0,0,0,0,0,0,0,0,0,0,0,0,0,1,0,0,0,1,0,0,62.299999,0,0,,1,1,1,1
Ontario,2017-11-01,Full-time students,38.599998,42.799999,9.8000002,2017-11-01,Ontario,1,0,0,1,01nov2017,2017m11,2017,11,0,0,1,0,0,0,0,0,0,0,0,0,0,0,0,0,0,1,0,0,1,0,0,61.400002,0,0,,1,1,1,1
Ontario,2017-12-01,Full-time students,39.599998,42.799999,7.4000001,2017-12-01,Ontario,1,0,0,1,01dec2017,2017m12,2017,12,0,0,1,0,0,0,0,0,0,0,0,0,0,0,0,0,0,0,1,0,1,0,0,60.400002,0,0,,1,1,1,1
Ontario,2018-01-01,Full-time students,36.799999,41,10.1,2018-01-01,Ontario,1,0,0,1,01jan2018,2018m1,2018,1,0,0,0,1,0,0,0,0,0,0,0,1,0,0,0,0,0,0,0,0,0,1,0,63.200001,0,0,,1,1,1,1
Ontario,2018-02-01,Full-time students,36.400002,40.799999,10.8,2018-02-01,Ontario,1,0,0,1,01feb2018,2018m2,2018,2,0,0,0,1,0,0,0,0,0,0,0,0,1,0,0,0,0,0,0,0,0,1,0,63.599998,0,0,,1,1,1,1
Ontario,2018-03-01,Full-time students,38.099998,43.099998,11.5,2018-03-01,Ontario,1,0,0,1,01mar2018,2018m3,2018,3,0,0,0,1,0,0,0,0,0,0,0,0,0,1,0,0,0,0,0,0,0,1,0,61.900002,0,0,,1,1,1,1
Ontario,2018-04-01,Full-time students,35.700001,41,13,2018-04-01,Ontario,1,0,0,1,01apr2018,2018m4,2018,4,0,0,0,1,0,0,0,0,0,0,0,0,0,0,1,0,0,0,0,0,0,1,0,64.300003,0,0,,1,1,1,1
Ontario,2018-09-01,Full-time students,35.599998,41.299999,13.9,2018-09-01,Ontario,1,0,0,1,01sep2018,2018m9,2018,9,0,0,0,1,0,0,0,0,0,0,0,0,0,0,0,1,0,0,0,0,0,1,0,64.400002,0,0,,1,1,1,1
Ontario,2018-10-01,Full-time students,35.200001,40.400002,12.9,2018-10-01,Ontario,1,0,0,1,01oct2018,2018m10,2018,10,0,0,0,1,0,0,0,0,0,0,0,0,0,0,0,0,1,0,0,0,0,1,0,64.800003,0,0,,1,1,1,1
Ontario,2018-11-01,Full-time students,36.200001,40.099998,10,2018-11-01,Ontario,1,0,0,1,01nov2018,2018m11,2018,11,0,0,0,1,0,0,0,0,0,0,0,0,0,0,0,0,0,1,0,0,0,1,0,63.799999,0,0,,1,1,1,1
Ontario,2018-12-01,Full-time students,37.400002,41,8.8000002,2018-12-01,Ontario,1,0,0,1,01dec2018,2018m12,2018,12,0,0,0,1,0,0,0,0,0,0,0,0,0,0,0,0,0,0,1,0,0,1,0,62.599998,0,0,,1,1,1,1
Ontario,2019-01-01,Full-time students,37,41.599998,11.2,2019-01-01,Ontario,1,0,0,1,01jan2019,2019m1,2019,1,0,0,0,0,1,0,0,0,0,0,0,1,0,0,0,0,0,0,0,0,0,0,1,63,0,0,,1,1,1,1
Ontario,2019-02-01,Full-time students,38.5,42.299999,9,2019-02-01,Ontario,1,0,0,1,01feb2019,2019m2,2019,2,0,0,0,0,1,0,0,0,0,0,0,0,1,0,0,0,0,0,0,0,0,0,1,61.5,0,0,,1,1,1,1
Ontario,2019-03-01,Full-time students,38.200001,42.599998,10.3,2019-03-01,Ontario,1,0,0,1,01mar2019,2019m3,2019,3,0,0,0,0,1,0,0,0,0,0,0,0,0,1,0,0,0,0,0,0,0,0,1,61.799999,0,0,,1,1,1,1
Ontario,2019-04-01,Full-time students,39,43.799999,10.9,2019-04-01,Ontario,1,0,0,1,01apr2019,2019m4,2019,4,0,0,0,0,1,0,0,0,0,0,0,0,0,0,1,0,0,0,0,0,0,0,1,61,0,0,,1,1,1,1
Ontario,2019-09-01,Full-time students,36,40.200001,10.3,2019-09-01,Ontario,1,0,0,1,01sep2019,2019m9,2019,9,0,0,0,0,1,0,0,0,0,0,0,0,0,0,0,1,0,0,0,0,0,0,1,64,0,0,,1,1,1,1
Ontario,2019-10-01,Full-time students,35.900002,40.200001,10.7,2019-10-01,Ontario,1,0,0,1,01oct2019,2019m10,2019,10,0,0,0,0,1,0,0,0,0,0,0,0,0,0,0,0,1,0,0,0,0,0,1,64.099998,0,0,,1,1,1,1
Ontario,2019-11-01,Full-time students,37.099998,41.400002,10.3,2019-11-01,Ontario,1,0,0,1,01nov2019,2019m11,2019,11,0,0,0,0,1,0,0,0,0,0,0,0,0,0,0,0,0,1,0,0,0,0,1,62.900002,0,0,,1,1,1,1
Ontario,2019-12-01,Full-time students,37.400002,40.799999,8.3999996,2019-12-01,Ontario,1,0,0,1,01dec2019,2019m12,2019,12,0,0,0,0,1,0,0,0,0,0,0,0,0,0,0,0,0,0,1,0,0,0,1,62.599998,0,0,,1,1,1,1
Ontario,2020-01-01,Full-time students,35.900002,40.099998,10.5,2020-01-01,Ontario,1,0,0,1,01jan2020,2020m1,2020,1,0,0,0,0,0,1,0,0,0,0,0,1,0,0,0,0,0,0,0,0,0,0,0,64.099998,0,0,,1,1,1,1
Ontario,2020-02-01,Full-time students,36.799999,41.299999,10.9,2020-02-01,Ontario,1,0,0,1,01feb2020,2020m2,2020,2,0,0,0,0,0,1,0,0,0,0,0,0,1,0,0,0,0,0,0,0,0,0,0,63.200001,0,0,,1,1,1,1
Ontario,2020-03-01,Full-time students,28.299999,33.900002,16.700001,2020-03-01,Ontario,1,1,1,1,01mar2020,2020m3,2020,3,0,0,0,0,0,1,0,0,0,0,0,0,0,1,0,0,0,0,0,0,0,0,0,71.699997,0,0,,1,1,1,1
Ontario,2020-04-01,Full-time students,19.799999,28.799999,31.200001,2020-04-01,Ontario,1,1,1,1,01apr2020,2020m4,2020,4,0,0,0,0,0,1,0,0,0,0,0,0,0,0,1,0,0,0,0,0,0,0,0,80.199997,0,0,,1,1,1,1
Ontario,2020-09-01,Full-time students,32,43,25.6,2020-09-01,Ontario,1,1,1,1,01sep2020,2020m9,2020,9,0,0,0,0,0,1,0,0,0,0,0,0,0,0,0,1,0,0,0,0,0,0,0,68,0,0,,1,1,1,1
Ontario,2020-10-01,Full-time students,32.200001,41.599998,22.700001,2020-10-01,Ontario,1,1,1,1,01oct2020,2020m10,2020,10,0,0,0,0,0,1,0,0,0,0,0,0,0,0,0,0,1,0,0,0,0,0,0,67.800003,0,0,,1,1,1,1
Ontario,2020-11-01,Full-time students,33.5,41.200001,18.5,2020-11-01,Ontario,1,1,1,1,01nov2020,2020m11,2020,11,0,0,0,0,0,1,0,0,0,0,0,0,0,0,0,0,0,1,0,0,0,0,0,66.5,0,0,,1,1,1,1
Ontario,2020-12-01,Full-time students,34.799999,42.099998,17.299999,2020-12-01,Ontario,1,1,1,1,01dec2020,2020m12,2020,12,0,0,0,0,0,1,0,0,0,0,0,0,0,0,0,0,0,0,1,0,0,0,0,65.199997,0,0,,1,1,1,1
Ontario,2021-01-01,Full-time students,27.200001,36.799999,26,2021-01-01,Ontario,1,1,1,1,01jan2021,2021m1,2021,1,0,0,0,0,0,0,1,0,0,0,0,1,0,0,0,0,0,0,0,0,0,0,0,72.800003,0,0,,1,1,1,1
Ontario,2021-02-01,Full-time students,28.299999,37.299999,24.200001,2021-02-01,Ontario,1,1,1,1,01feb2021,2021m2,2021,2,0,0,0,0,0,0,1,0,0,0,0,0,1,0,0,0,0,0,0,0,0,0,0,71.699997,0,0,,1,1,1,1
Ontario,2021-03-01,Full-time students,32.099998,39.099998,17.700001,2021-03-01,Ontario,1,1,1,1,01mar2021,2021m3,2021,3,0,0,0,0,0,0,1,0,0,0,0,0,0,1,0,0,0,0,0,0,0,0,0,67.900002,0,0,,1,1,1,1
Ontario,2021-04-01,Full-time students,28.799999,37,22,2021-04-01,Ontario,1,1,1,1,01apr2021,2021m4,2021,4,0,0,0,0,0,0,1,0,0,0,0,0,0,0,1,0,0,0,0,0,0,0,0,71.199997,0,0,,1,1,1,1
Ontario,2021-09-01,Full-time students,36.099998,41.900002,13.8,2021-09-01,Ontario,1,1,1,1,01sep2021,2021m9,2021,9,0,0,0,0,0,0,1,0,0,0,0,0,0,0,0,1,0,0,0,0,0,0,0,63.900002,0,0,,1,1,1,1
Ontario,2021-10-01,Full-time students,37.700001,40.799999,7.6999998,2021-10-01,Ontario,1,1,1,1,01oct2021,2021m10,2021,10,0,0,0,0,0,0,1,0,0,0,0,0,0,0,0,0,1,0,0,0,0,0,0,62.299999,0,0,,1,1,1,1
Ontario,2021-11-01,Full-time students,38.599998,41.900002,8.1000004,2021-11-01,Ontario,1,1,1,1,01nov2021,2021m11,2021,11,0,0,0,0,0,0,1,0,0,0,0,0,0,0,0,0,0,1,0,0,0,0,0,61.400002,0,0,,1,1,1,1
Ontario,2021-12-01,Full-time students,41.400002,44.200001,6.3000002,2021-12-01,Ontario,1,1,1,1,01dec2021,2021m12,2021,12,0,0,0,0,0,0,1,0,0,0,0,0,0,0,0,0,0,0,1,0,0,0,0,58.599998,0,0,,1,1,1,1
Ontario,2022-01-01,Full-time students,33.099998,39.299999,15.6,2022-01-01,Ontario,1,1,1,1,01jan2022,2022m1,2022,1,0,0,0,0,0,0,0,1,0,0,0,1,0,0,0,0,0,0,0,0,0,0,0,66.900002,0,0,,1,1,1,1
Ontario,2022-02-01,Full-time students,38,42,9.5,2022-02-01,Ontario,1,1,1,1,01feb2022,2022m2,2022,2,0,0,0,0,0,0,0,1,0,0,0,0,1,0,0,0,0,0,0,0,0,0,0,62,0,0,,1,1,1,1
Ontario,2022-03-01,Full-time students,38.900002,43,9.6000004,2022-03-01,Ontario,1,1,1,1,01mar2022,2022m3,2022,3,0,0,0,0,0,0,0,1,0,0,0,0,0,1,0,0,0,0,0,0,0,0,0,61.099998,0,0,,1,1,1,1
Ontario,2022-04-01,Full-time students,38.400002,42.900002,10.5,2022-04-01,Ontario,1,1,1,1,01apr2022,2022m4,2022,4,0,0,0,0,0,0,0,1,0,0,0,0,0,0,1,0,0,0,0,0,0,0,0,61.599998,0,0,,1,1,1,1
Ontario,2022-09-01,Full-time students,35.599998,40.599998,12.4,2022-09-01,Ontario,1,1,1,1,01sep2022,2022m9,2022,9,0,0,0,0,0,0,0,1,0,0,0,0,0,0,0,1,0,0,0,0,0,0,0,64.400002,0,0,,1,1,1,1
Ontario,2022-10-01,Full-time students,38.599998,42.900002,9.8999996,2022-10-01,Ontario,1,1,1,1,01oct2022,2022m10,2022,10,0,0,0,0,0,0,0,1,0,0,0,0,0,0,0,0,1,0,0,0,0,0,0,61.400002,0,0,,1,1,1,1
Ontario,2022-11-01,Full-time students,37.200001,41.700001,10.8,2022-11-01,Ontario,1,1,1,1,01nov2022,2022m11,2022,11,0,0,0,0,0,0,0,1,0,0,0,0,0,0,0,0,0,1,0,0,0,0,0,62.799999,0,0,,1,1,1,1
Ontario,2022-12-01,Full-time students,39.700001,42.599998,6.8000002,2022-12-01,Ontario,1,1,1,1,01dec2022,2022m12,2022,12,0,0,0,0,0,0,0,1,0,0,0,0,0,0,0,0,0,0,1,0,0,0,0,60.299999,0,0,,1,1,1,1
Ontario,2023-01-01,Full-time students,38.400002,42.099998,8.8000002,2023-01-01,Ontario,1,1,1,1,01jan2023,2023m1,2023,1,0,0,0,0,0,0,0,0,1,0,0,1,0,0,0,0,0,0,0,0,0,0,0,61.599998,0,0,,1,1,1,1
Ontario,2023-02-01,Full-time students,38.900002,43.299999,10.2,2023-02-01,Ontario,1,1,1,1,01feb2023,2023m2,2023,2,0,0,0,0,0,0,0,0,1,0,0,0,1,0,0,0,0,0,0,0,0,0,0,61.099998,0,0,,1,1,1,1
Ontario,2023-03-01,Full-time students,37.599998,41,8.1999998,2023-03-01,Ontario,1,1,1,1,01mar2023,2023m3,2023,3,0,0,0,0,0,0,0,0,1,0,0,0,0,1,0,0,0,0,0,0,0,0,0,62.400002,0,0,,1,1,1,1
Ontario,2023-04-01,Full-time students,37.200001,41.799999,10.9,2023-04-01,Ontario,1,1,1,1,01apr2023,2023m4,2023,4,0,0,0,0,0,0,0,0,1,0,0,0,0,0,1,0,0,0,0,0,0,0,0,62.799999,0,0,,1,1,1,1
Ontario,2023-09-01,Full-time students,34.200001,40.5,15.7,2023-09-01,Ontario,1,1,1,1,01sep2023,2023m9,2023,9,0,0,0,0,0,0,0,0,1,0,0,0,0,0,0,1,0,0,0,0,0,0,0,65.800003,0,0,,1,1,1,1
Ontario,2023-10-01,Full-time students,35.099998,41.400002,15.2,2023-10-01,Ontario,1,1,1,1,01oct2023,2023m10,2023,10,0,0,0,0,0,0,0,0,1,0,0,0,0,0,0,0,1,0,0,0,0,0,0,64.900002,0,0,,1,1,1,1
Ontario,2023-11-01,Full-time students,34.200001,39.599998,13.7,2023-11-01,Ontario,1,1,1,1,01nov2023,2023m11,2023,11,0,0,0,0,0,0,0,0,1,0,0,0,0,0,0,0,0,1,0,0,0,0,0,65.800003,0,0,,1,1,1,1
Ontario,2023-12-01,Full-time students,35.5,39.5,10,2023-12-01,Ontario,1,1,1,1,01dec2023,2023m12,2023,12,0,0,0,0,0,0,0,0,1,0,0,0,0,0,0,0,0,0,1,0,0,0,0,64.5,0,0,,1,1,1,1
Ontario,2024-01-01,Full-time students,34.099998,37.700001,9.6999998,2024-01-01,Ontario,1,1,1,1,01jan2024,2024m1,2024,1,0,0,0,0,0,0,0,0,0,1,0,1,0,0,0,0,0,0,0,0,0,0,0,65.900002,0,0,,1,1,1,1
Ontario,2024-02-01,Full-time students,32.900002,38.200001,14,2024-02-01,Ontario,1,1,1,1,01feb2024,2024m2,2024,2,0,0,0,0,0,0,0,0,0,1,0,0,1,0,0,0,0,0,0,0,0,0,0,67.099998,0,0,,1,1,1,1
Ontario,2024-03-01,Full-time students,33,38.5,14.4,2024-03-01,Ontario,1,1,1,1,01mar2024,2024m3,2024,3,0,0,0,0,0,0,0,0,0,1,0,0,0,1,0,0,0,0,0,0,0,0,0,67,0,0,,1,1,1,1
Ontario,2024-04-01,Full-time students,33.900002,39.099998,13.3,2024-04-01,Ontario,1,1,1,1,01apr2024,2024m4,2024,4,0,0,0,0,0,0,0,0,0,1,0,0,0,0,1,0,0,0,0,0,0,0,0,66.099998,0,0,,1,1,1,1
Ontario,2024-09-01,Full-time students,32.400002,38.400002,15.6,2024-09-01,Ontario,1,1,1,1,01sep2024,2024m9,2024,9,0,0,0,0,0,0,0,0,0,1,0,0,0,0,0,1,0,0,0,0,0,0,0,67.599998,0,0,,1,1,1,1
Ontario,2024-10-01,Full-time students,32.799999,37.799999,13.3,2024-10-01,Ontario,1,1,1,1,01oct2024,2024m10,2024,10,0,0,0,0,0,0,0,0,0,1,0,0,0,0,0,0,1,0,0,0,0,0,0,67.199997,0,0,,1,1,1,1
Ontario,2024-11-01,Full-time students,34.200001,40.5,15.6,2024-11-01,Ontario,1,1,1,1,01nov2024,2024m11,2024,11,0,0,0,0,0,0,0,0,0,1,0,0,0,0,0,0,0,1,0,0,0,0,0,65.800003,0,0,,1,1,1,1
Ontario,2024-12-01,Full-time students,33.799999,39.5,14.4,2024-12-01,Ontario,1,1,1,1,01dec2024,2024m12,2024,12,0,0,0,0,0,0,0,0,0,1,0,0,0,0,0,0,0,0,1,0,0,0,0,66.199997,0,0,,1,1,1,1
Ontario,2025-01-01,Full-time students,34,40.200001,15.4,2025-01-01,Ontario,1,1,1,1,01jan2025,2025m1,2025,1,0,0,0,0,0,0,0,0,0,0,1,1,0,0,0,0,0,0,0,0,0,0,0,66,0,0,,1,1,1,1
Ontario,2025-02-01,Full-time students,33.799999,39.099998,13.6,2025-02-01,Ontario,1,1,1,1,01feb2025,2025m2,2025,2,0,0,0,0,0,0,0,0,0,0,1,0,1,0,0,0,0,0,0,0,0,0,0,66.199997,0,0,,1,1,1,1
Ontario,2025-03-01,Full-time students,33.599998,39.900002,15.8,2025-03-01,Ontario,1,1,1,1,01mar2025,2025m3,2025,3,0,0,0,0,0,0,0,0,0,0,1,0,0,1,0,0,0,0,0,0,0,0,0,66.400002,0,0,,1,1,1,1
Ontario,2025-04-01,Full-time students,32.299999,38.599998,16.200001,2025-04-01,Ontario,1,1,1,1,01apr2025,2025m4,2025,4,0,0,0,0,0,0,0,0,0,0,1,0,0,0,1,0,0,0,0,0,0,0,0,67.699997,0,0,,1,1,1,1
Ontario,2025-09-01,Full-time students,29.4,38.400002,23.6,2025-09-01,Ontario,1,1,1,1,01sep2025,2025m9,2025,9,0,0,0,0,0,0,0,0,0,0,1,0,0,0,0,1,0,0,0,0,0,0,0,70.599998,0,0,,1,1,1,1
Ontario,2025-10-01,Full-time students,31.1,37.599998,17.299999,2025-10-01,Ontario,1,1,1,1,01oct2025,2025m10,2025,10,0,0,0,0,0,0,0,0,0,0,1,0,0,0,0,0,1,0,0,0,0,0,0,68.900002,0,0,,1,1,1,1
Ontario,2025-11-01,Full-time students,31.700001,38.099998,17,2025-11-01,Ontario,1,1,1,1,01nov2025,2025m11,2025,11,0,0,0,0,0,0,0,0,0,0,1,0,0,0,0,0,0,1,0,0,0,0,0,68.300003,0,0,,1,1,1,1
Ontario,2025-12-01,Full-time students,32.200001,37.799999,15,2025-12-01,Ontario,1,1,1,1,01dec2025,2025m12,2025,12,0,0,0,0,0,0,0,0,0,0,1,0,0,0,0,0,0,0,1,0,0,0,0,67.800003,0,0,,1,1,1,1
Prince Edward Island,2015-01-01,Full-time students,34.599998,40.200001,14,2015-01-01,Prince Edward Island,0,0,0,0,01jan2015,2015m1,2015,1,1,0,0,0,0,0,0,0,0,0,0,1,0,0,0,0,0,0,0,0,0,0,0,65.400002,0,0,0,1,1,1,1
Prince Edward Island,2015-02-01,Full-time students,38.5,41.299999,7,2015-02-01,Prince Edward Island,0,0,0,0,01feb2015,2015m2,2015,2,1,0,0,0,0,0,0,0,0,0,0,0,1,0,0,0,0,0,0,0,0,0,0,61.5,0,0,0,1,1,1,1
Prince Edward Island,2015-03-01,Full-time students,34.299999,40.400002,15,2015-03-01,Prince Edward Island,0,0,0,0,01mar2015,2015m3,2015,3,1,0,0,0,0,0,0,0,0,0,0,0,0,1,0,0,0,0,0,0,0,0,0,65.699997,0,0,0,1,1,1,1
Prince Edward Island,2015-04-01,Full-time students,36.799999,43.400002,15.2,2015-04-01,Prince Edward Island,0,0,0,0,01apr2015,2015m4,2015,4,1,0,0,0,0,0,0,0,0,0,0,0,0,0,1,0,0,0,0,0,0,0,0,63.200001,0,0,0,1,1,1,1
Prince Edward Island,2015-09-01,Full-time students,40.900002,46.200001,11.6,2015-09-01,Prince Edward Island,0,0,0,0,01sep2015,2015m9,2015,9,1,0,0,0,0,0,0,0,0,0,0,0,0,0,0,1,0,0,0,0,0,0,0,59.099998,0,0,0,1,1,1,1
Prince Edward Island,2015-10-01,Full-time students,38.900002,47.400002,20,2015-10-01,Prince Edward Island,0,0,0,0,01oct2015,2015m10,2015,10,1,0,0,0,0,0,0,0,0,0,0,0,0,0,0,0,1,0,0,0,0,0,0,61.099998,0,0,0,1,1,1,1
Prince Edward Island,2015-11-01,Full-time students,36.5,46.900002,22.200001,2015-11-01,Prince Edward Island,0,0,0,0,01nov2015,2015m11,2015,11,1,0,0,0,0,0,0,0,0,0,0,0,0,0,0,0,0,1,0,0,0,0,0,63.5,0,0,0,1,1,1,1
Prince Edward Island,2015-12-01,Full-time students,40.799999,45.900002,11.1,2015-12-01,Prince Edward Island,0,0,0,0,01dec2015,2015m12,2015,12,1,0,0,0,0,0,0,0,0,0,0,0,0,0,0,0,0,0,1,0,0,0,0,59.200001,0,0,0,1,1,1,1
Prince Edward Island,2016-01-01,Full-time students,37.099998,41.200001,10,2016-01-01,Prince Edward Island,0,0,0,0,01jan2016,2016m1,2016,1,0,1,0,0,0,0,0,0,0,0,0,1,0,0,0,0,0,0,0,0,0,0,0,62.900002,0,0,0,1,1,1,1
Prince Edward Island,2016-02-01,Full-time students,37.200001,43.599998,14.6,2016-02-01,Prince Edward Island,0,0,0,0,01feb2016,2016m2,2016,2,0,1,0,0,0,0,0,0,0,0,0,0,1,0,0,0,0,0,0,0,0,0,0,62.799999,0,0,0,1,1,1,1
Prince Edward Island,2016-03-01,Full-time students,31.9,38.299999,16.700001,2016-03-01,Prince Edward Island,0,0,0,0,01mar2016,2016m3,2016,3,0,1,0,0,0,0,0,0,0,0,0,0,0,1,0,0,0,0,0,0,0,0,0,68.099998,0,0,0,1,1,1,1
Prince Edward Island,2016-04-01,Full-time students,29,37.599998,25.700001,2016-04-01,Prince Edward Island,0,0,0,0,01apr2016,2016m4,2016,4,0,1,0,0,0,0,0,0,0,0,0,0,0,0,1,0,0,0,0,0,0,0,0,71,0,0,0,1,1,1,1
Prince Edward Island,2016-09-01,Full-time students,44,50,12,2016-09-01,Prince Edward Island,0,0,0,0,01sep2016,2016m9,2016,9,0,1,0,0,0,0,0,0,0,0,0,0,0,0,0,1,0,0,0,0,0,0,0,56,0,0,0,1,1,1,1
Prince Edward Island,2016-10-01,Full-time students,45.099998,52.900002,13,2016-10-01,Prince Edward Island,0,0,0,0,01oct2016,2016m10,2016,10,0,1,0,0,0,0,0,0,0,0,0,0,0,0,0,0,1,0,0,0,0,0,0,54.900002,0,0,0,1,1,1,1
Prince Edward Island,2016-11-01,Full-time students,42.700001,47.599998,10.2,2016-11-01,Prince Edward Island,0,0,0,0,01nov2016,2016m11,2016,11,0,1,0,0,0,0,0,0,0,0,0,0,0,0,0,0,0,1,0,0,0,0,0,57.299999,0,0,0,1,1,1,1
Prince Edward Island,2016-12-01,Full-time students,44.900002,48.599998,7.6999998,2016-12-01,Prince Edward Island,0,0,0,0,01dec2016,2016m12,2016,12,0,1,0,0,0,0,0,0,0,0,0,0,0,0,0,0,0,0,1,0,0,0,0,55.099998,0,0,0,1,1,1,1
Prince Edward Island,2017-01-01,Full-time students,43.299999,46.400002,6.6999998,2017-01-01,Prince Edward Island,0,0,0,0,01jan2017,2017m1,2017,1,0,0,1,0,0,0,0,0,0,0,0,1,0,0,0,0,0,0,0,0,0,0,0,56.700001,0,0,0,1,1,1,1
Prince Edward Island,2017-02-01,Full-time students,45.299999,49.5,8.5,2017-02-01,Prince Edward Island,0,0,0,0,01feb2017,2017m2,2017,2,0,0,1,0,0,0,0,0,0,0,0,0,1,0,0,0,0,0,0,0,0,0,0,54.700001,0,0,0,1,1,1,1
Prince Edward Island,2017-03-01,Full-time students,46.400002,50.5,8.1999998,2017-03-01,Prince Edward Island,0,0,0,0,01mar2017,2017m3,2017,3,0,0,1,0,0,0,0,0,0,0,0,0,0,1,0,0,0,0,0,0,0,0,0,53.599998,0,0,0,1,1,1,1
Prince Edward Island,2017-04-01,Full-time students,44.599998,48.5,10.2,2017-04-01,Prince Edward Island,0,0,0,0,01apr2017,2017m4,2017,4,0,0,1,0,0,0,0,0,0,0,0,0,0,0,1,0,0,0,0,0,0,0,0,55.400002,0,0,0,1,1,1,1
Prince Edward Island,2017-09-01,Full-time students,39.799999,42.700001,6.8000002,2017-09-01,Prince Edward Island,0,0,0,0,01sep2017,2017m9,2017,9,0,0,1,0,0,0,0,0,0,0,0,0,0,0,0,1,0,0,0,0,0,0,0,60.200001,0,0,0,1,1,1,1
Prince Edward Island,2017-10-01,Full-time students,35.599998,40.599998,12.2,2017-10-01,Prince Edward Island,0,0,0,0,01oct2017,2017m10,2017,10,0,0,1,0,0,0,0,0,0,0,0,0,0,0,0,0,1,0,0,0,0,0,0,64.400002,0,0,0,1,1,1,1
Prince Edward Island,2017-11-01,Full-time students,32,38.799999,17.5,2017-11-01,Prince Edward Island,0,0,0,0,01nov2017,2017m11,2017,11,0,0,1,0,0,0,0,0,0,0,0,0,0,0,0,0,0,1,0,0,0,0,0,68,0,0,0,1,1,1,1
Prince Edward Island,2017-12-01,Full-time students,36.900002,44.700001,17.4,2017-12-01,Prince Edward Island,0,0,0,0,01dec2017,2017m12,2017,12,0,0,1,0,0,0,0,0,0,0,0,0,0,0,0,0,0,0,1,0,0,0,0,63.099998,0,0,0,1,1,1,1
Prince Edward Island,2018-01-01,Full-time students,35.799999,42.5,15.6,2018-01-01,Prince Edward Island,0,0,0,0,01jan2018,2018m1,2018,1,0,0,0,1,0,0,0,0,0,0,0,1,0,0,0,0,0,0,0,0,0,0,0,64.199997,0,0,0,1,1,1,1
Prince Edward Island,2018-02-01,Full-time students,36.099998,40.700001,11.4,2018-02-01,Prince Edward Island,0,0,0,0,01feb2018,2018m2,2018,2,0,0,0,1,0,0,0,0,0,0,0,0,1,0,0,0,0,0,0,0,0,0,0,63.900002,0,0,0,1,1,1,1
Prince Edward Island,2018-03-01,Full-time students,34,42.700001,20.5,2018-03-01,Prince Edward Island,0,0,0,0,01mar2018,2018m3,2018,3,0,0,0,1,0,0,0,0,0,0,0,0,0,1,0,0,0,0,0,0,0,0,0,66,0,0,0,1,1,1,1
Prince Edward Island,2018-04-01,Full-time students,37.400002,48.5,22.9,2018-04-01,Prince Edward Island,0,0,0,0,01apr2018,2018m4,2018,4,0,0,0,1,0,0,0,0,0,0,0,0,0,0,1,0,0,0,0,0,0,0,0,62.599998,0,0,0,1,1,1,1
Prince Edward Island,2018-09-01,Full-time students,40.200001,42.200001,4.6999998,2018-09-01,Prince Edward Island,0,0,0,0,01sep2018,2018m9,2018,9,0,0,0,1,0,0,0,0,0,0,0,0,0,0,0,1,0,0,0,0,0,0,0,59.799999,0,0,0,1,1,1,1
Prince Edward Island,2018-10-01,Full-time students,37.299999,40.200001,7.3000002,2018-10-01,Prince Edward Island,0,0,0,0,01oct2018,2018m10,2018,10,0,0,0,1,0,0,0,0,0,0,0,0,0,0,0,0,1,0,0,0,0,0,0,62.700001,0,0,0,1,1,1,1
Prince Edward Island,2018-11-01,Full-time students,32.400002,39.200001,15,2018-11-01,Prince Edward Island,0,0,0,0,01nov2018,2018m11,2018,11,0,0,0,1,0,0,0,0,0,0,0,0,0,0,0,0,0,1,0,0,0,0,0,67.599998,0,0,0,1,1,1,1
Prince Edward Island,2018-12-01,Full-time students,34.299999,40,14.3,2018-12-01,Prince Edward Island,0,0,0,0,01dec2018,2018m12,2018,12,0,0,0,1,0,0,0,0,0,0,0,0,0,0,0,0,0,0,1,0,0,0,0,65.699997,0,0,0,1,1,1,1
Prince Edward Island,2019-01-01,Full-time students,31.1,37.700001,15,2019-01-01,Prince Edward Island,0,0,0,0,01jan2019,2019m1,2019,1,0,0,0,0,1,0,0,0,0,0,0,1,0,0,0,0,0,0,0,0,0,0,0,68.900002,0,0,0,1,1,1,1
Prince Edward Island,2019-02-01,Full-time students,35.200001,38,7.3000002,2019-02-01,Prince Edward Island,0,0,0,0,01feb2019,2019m2,2019,2,0,0,0,0,1,0,0,0,0,0,0,0,1,0,0,0,0,0,0,0,0,0,0,64.800003,0,0,0,1,1,1,1
Prince Edward Island,2019-03-01,Full-time students,38.299999,43.900002,14.9,2019-03-01,Prince Edward Island,0,0,0,0,01mar2019,2019m3,2019,3,0,0,0,0,1,0,0,0,0,0,0,0,0,1,0,0,0,0,0,0,0,0,0,61.700001,0,0,0,1,1,1,1
Prince Edward Island,2019-04-01,Full-time students,30.5,36.799999,17.1,2019-04-01,Prince Edward Island,0,0,0,0,01apr2019,2019m4,2019,4,0,0,0,0,1,0,0,0,0,0,0,0,0,0,1,0,0,0,0,0,0,0,0,69.5,0,0,0,1,1,1,1
Prince Edward Island,2019-09-01,Full-time students,45.200001,52.700001,14.3,2019-09-01,Prince Edward Island,0,0,0,0,01sep2019,2019m9,2019,9,0,0,0,0,1,0,0,0,0,0,0,0,0,0,0,1,0,0,0,0,0,0,0,54.799999,0,0,0,1,1,1,1
Prince Edward Island,2019-10-01,Full-time students,44.900002,46.900002,4.3000002,2019-10-01,Prince Edward Island,0,0,0,0,01oct2019,2019m10,2019,10,0,0,0,0,1,0,0,0,0,0,0,0,0,0,0,0,1,0,0,0,0,0,0,55.099998,0,0,0,1,1,1,1
Prince Edward Island,2019-11-01,Full-time students,37.299999,45.099998,17.4,2019-11-01,Prince Edward Island,0,0,0,0,01nov2019,2019m11,2019,11,0,0,0,0,1,0,0,0,0,0,0,0,0,0,0,0,0,1,0,0,0,0,0,62.700001,0,0,0,1,1,1,1
Prince Edward Island,2019-12-01,Full-time students,37.599998,40.599998,9.8000002,2019-12-01,Prince Edward Island,0,0,0,0,01dec2019,2019m12,2019,12,0,0,0,0,1,0,0,0,0,0,0,0,0,0,0,0,0,0,1,0,0,0,0,62.400002,0,0,0,1,1,1,1
Prince Edward Island,2020-01-01,Full-time students,39.599998,45.900002,11.8,2020-01-01,Prince Edward Island,0,0,0,0,01jan2020,2020m1,2020,1,0,0,0,0,0,1,0,0,0,0,0,1,0,0,0,0,0,0,0,0,0,0,0,60.400002,0,0,0,1,1,1,1
Prince Edward Island,2020-02-01,Full-time students,40.200001,42,4.3000002,2020-02-01,Prince Edward Island,0,0,0,0,01feb2020,2020m2,2020,2,0,0,0,0,0,1,0,0,0,0,0,0,1,0,0,0,0,0,0,0,0,0,0,59.799999,0,0,0,1,1,1,1
Prince Edward Island,2020-03-01,Full-time students,25,30.700001,18.5,2020-03-01,Prince Edward Island,0,1,0,0,01mar2020,2020m3,2020,3,0,0,0,0,0,1,0,0,0,0,0,0,0,1,0,0,0,0,0,0,0,0,0,75,0,0,0,1,1,1,1
Prince Edward Island,2020-04-01,Full-time students,24.799999,33.299999,25.700001,2020-04-01,Prince Edward Island,0,1,0,0,01apr2020,2020m4,2020,4,0,0,0,0,0,1,0,0,0,0,0,0,0,0,1,0,0,0,0,0,0,0,0,75.199997,0,0,0,1,1,1,1
Prince Edward Island,2020-09-01,Full-time students,32.299999,37.099998,15.2,2020-09-01,Prince Edward Island,0,1,0,0,01sep2020,2020m9,2020,9,0,0,0,0,0,1,0,0,0,0,0,0,0,0,0,1,0,0,0,0,0,0,0,67.699997,0,0,0,1,1,1,1
Prince Edward Island,2020-10-01,Full-time students,31.4,38,17.4,2020-10-01,Prince Edward Island,0,1,0,0,01oct2020,2020m10,2020,10,0,0,0,0,0,1,0,0,0,0,0,0,0,0,0,0,1,0,0,0,0,0,0,68.599998,0,0,0,1,1,1,1
Prince Edward Island,2020-11-01,Full-time students,31.6,42.099998,25,2020-11-01,Prince Edward Island,0,1,0,0,01nov2020,2020m11,2020,11,0,0,0,0,0,1,0,0,0,0,0,0,0,0,0,0,0,1,0,0,0,0,0,68.400002,0,0,0,1,1,1,1
Prince Edward Island,2020-12-01,Full-time students,27,35.700001,22,2020-12-01,Prince Edward Island,0,1,0,0,01dec2020,2020m12,2020,12,0,0,0,0,0,1,0,0,0,0,0,0,0,0,0,0,0,0,1,0,0,0,0,73,0,0,0,1,1,1,1
Prince Edward Island,2021-01-01,Full-time students,30.700001,36,14.6,2021-01-01,Prince Edward Island,0,1,0,0,01jan2021,2021m1,2021,1,0,0,0,0,0,0,1,0,0,0,0,1,0,0,0,0,0,0,0,0,0,0,0,69.300003,0,0,0,1,1,1,1
Prince Edward Island,2021-02-01,Full-time students,25,31.5,20.6,2021-02-01,Prince Edward Island,0,1,0,0,01feb2021,2021m2,2021,2,0,0,0,0,0,0,1,0,0,0,0,0,1,0,0,0,0,0,0,0,0,0,0,75,0,0,0,1,1,1,1
Prince Edward Island,2021-03-01,Full-time students,29.1,36.400002,20,2021-03-01,Prince Edward Island,0,1,0,0,01mar2021,2021m3,2021,3,0,0,0,0,0,0,1,0,0,0,0,0,0,1,0,0,0,0,0,0,0,0,0,70.900002,0,0,0,1,1,1,1
Prince Edward Island,2021-04-01,Full-time students,30.700001,37.700001,20.9,2021-04-01,Prince Edward Island,0,1,0,0,01apr2021,2021m4,2021,4,0,0,0,0,0,0,1,0,0,0,0,0,0,0,1,0,0,0,0,0,0,0,0,69.300003,0,0,0,1,1,1,1
Prince Edward Island,2021-09-01,Full-time students,39.099998,46.099998,15.1,2021-09-01,Prince Edward Island,0,1,0,0,01sep2021,2021m9,2021,9,0,0,0,0,0,0,1,0,0,0,0,0,0,0,0,1,0,0,0,0,0,0,0,60.900002,0,0,0,1,1,1,1
Prince Edward Island,2021-10-01,Full-time students,33.900002,40.900002,17,2021-10-01,Prince Edward Island,0,1,0,0,01oct2021,2021m10,2021,10,0,0,0,0,0,0,1,0,0,0,0,0,0,0,0,0,1,0,0,0,0,0,0,66.099998,0,0,0,1,1,1,1
Prince Edward Island,2021-11-01,Full-time students,39.200001,48.5,19,2021-11-01,Prince Edward Island,0,1,0,0,01nov2021,2021m11,2021,11,0,0,0,0,0,0,1,0,0,0,0,0,0,0,0,0,0,1,0,0,0,0,0,60.799999,0,0,0,1,1,1,1
Prince Edward Island,2021-12-01,Full-time students,39.5,44.400002,10.9,2021-12-01,Prince Edward Island,0,1,0,0,01dec2021,2021m12,2021,12,0,0,0,0,0,0,1,0,0,0,0,0,0,0,0,0,0,0,1,0,0,0,0,60.5,0,0,0,1,1,1,1
Prince Edward Island,2022-01-01,Full-time students,25.799999,35.5,27.299999,2022-01-01,Prince Edward Island,0,1,0,0,01jan2022,2022m1,2022,1,0,0,0,0,0,0,0,1,0,0,0,1,0,0,0,0,0,0,0,0,0,0,0,74.199997,0,0,0,1,1,1,1
Prince Edward Island,2022-02-01,Full-time students,31.1,38.5,19.1,2022-02-01,Prince Edward Island,0,1,0,0,01feb2022,2022m2,2022,2,0,0,0,0,0,0,0,1,0,0,0,0,1,0,0,0,0,0,0,0,0,0,0,68.900002,0,0,0,1,1,1,1
Prince Edward Island,2022-03-01,Full-time students,38,42.599998,12.7,2022-03-01,Prince Edward Island,0,1,0,0,01mar2022,2022m3,2022,3,0,0,0,0,0,0,0,1,0,0,0,0,0,1,0,0,0,0,0,0,0,0,0,62,0,0,0,1,1,1,1
Prince Edward Island,2022-04-01,Full-time students,36,40.799999,11.8,2022-04-01,Prince Edward Island,0,1,0,0,01apr2022,2022m4,2022,4,0,0,0,0,0,0,0,1,0,0,0,0,0,0,1,0,0,0,0,0,0,0,0,64,0,0,0,1,1,1,1
Prince Edward Island,2022-09-01,Full-time students,32.799999,39.799999,17.6,2022-09-01,Prince Edward Island,0,1,0,0,01sep2022,2022m9,2022,9,0,0,0,0,0,0,0,1,0,0,0,0,0,0,0,1,0,0,0,0,0,0,0,67.199997,0,0,0,1,1,1,1
Prince Edward Island,2022-10-01,Full-time students,29.1,35.900002,19,2022-10-01,Prince Edward Island,0,1,0,0,01oct2022,2022m10,2022,10,0,0,0,0,0,0,0,1,0,0,0,0,0,0,0,0,1,0,0,0,0,0,0,70.900002,0,0,0,1,1,1,1
Prince Edward Island,2022-11-01,Full-time students,27.1,30.799999,12.2,2022-11-01,Prince Edward Island,0,1,0,0,01nov2022,2022m11,2022,11,0,0,0,0,0,0,0,1,0,0,0,0,0,0,0,0,0,1,0,0,0,0,0,72.900002,0,0,0,1,1,1,1
Prince Edward Island,2022-12-01,Full-time students,29.200001,32.099998,9.1000004,2022-12-01,Prince Edward Island,0,1,0,0,01dec2022,2022m12,2022,12,0,0,0,0,0,0,0,1,0,0,0,0,0,0,0,0,0,0,1,0,0,0,0,70.800003,0,0,0,1,1,1,1
Prince Edward Island,2023-01-01,Full-time students,27.5,32.099998,14.3,2023-01-01,Prince Edward Island,0,1,0,0,01jan2023,2023m1,2023,1,0,0,0,0,0,0,0,0,1,0,0,1,0,0,0,0,0,0,0,0,0,0,0,72.5,0,0,0,1,1,1,1
Prince Edward Island,2023-02-01,Full-time students,28,35.200001,20.5,2023-02-01,Prince Edward Island,0,1,0,0,01feb2023,2023m2,2023,2,0,0,0,0,0,0,0,0,1,0,0,0,1,0,0,0,0,0,0,0,0,0,0,72,0,0,0,1,1,1,1
Prince Edward Island,2023-03-01,Full-time students,33.299999,40.200001,17,2023-03-01,Prince Edward Island,0,1,0,0,01mar2023,2023m3,2023,3,0,0,0,0,0,0,0,0,1,0,0,0,0,1,0,0,0,0,0,0,0,0,0,66.699997,0,0,0,1,1,1,1
Prince Edward Island,2023-04-01,Full-time students,33.299999,38.200001,12.8,2023-04-01,Prince Edward Island,0,1,0,0,01apr2023,2023m4,2023,4,0,0,0,0,0,0,0,0,1,0,0,0,0,0,1,0,0,0,0,0,0,0,0,66.699997,0,0,0,1,1,1,1
Prince Edward Island,2023-09-01,Full-time students,42.700001,47.599998,10.2,2023-09-01,Prince Edward Island,0,1,0,0,01sep2023,2023m9,2023,9,0,0,0,0,0,0,0,0,1,0,0,0,0,0,0,1,0,0,0,0,0,0,0,57.299999,0,0,0,1,1,1,1
Prince Edward Island,2023-10-01,Full-time students,36.900002,41.5,11.1,2023-10-01,Prince Edward Island,0,1,0,0,01oct2023,2023m10,2023,10,0,0,0,0,0,0,0,0,1,0,0,0,0,0,0,0,1,0,0,0,0,0,0,63.099998,0,0,0,1,1,1,1
Prince Edward Island,2023-11-01,Full-time students,31.1,37.900002,20,2023-11-01,Prince Edward Island,0,1,0,0,01nov2023,2023m11,2023,11,0,0,0,0,0,0,0,0,1,0,0,0,0,0,0,0,0,1,0,0,0,0,0,68.900002,0,0,0,1,1,1,1
Prince Edward Island,2023-12-01,Full-time students,35.299999,40.599998,13,2023-12-01,Prince Edward Island,0,1,0,0,01dec2023,2023m12,2023,12,0,0,0,0,0,0,0,0,1,0,0,0,0,0,0,0,0,0,1,0,0,0,0,64.699997,0,0,0,1,1,1,1
Prince Edward Island,2024-01-01,Full-time students,32.5,39.200001,17,2024-01-01,Prince Edward Island,0,1,0,0,01jan2024,2024m1,2024,1,0,0,0,0,0,0,0,0,0,1,0,1,0,0,0,0,0,0,0,0,0,0,0,67.5,0,0,0,1,1,1,1
Prince Edward Island,2024-02-01,Full-time students,39.400002,46,14.3,2024-02-01,Prince Edward Island,0,1,0,0,01feb2024,2024m2,2024,2,0,0,0,0,0,0,0,0,0,1,0,0,1,0,0,0,0,0,0,0,0,0,0,60.599998,0,0,0,1,1,1,1
Prince Edward Island,2024-03-01,Full-time students,31.9,37.799999,15.7,2024-03-01,Prince Edward Island,0,1,0,0,01mar2024,2024m3,2024,3,0,0,0,0,0,0,0,0,0,1,0,0,0,1,0,0,0,0,0,0,0,0,0,68.099998,0,0,0,1,1,1,1
Prince Edward Island,2024-04-01,Full-time students,29.5,35.599998,17,2024-04-01,Prince Edward Island,0,1,0,0,01apr2024,2024m4,2024,4,0,0,0,0,0,0,0,0,0,1,0,0,0,0,1,0,0,0,0,0,0,0,0,70.5,0,0,0,1,1,1,1
Prince Edward Island,2024-09-01,Full-time students,37.200001,40.900002,8.8999996,2024-09-01,Prince Edward Island,0,1,0,0,01sep2024,2024m9,2024,9,0,0,0,0,0,0,0,0,0,1,0,0,0,0,0,1,0,0,0,0,0,0,0,62.799999,0,0,0,1,1,1,1
Prince Edward Island,2024-10-01,Full-time students,33.900002,39.400002,14,2024-10-01,Prince Edward Island,0,1,0,0,01oct2024,2024m10,2024,10,0,0,0,0,0,0,0,0,0,1,0,0,0,0,0,0,1,0,0,0,0,0,0,66.099998,0,0,0,1,1,1,1
Prince Edward Island,2024-11-01,Full-time students,32.799999,38.400002,14.6,2024-11-01,Prince Edward Island,0,1,0,0,01nov2024,2024m11,2024,11,0,0,0,0,0,0,0,0,0,1,0,0,0,0,0,0,0,1,0,0,0,0,0,67.199997,0,0,0,1,1,1,1
Prince Edward Island,2024-12-01,Full-time students,38.099998,42.5,10.5,2024-12-01,Prince Edward Island,0,1,0,0,01dec2024,2024m12,2024,12,0,0,0,0,0,0,0,0,0,1,0,0,0,0,0,0,0,0,1,0,0,0,0,61.900002,0,0,0,1,1,1,1
Prince Edward Island,2025-01-01,Full-time students,34.299999,36.599998,6.0999999,2025-01-01,Prince Edward Island,0,1,0,0,01jan2025,2025m1,2025,1,0,0,0,0,0,0,0,0,0,0,1,1,0,0,0,0,0,0,0,0,0,0,0,65.699997,0,0,0,1,1,1,1
Prince Edward Island,2025-02-01,Full-time students,30.4,38.5,21.200001,2025-02-01,Prince Edward Island,0,1,0,0,01feb2025,2025m2,2025,2,0,0,0,0,0,0,0,0,0,0,1,0,1,0,0,0,0,0,0,0,0,0,0,69.599998,0,0,0,1,1,1,1
Prince Edward Island,2025-03-01,Full-time students,33.099998,41.5,20.4,2025-03-01,Prince Edward Island,0,1,0,0,01mar2025,2025m3,2025,3,0,0,0,0,0,0,0,0,0,0,1,0,0,1,0,0,0,0,0,0,0,0,0,66.900002,0,0,0,1,1,1,1
Prince Edward Island,2025-04-01,Full-time students,31.6,38.5,17.799999,2025-04-01,Prince Edward Island,0,1,0,0,01apr2025,2025m4,2025,4,0,0,0,0,0,0,0,0,0,0,1,0,0,0,1,0,0,0,0,0,0,0,0,68.400002,0,0,0,1,1,1,1
Prince Edward Island,2025-09-01,Full-time students,39.5,43.700001,9.6000004,2025-09-01,Prince Edward Island,0,1,0,0,01sep2025,2025m9,2025,9,0,0,0,0,0,0,0,0,0,0,1,0,0,0,0,1,0,0,0,0,0,0,0,60.5,0,0,0,1,1,1,1
Prince Edward Island,2025-10-01,Full-time students,30.799999,36.200001,14.9,2025-10-01,Prince Edward Island,0,1,0,0,01oct2025,2025m10,2025,10,0,0,0,0,0,0,0,0,0,0,1,0,0,0,0,0,1,0,0,0,0,0,0,69.199997,0,0,0,1,1,1,1
Prince Edward Island,2025-11-01,Full-time students,35.700001,37.200001,4.1999998,2025-11-01,Prince Edward Island,0,1,0,0,01nov2025,2025m11,2025,11,0,0,0,0,0,0,0,0,0,0,1,0,0,0,0,0,0,1,0,0,0,0,0,64.300003,0,0,0,1,1,1,1
Prince Edward Island,2025-12-01,Full-time students,30.6,32.799999,6.8000002,2025-12-01,Prince Edward Island,0,1,0,0,01dec2025,2025m12,2025,12,0,0,0,0,0,0,0,0,0,0,1,0,0,0,0,0,0,0,1,0,0,0,0,69.400002,0,0,0,1,1,1,1
Quebec,2015-01-01,Full-time students,44.400002,49.599998,10.4,2015-01-01,Quebec,1,0,0,1,01jan2015,2015m1,2015,1,1,0,0,0,0,0,0,0,0,0,0,1,0,0,0,0,0,0,0,0,0,0,0,55.599998,0,0,,1,1,1,1
Quebec,2015-02-01,Full-time students,46.700001,53,11.8,2015-02-01,Quebec,1,0,0,1,01feb2015,2015m2,2015,2,1,0,0,0,0,0,0,0,0,0,0,0,1,0,0,0,0,0,0,0,0,0,0,53.299999,0,0,,1,1,1,1
Quebec,2015-03-01,Full-time students,46,53.900002,14.7,2015-03-01,Quebec,1,0,0,1,01mar2015,2015m3,2015,3,1,0,0,0,0,0,0,0,0,0,0,0,0,1,0,0,0,0,0,0,0,0,0,54,0,0,,1,1,1,1
Quebec,2015-04-01,Full-time students,44.599998,53.599998,16.799999,2015-04-01,Quebec,1,0,0,1,01apr2015,2015m4,2015,4,1,0,0,0,0,0,0,0,0,0,0,0,0,0,1,0,0,0,0,0,0,0,0,55.400002,0,0,,1,1,1,1
Quebec,2015-09-01,Full-time students,47.200001,53.5,11.8,2015-09-01,Quebec,1,0,0,1,01sep2015,2015m9,2015,9,1,0,0,0,0,0,0,0,0,0,0,0,0,0,0,1,0,0,0,0,0,0,0,52.799999,0,0,,1,1,1,1
Quebec,2015-10-01,Full-time students,47.700001,53.299999,10.5,2015-10-01,Quebec,1,0,0,1,01oct2015,2015m10,2015,10,1,0,0,0,0,0,0,0,0,0,0,0,0,0,0,0,1,0,0,0,0,0,0,52.299999,0,0,,1,1,1,1
Quebec,2015-11-01,Full-time students,46,51.099998,10,2015-11-01,Quebec,1,0,0,1,01nov2015,2015m11,2015,11,1,0,0,0,0,0,0,0,0,0,0,0,0,0,0,0,0,1,0,0,0,0,0,54,0,0,,1,1,1,1
Quebec,2015-12-01,Full-time students,46.799999,51.5,9.1999998,2015-12-01,Quebec,1,0,0,1,01dec2015,2015m12,2015,12,1,0,0,0,0,0,0,0,0,0,0,0,0,0,0,0,0,0,1,0,0,0,0,53.200001,0,0,,1,1,1,1
Quebec,2016-01-01,Full-time students,41.700001,48.599998,14.3,2016-01-01,Quebec,1,0,0,1,01jan2016,2016m1,2016,1,0,1,0,0,0,0,0,0,0,0,0,1,0,0,0,0,0,0,0,1,0,0,0,58.299999,0,0,,1,1,1,1
Quebec,2016-02-01,Full-time students,44.299999,51,13.1,2016-02-01,Quebec,1,0,0,1,01feb2016,2016m2,2016,2,0,1,0,0,0,0,0,0,0,0,0,0,1,0,0,0,0,0,0,1,0,0,0,55.700001,0,0,,1,1,1,1
Quebec,2016-03-01,Full-time students,45.299999,51.700001,12.4,2016-03-01,Quebec,1,0,0,1,01mar2016,2016m3,2016,3,0,1,0,0,0,0,0,0,0,0,0,0,0,1,0,0,0,0,0,1,0,0,0,54.700001,0,0,,1,1,1,1
Quebec,2016-04-01,Full-time students,43.900002,52,15.5,2016-04-01,Quebec,1,0,0,1,01apr2016,2016m4,2016,4,0,1,0,0,0,0,0,0,0,0,0,0,0,0,1,0,0,0,0,1,0,0,0,56.099998,0,0,,1,1,1,1
Quebec,2016-09-01,Full-time students,45.200001,51.400002,12.1,2016-09-01,Quebec,1,0,0,1,01sep2016,2016m9,2016,9,0,1,0,0,0,0,0,0,0,0,0,0,0,0,0,1,0,0,0,1,0,0,0,54.799999,0,0,,1,1,1,1
Quebec,2016-10-01,Full-time students,47.400002,52.700001,10,2016-10-01,Quebec,1,0,0,1,01oct2016,2016m10,2016,10,0,1,0,0,0,0,0,0,0,0,0,0,0,0,0,0,1,0,0,1,0,0,0,52.599998,0,0,,1,1,1,1
Quebec,2016-11-01,Full-time students,49.099998,52.5,6.5999999,2016-11-01,Quebec,1,0,0,1,01nov2016,2016m11,2016,11,0,1,0,0,0,0,0,0,0,0,0,0,0,0,0,0,0,1,0,1,0,0,0,50.900002,0,0,,1,1,1,1
Quebec,2016-12-01,Full-time students,48.799999,52.200001,6.4000001,2016-12-01,Quebec,1,0,0,1,01dec2016,2016m12,2016,12,0,1,0,0,0,0,0,0,0,0,0,0,0,0,0,0,0,0,1,1,0,0,0,51.200001,0,0,,1,1,1,1
Quebec,2017-01-01,Full-time students,45.299999,49.700001,8.8000002,2017-01-01,Quebec,1,0,0,1,01jan2017,2017m1,2017,1,0,0,1,0,0,0,0,0,0,0,0,1,0,0,0,0,0,0,0,0,1,0,0,54.700001,0,0,,1,1,1,1
Quebec,2017-02-01,Full-time students,47.299999,52.5,9.8999996,2017-02-01,Quebec,1,0,0,1,01feb2017,2017m2,2017,2,0,0,1,0,0,0,0,0,0,0,0,0,1,0,0,0,0,0,0,0,1,0,0,52.700001,0,0,,1,1,1,1
Quebec,2017-03-01,Full-time students,46.700001,51.799999,9.8999996,2017-03-01,Quebec,1,0,0,1,01mar2017,2017m3,2017,3,0,0,1,0,0,0,0,0,0,0,0,0,0,1,0,0,0,0,0,0,1,0,0,53.299999,0,0,,1,1,1,1
Quebec,2017-04-01,Full-time students,47.700001,52.900002,9.8000002,2017-04-01,Quebec,1,0,0,1,01apr2017,2017m4,2017,4,0,0,1,0,0,0,0,0,0,0,0,0,0,0,1,0,0,0,0,0,1,0,0,52.299999,0,0,,1,1,1,1
Quebec,2017-09-01,Full-time students,47.5,51.900002,8.5,2017-09-01,Quebec,1,0,0,1,01sep2017,2017m9,2017,9,0,0,1,0,0,0,0,0,0,0,0,0,0,0,0,1,0,0,0,0,1,0,0,52.5,0,0,,1,1,1,1
Quebec,2017-10-01,Full-time students,48.299999,53.5,9.6999998,2017-10-01,Quebec,1,0,0,1,01oct2017,2017m10,2017,10,0,0,1,0,0,0,0,0,0,0,0,0,0,0,0,0,1,0,0,0,1,0,0,51.700001,0,0,,1,1,1,1
Quebec,2017-11-01,Full-time students,47.700001,52.5,9.1000004,2017-11-01,Quebec,1,0,0,1,01nov2017,2017m11,2017,11,0,0,1,0,0,0,0,0,0,0,0,0,0,0,0,0,0,1,0,0,1,0,0,52.299999,0,0,,1,1,1,1
Quebec,2017-12-01,Full-time students,49.5,52.400002,5.5,2017-12-01,Quebec,1,0,0,1,01dec2017,2017m12,2017,12,0,0,1,0,0,0,0,0,0,0,0,0,0,0,0,0,0,0,1,0,1,0,0,50.5,0,0,,1,1,1,1
Quebec,2018-01-01,Full-time students,46.400002,51.099998,9.1999998,2018-01-01,Quebec,1,0,0,1,01jan2018,2018m1,2018,1,0,0,0,1,0,0,0,0,0,0,0,1,0,0,0,0,0,0,0,0,0,1,0,53.599998,0,0,,1,1,1,1
Quebec,2018-02-01,Full-time students,48.700001,54.099998,9.8999996,2018-02-01,Quebec,1,0,0,1,01feb2018,2018m2,2018,2,0,0,0,1,0,0,0,0,0,0,0,0,1,0,0,0,0,0,0,0,0,1,0,51.299999,0,0,,1,1,1,1
Quebec,2018-03-01,Full-time students,45.5,50.5,9.8999996,2018-03-01,Quebec,1,0,0,1,01mar2018,2018m3,2018,3,0,0,0,1,0,0,0,0,0,0,0,0,0,1,0,0,0,0,0,0,0,1,0,54.5,0,0,,1,1,1,1
Quebec,2018-04-01,Full-time students,46.200001,51.900002,11,2018-04-01,Quebec,1,0,0,1,01apr2018,2018m4,2018,4,0,0,0,1,0,0,0,0,0,0,0,0,0,0,1,0,0,0,0,0,0,1,0,53.799999,0,0,,1,1,1,1
Quebec,2018-09-01,Full-time students,47.5,52.700001,9.8999996,2018-09-01,Quebec,1,0,0,1,01sep2018,2018m9,2018,9,0,0,0,1,0,0,0,0,0,0,0,0,0,0,0,1,0,0,0,0,0,1,0,52.5,0,0,,1,1,1,1
Quebec,2018-10-01,Full-time students,49.5,54.200001,8.6999998,2018-10-01,Quebec,1,0,0,1,01oct2018,2018m10,2018,10,0,0,0,1,0,0,0,0,0,0,0,0,0,0,0,0,1,0,0,0,0,1,0,50.5,0,0,,1,1,1,1
Quebec,2018-11-01,Full-time students,49.299999,53.400002,7.6999998,2018-11-01,Quebec,1,0,0,1,01nov2018,2018m11,2018,11,0,0,0,1,0,0,0,0,0,0,0,0,0,0,0,0,0,1,0,0,0,1,0,50.700001,0,0,,1,1,1,1
Quebec,2018-12-01,Full-time students,48.700001,51.700001,6,2018-12-01,Quebec,1,0,0,1,01dec2018,2018m12,2018,12,0,0,0,1,0,0,0,0,0,0,0,0,0,0,0,0,0,0,1,0,0,1,0,51.299999,0,0,,1,1,1,1
Quebec,2019-01-01,Full-time students,48.200001,51.700001,6.6999998,2019-01-01,Quebec,1,0,0,1,01jan2019,2019m1,2019,1,0,0,0,0,1,0,0,0,0,0,0,1,0,0,0,0,0,0,0,0,0,0,1,51.799999,0,0,,1,1,1,1
Quebec,2019-02-01,Full-time students,49.299999,53.599998,8,2019-02-01,Quebec,1,0,0,1,01feb2019,2019m2,2019,2,0,0,0,0,1,0,0,0,0,0,0,0,1,0,0,0,0,0,0,0,0,0,1,50.700001,0,0,,1,1,1,1
Quebec,2019-03-01,Full-time students,49.200001,54.200001,9.1999998,2019-03-01,Quebec,1,0,0,1,01mar2019,2019m3,2019,3,0,0,0,0,1,0,0,0,0,0,0,0,0,1,0,0,0,0,0,0,0,0,1,50.799999,0,0,,1,1,1,1
Quebec,2019-04-01,Full-time students,50.799999,54.599998,7,2019-04-01,Quebec,1,0,0,1,01apr2019,2019m4,2019,4,0,0,0,0,1,0,0,0,0,0,0,0,0,0,1,0,0,0,0,0,0,0,1,49.200001,0,0,,1,1,1,1
Quebec,2019-09-01,Full-time students,52.599998,58.299999,9.8000002,2019-09-01,Quebec,1,0,0,1,01sep2019,2019m9,2019,9,0,0,0,0,1,0,0,0,0,0,0,0,0,0,0,1,0,0,0,0,0,0,1,47.400002,0,0,,1,1,1,1
Quebec,2019-10-01,Full-time students,52.200001,56.799999,8.1000004,2019-10-01,Quebec,1,0,0,1,01oct2019,2019m10,2019,10,0,0,0,0,1,0,0,0,0,0,0,0,0,0,0,0,1,0,0,0,0,0,1,47.799999,0,0,,1,1,1,1
Quebec,2019-11-01,Full-time students,51.900002,55.700001,6.6999998,2019-11-01,Quebec,1,0,0,1,01nov2019,2019m11,2019,11,0,0,0,0,1,0,0,0,0,0,0,0,0,0,0,0,0,1,0,0,0,0,1,48.099998,0,0,,1,1,1,1
Quebec,2019-12-01,Full-time students,54.099998,57.5,5.9000001,2019-12-01,Quebec,1,0,0,1,01dec2019,2019m12,2019,12,0,0,0,0,1,0,0,0,0,0,0,0,0,0,0,0,0,0,1,0,0,0,1,45.900002,0,0,,1,1,1,1
Quebec,2020-01-01,Full-time students,49.200001,54.099998,9,2020-01-01,Quebec,1,0,0,1,01jan2020,2020m1,2020,1,0,0,0,0,0,1,0,0,0,0,0,1,0,0,0,0,0,0,0,0,0,0,0,50.799999,0,0,,1,1,1,1
Quebec,2020-02-01,Full-time students,53.200001,55.599998,4.4000001,2020-02-01,Quebec,1,0,0,1,01feb2020,2020m2,2020,2,0,0,0,0,0,1,0,0,0,0,0,0,1,0,0,0,0,0,0,0,0,0,0,46.799999,0,0,,1,1,1,1
Quebec,2020-03-01,Full-time students,42.5,53.400002,20.299999,2020-03-01,Quebec,1,1,1,1,01mar2020,2020m3,2020,3,0,0,0,0,0,1,0,0,0,0,0,0,0,1,0,0,0,0,0,0,0,0,0,57.5,0,0,,1,1,1,1
Quebec,2020-04-01,Full-time students,29.4,47.299999,37.799999,2020-04-01,Quebec,1,1,1,1,01apr2020,2020m4,2020,4,0,0,0,0,0,1,0,0,0,0,0,0,0,0,1,0,0,0,0,0,0,0,0,70.599998,0,0,,1,1,1,1
Quebec,2020-09-01,Full-time students,51.400002,58.900002,12.8,2020-09-01,Quebec,1,1,1,1,01sep2020,2020m9,2020,9,0,0,0,0,0,1,0,0,0,0,0,0,0,0,0,1,0,0,0,0,0,0,0,48.599998,0,0,,1,1,1,1
Quebec,2020-10-01,Full-time students,50.299999,57,11.7,2020-10-01,Quebec,1,1,1,1,01oct2020,2020m10,2020,10,0,0,0,0,0,1,0,0,0,0,0,0,0,0,0,0,1,0,0,0,0,0,0,49.700001,0,0,,1,1,1,1
Quebec,2020-11-01,Full-time students,49.400002,54.799999,9.8999996,2020-11-01,Quebec,1,1,1,1,01nov2020,2020m11,2020,11,0,0,0,0,0,1,0,0,0,0,0,0,0,0,0,0,0,1,0,0,0,0,0,50.599998,0,0,,1,1,1,1
Quebec,2020-12-01,Full-time students,47.099998,50.200001,6.1999998,2020-12-01,Quebec,1,1,1,1,01dec2020,2020m12,2020,12,0,0,0,0,0,1,0,0,0,0,0,0,0,0,0,0,0,0,1,0,0,0,0,52.900002,0,0,,1,1,1,1
Quebec,2021-01-01,Full-time students,35,43.5,19.6,2021-01-01,Quebec,1,1,1,1,01jan2021,2021m1,2021,1,0,0,0,0,0,0,1,0,0,0,0,1,0,0,0,0,0,0,0,0,0,0,0,65,0,0,,1,1,1,1
Quebec,2021-02-01,Full-time students,44.700001,50.5,11.5,2021-02-01,Quebec,1,1,1,1,01feb2021,2021m2,2021,2,0,0,0,0,0,0,1,0,0,0,0,0,1,0,0,0,0,0,0,0,0,0,0,55.299999,0,0,,1,1,1,1
Quebec,2021-03-01,Full-time students,44.900002,52.799999,14.9,2021-03-01,Quebec,1,1,1,1,01mar2021,2021m3,2021,3,0,0,0,0,0,0,1,0,0,0,0,0,0,1,0,0,0,0,0,0,0,0,0,55.099998,0,0,,1,1,1,1
Quebec,2021-04-01,Full-time students,43,51.299999,16.200001,2021-04-01,Quebec,1,1,1,1,01apr2021,2021m4,2021,4,0,0,0,0,0,0,1,0,0,0,0,0,0,0,1,0,0,0,0,0,0,0,0,57,0,0,,1,1,1,1
Quebec,2021-09-01,Full-time students,52.200001,57.5,9.1000004,2021-09-01,Quebec,1,1,1,1,01sep2021,2021m9,2021,9,0,0,0,0,0,0,1,0,0,0,0,0,0,0,0,1,0,0,0,0,0,0,0,47.799999,0,0,,1,1,1,1
Quebec,2021-10-01,Full-time students,52.599998,56,6.0999999,2021-10-01,Quebec,1,1,1,1,01oct2021,2021m10,2021,10,0,0,0,0,0,0,1,0,0,0,0,0,0,0,0,0,1,0,0,0,0,0,0,47.400002,0,0,,1,1,1,1
Quebec,2021-11-01,Full-time students,54.299999,56.700001,4.1999998,2021-11-01,Quebec,1,1,1,1,01nov2021,2021m11,2021,11,0,0,0,0,0,0,1,0,0,0,0,0,0,0,0,0,0,1,0,0,0,0,0,45.700001,0,0,,1,1,1,1
Quebec,2021-12-01,Full-time students,54.299999,57.799999,6.1999998,2021-12-01,Quebec,1,1,1,1,01dec2021,2021m12,2021,12,0,0,0,0,0,0,1,0,0,0,0,0,0,0,0,0,0,0,1,0,0,0,0,45.700001,0,0,,1,1,1,1
Quebec,2022-01-01,Full-time students,44.799999,50.299999,10.9,2022-01-01,Quebec,1,1,1,1,01jan2022,2022m1,2022,1,0,0,0,0,0,0,0,1,0,0,0,1,0,0,0,0,0,0,0,0,0,0,0,55.200001,0,0,,1,1,1,1
Quebec,2022-02-01,Full-time students,52.200001,54.799999,4.9000001,2022-02-01,Quebec,1,1,1,1,01feb2022,2022m2,2022,2,0,0,0,0,0,0,0,1,0,0,0,0,1,0,0,0,0,0,0,0,0,0,0,47.799999,0,0,,1,1,1,1
Quebec,2022-03-01,Full-time students,50,52.700001,5,2022-03-01,Quebec,1,1,1,1,01mar2022,2022m3,2022,3,0,0,0,0,0,0,0,1,0,0,0,0,0,1,0,0,0,0,0,0,0,0,0,50,0,0,,1,1,1,1
Quebec,2022-04-01,Full-time students,49.200001,53.299999,7.5999999,2022-04-01,Quebec,1,1,1,1,01apr2022,2022m4,2022,4,0,0,0,0,0,0,0,1,0,0,0,0,0,0,1,0,0,0,0,0,0,0,0,50.799999,0,0,,1,1,1,1
Quebec,2022-09-01,Full-time students,51.400002,55.900002,8.1000004,2022-09-01,Quebec,1,1,1,1,01sep2022,2022m9,2022,9,0,0,0,0,0,0,0,1,0,0,0,0,0,0,0,1,0,0,0,0,0,0,0,48.599998,0,0,,1,1,1,1
Quebec,2022-10-01,Full-time students,51.099998,54.299999,5.8000002,2022-10-01,Quebec,1,1,1,1,01oct2022,2022m10,2022,10,0,0,0,0,0,0,0,1,0,0,0,0,0,0,0,0,1,0,0,0,0,0,0,48.900002,0,0,,1,1,1,1
Quebec,2022-11-01,Full-time students,51.400002,54.700001,6,2022-11-01,Quebec,1,1,1,1,01nov2022,2022m11,2022,11,0,0,0,0,0,0,0,1,0,0,0,0,0,0,0,0,0,1,0,0,0,0,0,48.599998,0,0,,1,1,1,1
Quebec,2022-12-01,Full-time students,53.799999,57.200001,6,2022-12-01,Quebec,1,1,1,1,01dec2022,2022m12,2022,12,0,0,0,0,0,0,0,1,0,0,0,0,0,0,0,0,0,0,1,0,0,0,0,46.200001,0,0,,1,1,1,1
Quebec,2023-01-01,Full-time students,52.400002,55.700001,6,2023-01-01,Quebec,1,1,1,1,01jan2023,2023m1,2023,1,0,0,0,0,0,0,0,0,1,0,0,1,0,0,0,0,0,0,0,0,0,0,0,47.599998,0,0,,1,1,1,1
Quebec,2023-02-01,Full-time students,51.700001,55.5,6.9000001,2023-02-01,Quebec,1,1,1,1,01feb2023,2023m2,2023,2,0,0,0,0,0,0,0,0,1,0,0,0,1,0,0,0,0,0,0,0,0,0,0,48.299999,0,0,,1,1,1,1
Quebec,2023-03-01,Full-time students,54.099998,58.700001,7.8000002,2023-03-01,Quebec,1,1,1,1,01mar2023,2023m3,2023,3,0,0,0,0,0,0,0,0,1,0,0,0,0,1,0,0,0,0,0,0,0,0,0,45.900002,0,0,,1,1,1,1
Quebec,2023-04-01,Full-time students,53.200001,56.900002,6.4000001,2023-04-01,Quebec,1,1,1,1,01apr2023,2023m4,2023,4,0,0,0,0,0,0,0,0,1,0,0,0,0,0,1,0,0,0,0,0,0,0,0,46.799999,0,0,,1,1,1,1
Quebec,2023-09-01,Full-time students,53.700001,56.799999,5.5,2023-09-01,Quebec,1,1,1,1,01sep2023,2023m9,2023,9,0,0,0,0,0,0,0,0,1,0,0,0,0,0,0,1,0,0,0,0,0,0,0,46.299999,0,0,,1,1,1,1
Quebec,2023-10-01,Full-time students,51.799999,56.400002,8.1999998,2023-10-01,Quebec,1,1,1,1,01oct2023,2023m10,2023,10,0,0,0,0,0,0,0,0,1,0,0,0,0,0,0,0,1,0,0,0,0,0,0,48.200001,0,0,,1,1,1,1
Quebec,2023-11-01,Full-time students,53,56.099998,5.5,2023-11-01,Quebec,1,1,1,1,01nov2023,2023m11,2023,11,0,0,0,0,0,0,0,0,1,0,0,0,0,0,0,0,0,1,0,0,0,0,0,47,0,0,,1,1,1,1
Quebec,2023-12-01,Full-time students,53.799999,56.700001,5,2023-12-01,Quebec,1,1,1,1,01dec2023,2023m12,2023,12,0,0,0,0,0,0,0,0,1,0,0,0,0,0,0,0,0,0,1,0,0,0,0,46.200001,0,0,,1,1,1,1
Quebec,2024-01-01,Full-time students,50.099998,53.799999,6.8000002,2024-01-01,Quebec,1,1,1,1,01jan2024,2024m1,2024,1,0,0,0,0,0,0,0,0,0,1,0,1,0,0,0,0,0,0,0,0,0,0,0,49.900002,0,0,,1,1,1,1
Quebec,2024-02-01,Full-time students,50,53.700001,6.9000001,2024-02-01,Quebec,1,1,1,1,01feb2024,2024m2,2024,2,0,0,0,0,0,0,0,0,0,1,0,0,1,0,0,0,0,0,0,0,0,0,0,50,0,0,,1,1,1,1
Quebec,2024-03-01,Full-time students,48.799999,53.599998,8.8999996,2024-03-01,Quebec,1,1,1,1,01mar2024,2024m3,2024,3,0,0,0,0,0,0,0,0,0,1,0,0,0,1,0,0,0,0,0,0,0,0,0,51.200001,0,0,,1,1,1,1
Quebec,2024-04-01,Full-time students,49.799999,55.099998,9.6000004,2024-04-01,Quebec,1,1,1,1,01apr2024,2024m4,2024,4,0,0,0,0,0,0,0,0,0,1,0,0,0,0,1,0,0,0,0,0,0,0,0,50.200001,0,0,,1,1,1,1
Quebec,2024-09-01,Full-time students,50.400002,55.700001,9.6000004,2024-09-01,Quebec,1,1,1,1,01sep2024,2024m9,2024,9,0,0,0,0,0,0,0,0,0,1,0,0,0,0,0,1,0,0,0,0,0,0,0,49.599998,0,0,,1,1,1,1
Quebec,2024-10-01,Full-time students,49.299999,53.099998,7.1999998,2024-10-01,Quebec,1,1,1,1,01oct2024,2024m10,2024,10,0,0,0,0,0,0,0,0,0,1,0,0,0,0,0,0,1,0,0,0,0,0,0,50.700001,0,0,,1,1,1,1
Quebec,2024-11-01,Full-time students,50,54.099998,7.6999998,2024-11-01,Quebec,1,1,1,1,01nov2024,2024m11,2024,11,0,0,0,0,0,0,0,0,0,1,0,0,0,0,0,0,0,1,0,0,0,0,0,50,0,0,,1,1,1,1
Quebec,2024-12-01,Full-time students,47.799999,51.099998,6.5,2024-12-01,Quebec,1,1,1,1,01dec2024,2024m12,2024,12,0,0,0,0,0,0,0,0,0,1,0,0,0,0,0,0,0,0,1,0,0,0,0,52.200001,0,0,,1,1,1,1
Quebec,2025-01-01,Full-time students,45.700001,51.200001,10.7,2025-01-01,Quebec,1,1,1,1,01jan2025,2025m1,2025,1,0,0,0,0,0,0,0,0,0,0,1,1,0,0,0,0,0,0,0,0,0,0,0,54.299999,0,0,,1,1,1,1
Quebec,2025-02-01,Full-time students,46.599998,49,5,2025-02-01,Quebec,1,1,1,1,01feb2025,2025m2,2025,2,0,0,0,0,0,0,0,0,0,0,1,0,1,0,0,0,0,0,0,0,0,0,0,53.400002,0,0,,1,1,1,1
Quebec,2025-03-01,Full-time students,47.400002,52.400002,9.6000004,2025-03-01,Quebec,1,1,1,1,01mar2025,2025m3,2025,3,0,0,0,0,0,0,0,0,0,0,1,0,0,1,0,0,0,0,0,0,0,0,0,52.599998,0,0,,1,1,1,1
Quebec,2025-04-01,Full-time students,47.200001,53.900002,12.4,2025-04-01,Quebec,1,1,1,1,01apr2025,2025m4,2025,4,0,0,0,0,0,0,0,0,0,0,1,0,0,0,1,0,0,0,0,0,0,0,0,52.799999,0,0,,1,1,1,1
Quebec,2025-09-01,Full-time students,49.299999,54.299999,9.1999998,2025-09-01,Quebec,1,1,1,1,01sep2025,2025m9,2025,9,0,0,0,0,0,0,0,0,0,0,1,0,0,0,0,1,0,0,0,0,0,0,0,50.700001,0,0,,1,1,1,1
Quebec,2025-10-01,Full-time students,49.400002,53.5,7.6999998,2025-10-01,Quebec,1,1,1,1,01oct2025,2025m10,2025,10,0,0,0,0,0,0,0,0,0,0,1,0,0,0,0,0,1,0,0,0,0,0,0,50.599998,0,0,,1,1,1,1
Quebec,2025-11-01,Full-time students,51.200001,54.700001,6.5,2025-11-01,Quebec,1,1,1,1,01nov2025,2025m11,2025,11,0,0,0,0,0,0,0,0,0,0,1,0,0,0,0,0,0,1,0,0,0,0,0,48.799999,0,0,,1,1,1,1
Quebec,2025-12-01,Full-time students,51.799999,55.599998,6.9000001,2025-12-01,Quebec,1,1,1,1,01dec2025,2025m12,2025,12,0,0,0,0,0,0,0,0,0,0,1,0,0,0,0,0,0,0,1,0,0,0,0,48.200001,0,0,,1,1,1,1
Saskatchewan,2015-01-01,Full-time students,38.400002,42.200001,9.1999998,2015-01-01,Saskatchewan,0,0,0,,01jan2015,2015m1,2015,1,1,0,0,0,0,0,0,0,0,0,0,1,0,0,0,0,0,0,0,0,0,0,0,61.599998,1,0,1,1,0,0,0
Saskatchewan,2015-02-01,Full-time students,40.099998,45.400002,11.7,2015-02-01,Saskatchewan,0,0,0,,01feb2015,2015m2,2015,2,1,0,0,0,0,0,0,0,0,0,0,0,1,0,0,0,0,0,0,0,0,0,0,59.900002,1,0,1,1,0,0,0
Saskatchewan,2015-03-01,Full-time students,40.900002,46.099998,11.7,2015-03-01,Saskatchewan,0,0,0,,01mar2015,2015m3,2015,3,1,0,0,0,0,0,0,0,0,0,0,0,0,1,0,0,0,0,0,0,0,0,0,59.099998,1,0,1,1,0,0,0
Saskatchewan,2015-04-01,Full-time students,42.099998,46.900002,10,2015-04-01,Saskatchewan,0,0,0,,01apr2015,2015m4,2015,4,1,0,0,0,0,0,0,0,0,0,0,0,0,0,1,0,0,0,0,0,0,0,0,57.900002,1,0,1,1,0,0,0
Saskatchewan,2015-09-01,Full-time students,38.900002,43.5,10.5,2015-09-01,Saskatchewan,0,0,0,,01sep2015,2015m9,2015,9,1,0,0,0,0,0,0,0,0,0,0,0,0,0,0,1,0,0,0,0,0,0,0,61.099998,1,0,1,1,0,0,0
Saskatchewan,2015-10-01,Full-time students,36.299999,41.900002,13.7,2015-10-01,Saskatchewan,0,0,0,,01oct2015,2015m10,2015,10,1,0,0,0,0,0,0,0,0,0,0,0,0,0,0,0,1,0,0,0,0,0,0,63.700001,1,0,1,1,0,0,0
Saskatchewan,2015-11-01,Full-time students,38.299999,43.700001,12.5,2015-11-01,Saskatchewan,0,0,0,,01nov2015,2015m11,2015,11,1,0,0,0,0,0,0,0,0,0,0,0,0,0,0,0,0,1,0,0,0,0,0,61.700001,1,0,1,1,0,0,0
Saskatchewan,2015-12-01,Full-time students,36.799999,40.700001,9.6000004,2015-12-01,Saskatchewan,0,0,0,,01dec2015,2015m12,2015,12,1,0,0,0,0,0,0,0,0,0,0,0,0,0,0,0,0,0,1,0,0,0,0,63.200001,1,0,1,1,0,0,0
Saskatchewan,2016-01-01,Full-time students,38.099998,42.900002,11.1,2016-01-01,Saskatchewan,0,0,0,,01jan2016,2016m1,2016,1,0,1,0,0,0,0,0,0,0,0,0,1,0,0,0,0,0,0,0,0,0,0,0,61.900002,1,0,1,1,0,0,0
Saskatchewan,2016-02-01,Full-time students,36.299999,42.900002,15.8,2016-02-01,Saskatchewan,0,0,0,,01feb2016,2016m2,2016,2,0,1,0,0,0,0,0,0,0,0,0,0,1,0,0,0,0,0,0,0,0,0,0,63.700001,1,0,1,1,0,0,0
Saskatchewan,2016-03-01,Full-time students,41.5,46.599998,10.9,2016-03-01,Saskatchewan,0,0,0,,01mar2016,2016m3,2016,3,0,1,0,0,0,0,0,0,0,0,0,0,0,1,0,0,0,0,0,0,0,0,0,58.5,1,0,1,1,0,0,0
Saskatchewan,2016-04-01,Full-time students,40.599998,46.299999,12.3,2016-04-01,Saskatchewan,0,0,0,,01apr2016,2016m4,2016,4,0,1,0,0,0,0,0,0,0,0,0,0,0,0,1,0,0,0,0,0,0,0,0,59.400002,1,0,1,1,0,0,0
Saskatchewan,2016-09-01,Full-time students,37.400002,46.5,19.6,2016-09-01,Saskatchewan,0,0,0,,01sep2016,2016m9,2016,9,0,1,0,0,0,0,0,0,0,0,0,0,0,0,0,1,0,0,0,0,0,0,0,62.599998,1,0,1,1,0,0,0
Saskatchewan,2016-10-01,Full-time students,37.5,44.5,15.9,2016-10-01,Saskatchewan,0,0,0,,01oct2016,2016m10,2016,10,0,1,0,0,0,0,0,0,0,0,0,0,0,0,0,0,1,0,0,0,0,0,0,62.5,1,0,1,1,0,0,0
Saskatchewan,2016-11-01,Full-time students,37.799999,45.299999,16.4,2016-11-01,Saskatchewan,0,0,0,,01nov2016,2016m11,2016,11,0,1,0,0,0,0,0,0,0,0,0,0,0,0,0,0,0,1,0,0,0,0,0,62.200001,1,0,1,1,0,0,0
Saskatchewan,2016-12-01,Full-time students,37,39.799999,7.0999999,2016-12-01,Saskatchewan,0,0,0,,01dec2016,2016m12,2016,12,0,1,0,0,0,0,0,0,0,0,0,0,0,0,0,0,0,0,1,0,0,0,0,63,1,0,1,1,0,0,0
Saskatchewan,2017-01-01,Full-time students,37.5,42.799999,12.5,2017-01-01,Saskatchewan,0,0,0,,01jan2017,2017m1,2017,1,0,0,1,0,0,0,0,0,0,0,0,1,0,0,0,0,0,0,0,0,0,0,0,62.5,1,0,1,1,0,0,0
Saskatchewan,2017-02-01,Full-time students,39,43,9,2017-02-01,Saskatchewan,0,0,0,,01feb2017,2017m2,2017,2,0,0,1,0,0,0,0,0,0,0,0,0,1,0,0,0,0,0,0,0,0,0,0,61,1,0,1,1,0,0,0
Saskatchewan,2017-03-01,Full-time students,37.299999,42,11.1,2017-03-01,Saskatchewan,0,0,0,,01mar2017,2017m3,2017,3,0,0,1,0,0,0,0,0,0,0,0,0,0,1,0,0,0,0,0,0,0,0,0,62.700001,1,0,1,1,0,0,0
Saskatchewan,2017-04-01,Full-time students,38.099998,44.099998,13.6,2017-04-01,Saskatchewan,0,0,0,,01apr2017,2017m4,2017,4,0,0,1,0,0,0,0,0,0,0,0,0,0,0,1,0,0,0,0,0,0,0,0,61.900002,1,0,1,1,0,0,0
Saskatchewan,2017-09-01,Full-time students,33.5,39.700001,15.6,2017-09-01,Saskatchewan,0,0,0,,01sep2017,2017m9,2017,9,0,0,1,0,0,0,0,0,0,0,0,0,0,0,0,1,0,0,0,0,0,0,0,66.5,1,0,1,1,0,0,0
Saskatchewan,2017-10-01,Full-time students,35.5,40.799999,13,2017-10-01,Saskatchewan,0,0,0,,01oct2017,2017m10,2017,10,0,0,1,0,0,0,0,0,0,0,0,0,0,0,0,0,1,0,0,0,0,0,0,64.5,1,0,1,1,0,0,0
Saskatchewan,2017-11-01,Full-time students,36.299999,41.700001,12.8,2017-11-01,Saskatchewan,0,0,0,,01nov2017,2017m11,2017,11,0,0,1,0,0,0,0,0,0,0,0,0,0,0,0,0,0,1,0,0,0,0,0,63.700001,1,0,1,1,0,0,0
Saskatchewan,2017-12-01,Full-time students,35.200001,40.799999,14.1,2017-12-01,Saskatchewan,0,0,0,,01dec2017,2017m12,2017,12,0,0,1,0,0,0,0,0,0,0,0,0,0,0,0,0,0,0,1,0,0,0,0,64.800003,1,0,1,1,0,0,0
Saskatchewan,2018-01-01,Full-time students,35.400002,38.799999,8.8000002,2018-01-01,Saskatchewan,0,0,0,,01jan2018,2018m1,2018,1,0,0,0,1,0,0,0,0,0,0,0,1,0,0,0,0,0,0,0,0,0,0,0,64.599998,1,0,1,1,0,0,0
Saskatchewan,2018-02-01,Full-time students,33.900002,37.799999,10.4,2018-02-01,Saskatchewan,0,0,0,,01feb2018,2018m2,2018,2,0,0,0,1,0,0,0,0,0,0,0,0,1,0,0,0,0,0,0,0,0,0,0,66.099998,1,0,1,1,0,0,0
Saskatchewan,2018-03-01,Full-time students,37.900002,42.700001,11.1,2018-03-01,Saskatchewan,0,0,0,,01mar2018,2018m3,2018,3,0,0,0,1,0,0,0,0,0,0,0,0,0,1,0,0,0,0,0,0,0,0,0,62.099998,1,0,1,1,0,0,0
Saskatchewan,2018-04-01,Full-time students,35.900002,42,14.5,2018-04-01,Saskatchewan,0,0,0,,01apr2018,2018m4,2018,4,0,0,0,1,0,0,0,0,0,0,0,0,0,0,1,0,0,0,0,0,0,0,0,64.099998,1,0,1,1,0,0,0
Saskatchewan,2018-09-01,Full-time students,37.200001,42.799999,13.2,2018-09-01,Saskatchewan,0,0,0,,01sep2018,2018m9,2018,9,0,0,0,1,0,0,0,0,0,0,0,0,0,0,0,1,0,0,0,0,0,0,0,62.799999,1,0,1,1,0,0,0
Saskatchewan,2018-10-01,Full-time students,36.900002,41.900002,12,2018-10-01,Saskatchewan,0,0,0,,01oct2018,2018m10,2018,10,0,0,0,1,0,0,0,0,0,0,0,0,0,0,0,0,1,0,0,0,0,0,0,63.099998,1,0,1,1,0,0,0
Saskatchewan,2018-11-01,Full-time students,38.299999,41.299999,7.5999999,2018-11-01,Saskatchewan,0,0,0,,01nov2018,2018m11,2018,11,0,0,0,1,0,0,0,0,0,0,0,0,0,0,0,0,0,1,0,0,0,0,0,61.700001,1,0,1,1,0,0,0
Saskatchewan,2018-12-01,Full-time students,38.5,42.900002,10.3,2018-12-01,Saskatchewan,0,0,0,,01dec2018,2018m12,2018,12,0,0,0,1,0,0,0,0,0,0,0,0,0,0,0,0,0,0,1,0,0,0,0,61.5,1,0,1,1,0,0,0
Saskatchewan,2019-01-01,Full-time students,38.400002,43.299999,11.4,2019-01-01,Saskatchewan,0,0,0,,01jan2019,2019m1,2019,1,0,0,0,0,1,0,0,0,0,0,0,1,0,0,0,0,0,0,0,0,0,0,0,61.599998,1,0,1,1,0,0,0
Saskatchewan,2019-02-01,Full-time students,40.099998,45,10.9,2019-02-01,Saskatchewan,0,0,0,,01feb2019,2019m2,2019,2,0,0,0,0,1,0,0,0,0,0,0,0,1,0,0,0,0,0,0,0,0,0,0,59.900002,1,0,1,1,0,0,0
Saskatchewan,2019-03-01,Full-time students,41.5,45.599998,9,2019-03-01,Saskatchewan,0,0,0,,01mar2019,2019m3,2019,3,0,0,0,0,1,0,0,0,0,0,0,0,0,1,0,0,0,0,0,0,0,0,0,58.5,1,0,1,1,0,0,0
Saskatchewan,2019-04-01,Full-time students,39.200001,46.200001,15.1,2019-04-01,Saskatchewan,0,0,0,,01apr2019,2019m4,2019,4,0,0,0,0,1,0,0,0,0,0,0,0,0,0,1,0,0,0,0,0,0,0,0,60.799999,1,0,1,1,0,0,0
Saskatchewan,2019-09-01,Full-time students,38.400002,43.799999,12.5,2019-09-01,Saskatchewan,0,0,0,,01sep2019,2019m9,2019,9,0,0,0,0,1,0,0,0,0,0,0,0,0,0,0,1,0,0,0,0,0,0,0,61.599998,1,0,1,1,0,0,0
Saskatchewan,2019-10-01,Full-time students,39.099998,43.400002,10.2,2019-10-01,Saskatchewan,0,0,0,,01oct2019,2019m10,2019,10,0,0,0,0,1,0,0,0,0,0,0,0,0,0,0,0,1,0,0,0,0,0,0,60.900002,1,0,1,1,0,0,0
Saskatchewan,2019-11-01,Full-time students,36.700001,42.599998,13.8,2019-11-01,Saskatchewan,0,0,0,,01nov2019,2019m11,2019,11,0,0,0,0,1,0,0,0,0,0,0,0,0,0,0,0,0,1,0,0,0,0,0,63.299999,1,0,1,1,0,0,0
Saskatchewan,2019-12-01,Full-time students,37.299999,43.799999,15.3,2019-12-01,Saskatchewan,0,0,0,,01dec2019,2019m12,2019,12,0,0,0,0,1,0,0,0,0,0,0,0,0,0,0,0,0,0,1,0,0,0,0,62.700001,1,0,1,1,0,0,0
Saskatchewan,2020-01-01,Full-time students,33.5,39.599998,15.8,2020-01-01,Saskatchewan,0,0,0,,01jan2020,2020m1,2020,1,0,0,0,0,0,1,0,0,0,0,0,1,0,0,0,0,0,0,0,0,0,0,0,66.5,1,0,1,1,0,0,0
Saskatchewan,2020-02-01,Full-time students,36.099998,42.299999,14.7,2020-02-01,Saskatchewan,0,0,0,,01feb2020,2020m2,2020,2,0,0,0,0,0,1,0,0,0,0,0,0,1,0,0,0,0,0,0,0,0,0,0,63.900002,1,0,1,1,0,0,0
Saskatchewan,2020-03-01,Full-time students,30.299999,39.900002,24.1,2020-03-01,Saskatchewan,0,1,0,,01mar2020,2020m3,2020,3,0,0,0,0,0,1,0,0,0,0,0,0,0,1,0,0,0,0,0,0,0,0,0,69.699997,1,1,1,1,0,0,0
Saskatchewan,2020-04-01,Full-time students,23.5,32.900002,28.6,2020-04-01,Saskatchewan,0,1,0,,01apr2020,2020m4,2020,4,0,0,0,0,0,1,0,0,0,0,0,0,0,0,1,0,0,0,0,0,0,0,0,76.5,1,1,1,1,0,0,0
Saskatchewan,2020-09-01,Full-time students,35.299999,42.299999,16.5,2020-09-01,Saskatchewan,0,1,0,,01sep2020,2020m9,2020,9,0,0,0,0,0,1,0,0,0,0,0,0,0,0,0,1,0,0,0,0,0,0,0,64.699997,1,1,1,1,0,0,0
Saskatchewan,2020-10-01,Full-time students,34.299999,40.5,15.4,2020-10-01,Saskatchewan,0,1,0,,01oct2020,2020m10,2020,10,0,0,0,0,0,1,0,0,0,0,0,0,0,0,0,0,1,0,0,0,0,0,0,65.699997,1,1,1,1,0,0,0
Saskatchewan,2020-11-01,Full-time students,30.799999,37.700001,18.4,2020-11-01,Saskatchewan,0,1,0,,01nov2020,2020m11,2020,11,0,0,0,0,0,1,0,0,0,0,0,0,0,0,0,0,0,1,0,0,0,0,0,69.199997,1,1,1,1,0,0,0
Saskatchewan,2020-12-01,Full-time students,33.700001,39.299999,14.3,2020-12-01,Saskatchewan,0,1,0,,01dec2020,2020m12,2020,12,0,0,0,0,0,1,0,0,0,0,0,0,0,0,0,0,0,0,1,0,0,0,0,66.300003,1,1,1,1,0,0,0
Saskatchewan,2021-01-01,Full-time students,34.700001,39.599998,12.5,2021-01-01,Saskatchewan,0,1,0,,01jan2021,2021m1,2021,1,0,0,0,0,0,0,1,0,0,0,0,1,0,0,0,0,0,0,0,0,0,0,0,65.300003,1,1,1,1,0,0,0
Saskatchewan,2021-02-01,Full-time students,35.400002,42.5,16.799999,2021-02-01,Saskatchewan,0,1,0,,01feb2021,2021m2,2021,2,0,0,0,0,0,0,1,0,0,0,0,0,1,0,0,0,0,0,0,0,0,0,0,64.599998,1,1,1,1,0,0,0
Saskatchewan,2021-03-01,Full-time students,37.599998,43,12.5,2021-03-01,Saskatchewan,0,1,0,,01mar2021,2021m3,2021,3,0,0,0,0,0,0,1,0,0,0,0,0,0,1,0,0,0,0,0,0,0,0,0,62.400002,1,1,1,1,0,0,0
Saskatchewan,2021-04-01,Full-time students,39.799999,45.400002,12.4,2021-04-01,Saskatchewan,0,1,0,,01apr2021,2021m4,2021,4,0,0,0,0,0,0,1,0,0,0,0,0,0,0,1,0,0,0,0,0,0,0,0,60.200001,1,1,1,1,0,0,0
Saskatchewan,2021-09-01,Full-time students,43.5,48.700001,10.6,2021-09-01,Saskatchewan,0,1,0,,01sep2021,2021m9,2021,9,0,0,0,0,0,0,1,0,0,0,0,0,0,0,0,1,0,0,0,0,0,0,0,56.5,1,1,1,1,0,0,0
Saskatchewan,2021-10-01,Full-time students,42.599998,46.299999,8,2021-10-01,Saskatchewan,0,1,0,,01oct2021,2021m10,2021,10,0,0,0,0,0,0,1,0,0,0,0,0,0,0,0,0,1,0,0,0,0,0,0,57.400002,1,1,1,1,0,0,0
Saskatchewan,2021-11-01,Full-time students,39.099998,42.200001,7.3000002,2021-11-01,Saskatchewan,0,1,0,,01nov2021,2021m11,2021,11,0,0,0,0,0,0,1,0,0,0,0,0,0,0,0,0,0,1,0,0,0,0,0,60.900002,1,1,1,1,0,0,0
Saskatchewan,2021-12-01,Full-time students,40,44.299999,9.3000002,2021-12-01,Saskatchewan,0,1,0,,01dec2021,2021m12,2021,12,0,0,0,0,0,0,1,0,0,0,0,0,0,0,0,0,0,0,1,0,0,0,0,60,1,1,1,1,0,0,0
Saskatchewan,2022-01-01,Full-time students,38.400002,42.299999,9.3000002,2022-01-01,Saskatchewan,0,1,0,,01jan2022,2022m1,2022,1,0,0,0,0,0,0,0,1,0,0,0,1,0,0,0,0,0,0,0,0,0,0,0,61.599998,1,1,1,1,0,0,0
Saskatchewan,2022-02-01,Full-time students,41.400002,44.299999,6.5999999,2022-02-01,Saskatchewan,0,1,0,,01feb2022,2022m2,2022,2,0,0,0,0,0,0,0,1,0,0,0,0,1,0,0,0,0,0,0,0,0,0,0,58.599998,1,1,1,1,0,0,0
Saskatchewan,2022-03-01,Full-time students,38.900002,41.700001,6.6999998,2022-03-01,Saskatchewan,0,1,0,,01mar2022,2022m3,2022,3,0,0,0,0,0,0,0,1,0,0,0,0,0,1,0,0,0,0,0,0,0,0,0,61.099998,1,1,1,1,0,0,0
Saskatchewan,2022-04-01,Full-time students,39.5,46.200001,14.5,2022-04-01,Saskatchewan,0,1,0,,01apr2022,2022m4,2022,4,0,0,0,0,0,0,0,1,0,0,0,0,0,0,1,0,0,0,0,0,0,0,0,60.5,1,1,1,1,0,0,0
Saskatchewan,2022-09-01,Full-time students,36.400002,38.299999,4.9000001,2022-09-01,Saskatchewan,0,1,0,,01sep2022,2022m9,2022,9,0,0,0,0,0,0,0,1,0,0,0,0,0,0,0,1,0,0,0,0,0,0,0,63.599998,1,1,1,1,0,0,0
Saskatchewan,2022-10-01,Full-time students,36.200001,38.900002,7,2022-10-01,Saskatchewan,0,1,0,,01oct2022,2022m10,2022,10,0,0,0,0,0,0,0,1,0,0,0,0,0,0,0,0,1,0,0,0,0,0,0,63.799999,1,1,1,1,0,0,0
Saskatchewan,2022-11-01,Full-time students,34.200001,37.200001,7.9000001,2022-11-01,Saskatchewan,0,1,0,,01nov2022,2022m11,2022,11,0,0,0,0,0,0,0,1,0,0,0,0,0,0,0,0,0,1,0,0,0,0,0,65.800003,1,1,1,1,0,0,0
Saskatchewan,2022-12-01,Full-time students,36.099998,37.400002,3.4000001,2022-12-01,Saskatchewan,0,1,0,,01dec2022,2022m12,2022,12,0,0,0,0,0,0,0,1,0,0,0,0,0,0,0,0,0,0,1,0,0,0,0,63.900002,1,1,1,1,0,0,0
Saskatchewan,2023-01-01,Full-time students,37,40.200001,8.3999996,2023-01-01,Saskatchewan,0,1,0,,01jan2023,2023m1,2023,1,0,0,0,0,0,0,0,0,1,0,0,1,0,0,0,0,0,0,0,0,0,0,0,63,1,1,1,1,0,0,0
Saskatchewan,2023-02-01,Full-time students,36.5,38.599998,5.8000002,2023-02-01,Saskatchewan,0,1,0,,01feb2023,2023m2,2023,2,0,0,0,0,0,0,0,0,1,0,0,0,1,0,0,0,0,0,0,0,0,0,0,63.5,1,1,1,1,0,0,0
Saskatchewan,2023-03-01,Full-time students,37.200001,40.099998,7.3000002,2023-03-01,Saskatchewan,0,1,0,,01mar2023,2023m3,2023,3,0,0,0,0,0,0,0,0,1,0,0,0,0,1,0,0,0,0,0,0,0,0,0,62.799999,1,1,1,1,0,0,0
Saskatchewan,2023-04-01,Full-time students,34.5,39.799999,13.2,2023-04-01,Saskatchewan,0,1,0,,01apr2023,2023m4,2023,4,0,0,0,0,0,0,0,0,1,0,0,0,0,0,1,0,0,0,0,0,0,0,0,65.5,1,1,1,1,0,0,0
Saskatchewan,2023-09-01,Full-time students,37.299999,40.299999,7.3000002,2023-09-01,Saskatchewan,0,1,0,,01sep2023,2023m9,2023,9,0,0,0,0,0,0,0,0,1,0,0,0,0,0,0,1,0,0,0,0,0,0,0,62.700001,1,1,1,1,0,0,0
Saskatchewan,2023-10-01,Full-time students,39.599998,43.099998,8.1000004,2023-10-01,Saskatchewan,0,1,0,,01oct2023,2023m10,2023,10,0,0,0,0,0,0,0,0,1,0,0,0,0,0,0,0,1,0,0,0,0,0,0,60.400002,1,1,1,1,0,0,0
Saskatchewan,2023-11-01,Full-time students,38.400002,43.5,11.6,2023-11-01,Saskatchewan,0,1,0,,01nov2023,2023m11,2023,11,0,0,0,0,0,0,0,0,1,0,0,0,0,0,0,0,0,1,0,0,0,0,0,61.599998,1,1,1,1,0,0,0
Saskatchewan,2023-12-01,Full-time students,36.5,40.799999,10.7,2023-12-01,Saskatchewan,0,1,0,,01dec2023,2023m12,2023,12,0,0,0,0,0,0,0,0,1,0,0,0,0,0,0,0,0,0,1,0,0,0,0,63.5,1,1,1,1,0,0,0
Saskatchewan,2024-01-01,Full-time students,31.799999,37.200001,14.5,2024-01-01,Saskatchewan,0,1,0,,01jan2024,2024m1,2024,1,0,0,0,0,0,0,0,0,0,1,0,1,0,0,0,0,0,0,0,0,0,0,0,68.199997,1,1,1,1,0,0,0
Saskatchewan,2024-02-01,Full-time students,34.200001,40.400002,15.5,2024-02-01,Saskatchewan,0,1,0,,01feb2024,2024m2,2024,2,0,0,0,0,0,0,0,0,0,1,0,0,1,0,0,0,0,0,0,0,0,0,0,65.800003,1,1,1,1,0,0,0
Saskatchewan,2024-03-01,Full-time students,35.799999,39.299999,8.8999996,2024-03-01,Saskatchewan,0,1,0,,01mar2024,2024m3,2024,3,0,0,0,0,0,0,0,0,0,1,0,0,0,1,0,0,0,0,0,0,0,0,0,64.199997,1,1,1,1,0,0,0
Saskatchewan,2024-04-01,Full-time students,34.599998,42.299999,18.1,2024-04-01,Saskatchewan,0,1,0,,01apr2024,2024m4,2024,4,0,0,0,0,0,0,0,0,0,1,0,0,0,0,1,0,0,0,0,0,0,0,0,65.400002,1,1,1,1,0,0,0
Saskatchewan,2024-09-01,Full-time students,31.200001,35.299999,11.8,2024-09-01,Saskatchewan,0,1,0,,01sep2024,2024m9,2024,9,0,0,0,0,0,0,0,0,0,1,0,0,0,0,0,1,0,0,0,0,0,0,0,68.800003,1,1,1,1,0,0,0
Saskatchewan,2024-10-01,Full-time students,32.400002,38.099998,15,2024-10-01,Saskatchewan,0,1,0,,01oct2024,2024m10,2024,10,0,0,0,0,0,0,0,0,0,1,0,0,0,0,0,0,1,0,0,0,0,0,0,67.599998,1,1,1,1,0,0,0
Saskatchewan,2024-11-01,Full-time students,34,38.599998,11.9,2024-11-01,Saskatchewan,0,1,0,,01nov2024,2024m11,2024,11,0,0,0,0,0,0,0,0,0,1,0,0,0,0,0,0,0,1,0,0,0,0,0,66,1,1,1,1,0,0,0
Saskatchewan,2024-12-01,Full-time students,30.799999,36.900002,16.5,2024-12-01,Saskatchewan,0,1,0,,01dec2024,2024m12,2024,12,0,0,0,0,0,0,0,0,0,1,0,0,0,0,0,0,0,0,1,0,0,0,0,69.199997,1,1,1,1,0,0,0
Saskatchewan,2025-01-01,Full-time students,28.1,35.5,20.799999,2025-01-01,Saskatchewan,0,1,0,,01jan2025,2025m1,2025,1,0,0,0,0,0,0,0,0,0,0,1,1,0,0,0,0,0,0,0,0,0,0,0,71.900002,1,1,1,1,0,0,0
Saskatchewan,2025-02-01,Full-time students,30.6,36.900002,17.1,2025-02-01,Saskatchewan,0,1,0,,01feb2025,2025m2,2025,2,0,0,0,0,0,0,0,0,0,0,1,0,1,0,0,0,0,0,0,0,0,0,0,69.400002,1,1,1,1,0,0,0
Saskatchewan,2025-03-01,Full-time students,34.900002,41,14.7,2025-03-01,Saskatchewan,0,1,0,,01mar2025,2025m3,2025,3,0,0,0,0,0,0,0,0,0,0,1,0,0,1,0,0,0,0,0,0,0,0,0,65.099998,1,1,1,1,0,0,0
Saskatchewan,2025-04-01,Full-time students,34.200001,41.200001,17.1,2025-04-01,Saskatchewan,0,1,0,,01apr2025,2025m4,2025,4,0,0,0,0,0,0,0,0,0,0,1,0,0,0,1,0,0,0,0,0,0,0,0,65.800003,1,1,1,1,0,0,0
Saskatchewan,2025-09-01,Full-time students,36.5,44.099998,17.299999,2025-09-01,Saskatchewan,0,1,0,,01sep2025,2025m9,2025,9,0,0,0,0,0,0,0,0,0,0,1,0,0,0,0,1,0,0,0,0,0,0,0,63.5,1,1,1,1,0,0,0
Saskatchewan,2025-10-01,Full-time students,36.700001,42.200001,12.9,2025-10-01,Saskatchewan,0,1,0,,01oct2025,2025m10,2025,10,0,0,0,0,0,0,0,0,0,0,1,0,0,0,0,0,1,0,0,0,0,0,0,63.299999,1,1,1,1,0,0,0
Saskatchewan,2025-11-01,Full-time students,37.200001,42.099998,11.3,2025-11-01,Saskatchewan,0,1,0,,01nov2025,2025m11,2025,11,0,0,0,0,0,0,0,0,0,0,1,0,0,0,0,0,0,1,0,0,0,0,0,62.799999,1,1,1,1,0,0,0
Saskatchewan,2025-12-01,Full-time students,34.900002,41.799999,16.799999,2025-12-01,Saskatchewan,0,1,0,,01dec2025,2025m12,2025,12,0,0,0,0,0,0,0,0,0,0,1,0,0,0,0,0,0,0,1,0,0,0,0,65.099998,1,1,1,1,0,0,0
