GEO,REF_DATE,Students,Employment rate,Participation rate,Unemployment rate
Alberta,2015-01-01,Full-time students,38.3,41.6,8.0
Alberta,2015-01-01,Non-students,82.1,88.2,7.0
Alberta,2015-01-01,Part-time students,76.4,80.3,7.3
Alberta,2015-01-01,Students,41.1,44.4,7.6
Alberta,2015-01-01,"Total, all students and non-students",60.2,64.9,7.2
Alberta,2015-02-01,Full-time students,36.2,41.2,12.0
Alberta,2015-02-01,Non-students,79.8,90.0,11.3
Alberta,2015-02-01,Part-time students,74.7,80.8,11.350000000000001
Alberta,2015-02-01,Students,39.1,44.1,11.4
Alberta,2015-02-01,"Total, all students and non-students",58.5,66.0,11.3
Alberta,2015-03-01,Full-time students,40.7,45.5,10.6
Alberta,2015-03-01,Non-students,81.1,90.4,10.2
Alberta,2015-03-01,Part-time students,59.6,72.1,17.3
Alberta,2015-03-01,Students,42.3,47.8,11.5
Alberta,2015-03-01,"Total, all students and non-students",59.7,66.9,10.7
Alberta,2015-04-01,Full-time students,41.1,46.3,11.2
Alberta,2015-04-01,Non-students,80.5,89.6,10.2
Alberta,2015-04-01,Part-time students,72.0,80.4,9.9
Alberta,2015-04-01,Students,43.5,49.0,11.2
Alberta,2015-04-01,"Total, all students and non-students",60.0,67.1,10.6
Alberta,2015-09-01,Full-time students,40.9,46.0,11.0
Alberta,2015-09-01,Non-students,80.5,89.3,9.8
Alberta,2015-09-01,Part-time students,70.7,81.9,13.3
Alberta,2015-09-01,Students,44.0,49.7,11.4
Alberta,2015-09-01,"Total, all students and non-students",61.6,68.7,10.4
Alberta,2015-10-01,Full-time students,42.2,46.1,8.5
Alberta,2015-10-01,Non-students,79.8,88.0,9.3
Alberta,2015-10-01,Part-time students,76.3,86.5,11.3
Alberta,2015-10-01,Students,45.4,49.8,9.0
Alberta,2015-10-01,"Total, all students and non-students",60.8,67.0,9.2
Alberta,2015-11-01,Full-time students,39.4,44.4,11.3
Alberta,2015-11-01,Non-students,76.8,88.7,13.4
Alberta,2015-11-01,Part-time students,70.4,83.0,15.2
Alberta,2015-11-01,Students,42.0,47.6,11.8
Alberta,2015-11-01,"Total, all students and non-students",58.0,66.5,12.8
Alberta,2015-12-01,Full-time students,41.0,45.5,9.9
Alberta,2015-12-01,Non-students,76.8,85.8,10.5
Alberta,2015-12-01,Part-time students,85.4,90.1,9.95
Alberta,2015-12-01,Students,44.0,48.6,9.4
Alberta,2015-12-01,"Total, all students and non-students",59.0,65.5,10.0
Alberta,2016-01-01,Full-time students,37.2,41.7,10.9
Alberta,2016-01-01,Non-students,75.5,86.5,12.7
Alberta,2016-01-01,Part-time students,78.9,85.2,7.9
Alberta,2016-01-01,Students,40.5,45.1,10.4
Alberta,2016-01-01,"Total, all students and non-students",56.0,63.5,11.8
Alberta,2016-02-01,Full-time students,37.7,42.6,11.4
Alberta,2016-02-01,Non-students,78.6,90.0,12.7
Alberta,2016-02-01,Part-time students,71.2,75.9,11.649999999999999
Alberta,2016-02-01,Students,40.7,45.6,10.6
Alberta,2016-02-01,"Total, all students and non-students",57.7,65.5,11.9
Alberta,2016-03-01,Full-time students,38.2,43.9,13.0
Alberta,2016-03-01,Non-students,79.9,91.0,12.2
Alberta,2016-03-01,Part-time students,67.6,70.4,12.0
Alberta,2016-03-01,Students,40.7,46.2,11.8
Alberta,2016-03-01,"Total, all students and non-students",58.2,66.2,12.0
Alberta,2016-04-01,Full-time students,36.5,43.2,15.7
Alberta,2016-04-01,Non-students,80.6,90.7,11.2
Alberta,2016-04-01,Part-time students,72.5,79.6,8.9
Alberta,2016-04-01,Students,39.1,45.9,14.8
Alberta,2016-04-01,"Total, all students and non-students",57.8,66.0,12.6
Alberta,2016-09-01,Full-time students,38.7,44.8,13.6
Alberta,2016-09-01,Non-students,79.6,90.1,11.7
Alberta,2016-09-01,Part-time students,70.2,83.7,16.1
Alberta,2016-09-01,Students,40.9,47.4,13.9
Alberta,2016-09-01,"Total, all students and non-students",59.4,67.9,12.5
Alberta,2016-10-01,Full-time students,40.3,47.6,15.2
Alberta,2016-10-01,Non-students,80.8,89.4,9.7
Alberta,2016-10-01,Part-time students,79.3,86.9,12.149999999999999
Alberta,2016-10-01,Students,42.4,49.6,14.6
Alberta,2016-10-01,"Total, all students and non-students",60.2,68.1,11.6
Alberta,2016-11-01,Full-time students,39.0,47.1,17.0
Alberta,2016-11-01,Non-students,79.4,89.7,11.5
Alberta,2016-11-01,Part-time students,80.3,86.5,13.7
Alberta,2016-11-01,Students,41.8,49.7,15.9
Alberta,2016-11-01,"Total, all students and non-students",58.2,67.2,13.3
Alberta,2016-12-01,Full-time students,38.8,44.3,12.4
Alberta,2016-12-01,Non-students,80.2,89.2,10.0
Alberta,2016-12-01,Part-time students,80.4,86.1,10.75
Alberta,2016-12-01,Students,42.2,47.7,11.5
Alberta,2016-12-01,"Total, all students and non-students",58.9,65.9,10.7
Alberta,2017-01-01,Full-time students,41.1,46.1,10.8
Alberta,2017-01-01,Non-students,75.6,87.3,13.4
Alberta,2017-01-01,Part-time students,81.9,92.5,11.5
Alberta,2017-01-01,Students,44.2,49.6,10.9
Alberta,2017-01-01,"Total, all students and non-students",57.1,65.0,12.3
Alberta,2017-02-01,Full-time students,39.1,45.4,14.0
Alberta,2017-02-01,Non-students,76.9,89.2,13.8
Alberta,2017-02-01,Part-time students,73.5,83.8,12.4
Alberta,2017-02-01,Students,42.1,48.8,13.8
Alberta,2017-02-01,"Total, all students and non-students",56.6,65.6,13.8
Alberta,2017-03-01,Full-time students,39.5,46.0,14.1
Alberta,2017-03-01,Non-students,76.7,89.8,14.5
Alberta,2017-03-01,Part-time students,77.7,80.3,13.7
Alberta,2017-03-01,Students,42.0,48.2,12.9
Alberta,2017-03-01,"Total, all students and non-students",57.1,66.3,13.9
Alberta,2017-04-01,Full-time students,37.0,44.6,17.0
Alberta,2017-04-01,Non-students,77.7,88.3,12.1
Alberta,2017-04-01,Part-time students,64.6,79.5,18.7
Alberta,2017-04-01,Students,39.3,47.5,17.2
Alberta,2017-04-01,"Total, all students and non-students",56.9,66.2,14.1
Alberta,2017-09-01,Full-time students,33.6,39.2,14.2
Alberta,2017-09-01,Non-students,80.8,89.4,9.6
Alberta,2017-09-01,Part-time students,67.4,78.4,14.1
Alberta,2017-09-01,Students,35.9,41.8,14.2
Alberta,2017-09-01,"Total, all students and non-students",56.0,63.1,11.3
Alberta,2017-10-01,Full-time students,35.1,41.5,15.6
Alberta,2017-10-01,Non-students,81.1,89.6,9.5
Alberta,2017-10-01,Part-time students,66.5,81.6,19.2
Alberta,2017-10-01,Students,37.2,44.2,15.9
Alberta,2017-10-01,"Total, all students and non-students",57.0,64.8,11.9
Alberta,2017-11-01,Full-time students,37.1,43.3,14.5
Alberta,2017-11-01,Non-students,79.5,88.7,10.4
Alberta,2017-11-01,Part-time students,59.9,76.6,21.8
Alberta,2017-11-01,Students,38.6,45.6,15.3
Alberta,2017-11-01,"Total, all students and non-students",56.3,64.3,12.3
Alberta,2017-12-01,Full-time students,36.8,43.1,14.5
Alberta,2017-12-01,Non-students,79.9,90.0,11.2
Alberta,2017-12-01,Part-time students,68.8,72.7,12.45
Alberta,2017-12-01,Students,38.6,44.7,13.7
Alberta,2017-12-01,"Total, all students and non-students",57.0,64.9,12.1
Alberta,2018-01-01,Full-time students,38.4,43.7,12.1
Alberta,2018-01-01,Non-students,77.9,87.1,10.6
Alberta,2018-01-01,Part-time students,59.4,68.6,14.2
Alberta,2018-01-01,Students,39.7,45.2,12.3
Alberta,2018-01-01,"Total, all students and non-students",56.6,63.8,11.2
Alberta,2018-02-01,Full-time students,34.8,40.5,14.2
Alberta,2018-02-01,Non-students,77.2,86.8,11.1
Alberta,2018-02-01,Part-time students,49.2,72.6,32.3
Alberta,2018-02-01,Students,35.7,42.6,16.2
Alberta,2018-02-01,"Total, all students and non-students",54.7,62.8,12.9
Alberta,2018-03-01,Full-time students,36.3,42.9,15.4
Alberta,2018-03-01,Non-students,78.8,88.8,11.3
Alberta,2018-03-01,Part-time students,38.1,61.2,37.8
Alberta,2018-03-01,Students,36.3,43.8,16.9
Alberta,2018-03-01,"Total, all students and non-students",55.0,63.6,13.4
Alberta,2018-04-01,Full-time students,31.8,39.9,20.3
Alberta,2018-04-01,Non-students,79.2,87.7,9.7
Alberta,2018-04-01,Part-time students,54.5,67.7,19.5
Alberta,2018-04-01,Students,33.1,41.5,20.2
Alberta,2018-04-01,"Total, all students and non-students",53.6,62.0,13.6
Alberta,2018-09-01,Full-time students,35.3,40.4,12.6
Alberta,2018-09-01,Non-students,80.6,89.7,10.1
Alberta,2018-09-01,Part-time students,44.1,70.6,38.3
Alberta,2018-09-01,Students,35.8,42.2,15.2
Alberta,2018-09-01,"Total, all students and non-students",56.3,63.9,11.9
Alberta,2018-10-01,Full-time students,34.6,39.8,13.0
Alberta,2018-10-01,Non-students,82.9,89.5,7.4
Alberta,2018-10-01,Part-time students,70.8,78.9,10.3
Alberta,2018-10-01,Students,37.3,42.6,12.6
Alberta,2018-10-01,"Total, all students and non-students",57.4,63.3,9.4
Alberta,2018-11-01,Full-time students,33.2,38.7,14.2
Alberta,2018-11-01,Non-students,82.7,90.0,8.1
Alberta,2018-11-01,Part-time students,70.5,80.7,12.6
Alberta,2018-11-01,Students,35.9,41.8,14.0
Alberta,2018-11-01,"Total, all students and non-students",56.5,63.0,10.3
Alberta,2018-12-01,Full-time students,35.5,38.3,7.4
Alberta,2018-12-01,Non-students,82.7,89.4,7.5
Alberta,2018-12-01,Part-time students,54.8,59.3,7.5
Alberta,2018-12-01,Students,36.6,39.6,7.5
Alberta,2018-12-01,"Total, all students and non-students",56.2,60.8,7.5
Alberta,2019-01-01,Full-time students,33.0,37.1,10.9
Alberta,2019-01-01,Non-students,80.0,88.0,9.1
Alberta,2019-01-01,Part-time students,73.0,80.5,9.899999999999999
Alberta,2019-01-01,Students,35.5,39.8,10.7
Alberta,2019-01-01,"Total, all students and non-students",54.3,60.1,9.8
Alberta,2019-02-01,Full-time students,35.1,39.2,10.5
Alberta,2019-02-01,Non-students,79.5,89.7,11.3
Alberta,2019-02-01,Part-time students,44.6,56.8,21.5
Alberta,2019-02-01,Students,35.5,40.0,11.3
Alberta,2019-02-01,"Total, all students and non-students",54.6,61.6,11.3
Alberta,2019-03-01,Full-time students,33.5,38.2,12.3
Alberta,2019-03-01,Non-students,78.6,88.5,11.2
Alberta,2019-03-01,Part-time students,57.6,80.6,27.7
Alberta,2019-03-01,Students,34.7,40.3,13.8
Alberta,2019-03-01,"Total, all students and non-students",54.1,61.6,12.1
Alberta,2019-04-01,Full-time students,34.0,38.5,11.7
Alberta,2019-04-01,Non-students,81.4,88.6,8.2
Alberta,2019-04-01,Part-time students,55.7,61.1,9.8
Alberta,2019-04-01,Students,35.2,39.7,11.4
Alberta,2019-04-01,"Total, all students and non-students",56.8,62.6,9.3
Alberta,2019-09-01,Full-time students,35.0,44.8,21.9
Alberta,2019-09-01,Non-students,83.7,93.9,10.8
Alberta,2019-09-01,Part-time students,60.4,74.3,18.7
Alberta,2019-09-01,Students,36.6,46.7,21.6
Alberta,2019-09-01,"Total, all students and non-students",56.8,66.9,15.1
Alberta,2019-10-01,Full-time students,38.9,45.2,13.9
Alberta,2019-10-01,Non-students,80.8,89.1,9.3
Alberta,2019-10-01,Part-time students,63.0,75.1,16.2
Alberta,2019-10-01,Students,40.4,47.1,14.0
Alberta,2019-10-01,"Total, all students and non-students",58.1,65.5,11.2
Alberta,2019-11-01,Full-time students,35.7,45.3,21.3
Alberta,2019-11-01,Non-students,81.5,91.5,10.9
Alberta,2019-11-01,Part-time students,68.4,73.4,15.45
Alberta,2019-11-01,Students,37.5,46.8,20.0
Alberta,2019-11-01,"Total, all students and non-students",57.1,66.8,14.4
Alberta,2019-12-01,Full-time students,39.3,44.4,11.6
Alberta,2019-12-01,Non-students,78.6,90.7,13.3
Alberta,2019-12-01,Part-time students,76.1,83.9,9.3
Alberta,2019-12-01,Students,41.7,47.0,11.3
Alberta,2019-12-01,"Total, all students and non-students",56.6,64.6,12.4
Alberta,2020-01-01,Full-time students,34.9,39.4,11.2
Alberta,2020-01-01,Non-students,75.5,88.8,15.0
Alberta,2020-01-01,Part-time students,61.8,78.3,20.2
Alberta,2020-01-01,Students,36.3,41.3,12.2
Alberta,2020-01-01,"Total, all students and non-students",52.7,61.2,13.9
Alberta,2020-02-01,Full-time students,34.3,40.8,16.0
Alberta,2020-02-01,Non-students,79.1,91.4,13.4
Alberta,2020-02-01,Part-time students,58.0,69.3,15.6
Alberta,2020-02-01,Students,36.1,42.9,16.0
Alberta,2020-02-01,"Total, all students and non-students",53.5,62.5,14.4
Alberta,2020-03-01,Full-time students,19.1,29.9,36.1
Alberta,2020-03-01,Non-students,68.2,82.9,17.8
Alberta,2020-03-01,Part-time students,43.6,74.5,41.4
Alberta,2020-03-01,Students,20.4,32.3,36.7
Alberta,2020-03-01,"Total, all students and non-students",42.7,55.9,23.6
Alberta,2020-04-01,Full-time students,17.2,24.3,29.1
Alberta,2020-04-01,Non-students,51.8,70.1,26.1
Alberta,2020-04-01,Part-time students,22.1,45.6,51.5
Alberta,2020-04-01,Students,17.5,25.4,31.2
Alberta,2020-04-01,"Total, all students and non-students",32.9,45.5,27.6
Alberta,2020-09-01,Full-time students,29.8,44.0,32.3
Alberta,2020-09-01,Non-students,65.9,84.4,22.0
Alberta,2020-09-01,Part-time students,50.5,71.0,28.8
Alberta,2020-09-01,Students,31.1,45.7,31.9
Alberta,2020-09-01,"Total, all students and non-students",45.9,62.1,26.2
Alberta,2020-10-01,Full-time students,34.4,44.1,21.8
Alberta,2020-10-01,Non-students,66.6,85.4,22.0
Alberta,2020-10-01,Part-time students,67.6,87.8,23.4
Alberta,2020-10-01,Students,36.9,47.3,22.1
Alberta,2020-10-01,"Total, all students and non-students",48.3,61.9,22.0
Alberta,2020-11-01,Full-time students,32.7,41.9,21.8
Alberta,2020-11-01,Non-students,67.1,88.3,24.0
Alberta,2020-11-01,Part-time students,61.0,80.0,23.8
Alberta,2020-11-01,Students,34.5,44.3,22.1
Alberta,2020-11-01,"Total, all students and non-students",46.9,61.0,23.1
Alberta,2020-12-01,Full-time students,31.3,37.6,16.8
Alberta,2020-12-01,Non-students,63.1,83.9,24.8
Alberta,2020-12-01,Part-time students,54.9,79.7,31.1
Alberta,2020-12-01,Students,33.2,41.1,19.1
Alberta,2020-12-01,"Total, all students and non-students",44.8,57.6,22.3
Alberta,2021-01-01,Full-time students,27.6,37.2,25.8
Alberta,2021-01-01,Non-students,67.9,83.4,18.6
Alberta,2021-01-01,Part-time students,53.5,70.9,24.5
Alberta,2021-01-01,Students,29.3,39.4,25.6
Alberta,2021-01-01,"Total, all students and non-students",44.3,56.5,21.6
Alberta,2021-02-01,Full-time students,28.0,36.4,23.3
Alberta,2021-02-01,Non-students,72.9,89.3,18.4
Alberta,2021-02-01,Part-time students,59.9,69.3,13.7
Alberta,2021-02-01,Students,30.7,39.3,21.8
Alberta,2021-02-01,"Total, all students and non-students",47.1,58.7,19.8
Alberta,2021-03-01,Full-time students,31.8,39.2,18.9
Alberta,2021-03-01,Non-students,77.2,88.0,12.3
Alberta,2021-03-01,Part-time students,66.9,72.4,7.6
Alberta,2021-03-01,Students,34.8,42.0,17.3
Alberta,2021-03-01,"Total, all students and non-students",50.9,59.5,14.5
Alberta,2021-04-01,Full-time students,27.3,35.3,22.8
Alberta,2021-04-01,Non-students,79.2,90.1,12.1
Alberta,2021-04-01,Part-time students,66.4,67.3,16.1
Alberta,2021-04-01,Students,30.0,37.6,20.1
Alberta,2021-04-01,"Total, all students and non-students",49.4,58.2,15.2
Alberta,2021-09-01,Full-time students,37.2,44.3,15.9
Alberta,2021-09-01,Non-students,77.7,88.2,12.0
Alberta,2021-09-01,Part-time students,68.6,73.5,13.5
Alberta,2021-09-01,Students,39.3,46.2,15.0
Alberta,2021-09-01,"Total, all students and non-students",54.5,62.9,13.3
Alberta,2021-10-01,Full-time students,36.6,43.3,15.3
Alberta,2021-10-01,Non-students,80.1,88.1,9.1
Alberta,2021-10-01,Part-time students,85.6,92.8,11.75
Alberta,2021-10-01,Students,39.4,46.0,14.4
Alberta,2021-10-01,"Total, all students and non-students",55.2,62.4,11.5
Alberta,2021-11-01,Full-time students,39.4,44.9,12.2
Alberta,2021-11-01,Non-students,75.5,87.5,13.8
Alberta,2021-11-01,Part-time students,83.8,95.7,12.4
Alberta,2021-11-01,Students,42.8,48.7,12.2
Alberta,2021-11-01,"Total, all students and non-students",54.8,62.9,13.0
Alberta,2021-12-01,Full-time students,39.3,43.8,10.4
Alberta,2021-12-01,Non-students,78.5,90.0,12.8
Alberta,2021-12-01,Part-time students,82.5,82.5,10.9
Alberta,2021-12-01,Students,42.5,46.7,9.0
Alberta,2021-12-01,"Total, all students and non-students",55.0,61.7,10.9
Alberta,2022-01-01,Full-time students,38.6,44.3,12.9
Alberta,2022-01-01,Non-students,74.1,84.5,12.3
Alberta,2022-01-01,Part-time students,85.3,95.7,10.8
Alberta,2022-01-01,Students,41.7,47.8,12.6
Alberta,2022-01-01,"Total, all students and non-students",52.9,60.5,12.5
Alberta,2022-02-01,Full-time students,39.4,44.9,12.3
Alberta,2022-02-01,Non-students,77.8,90.3,13.9
Alberta,2022-02-01,Part-time students,84.5,90.7,12.75
Alberta,2022-02-01,Students,42.4,48.0,11.6
Alberta,2022-02-01,"Total, all students and non-students",54.8,62.8,12.8
Alberta,2022-03-01,Full-time students,41.6,46.3,10.1
Alberta,2022-03-01,Non-students,77.0,90.4,14.7
Alberta,2022-03-01,Part-time students,90.6,93.7,12.05
Alberta,2022-03-01,Students,44.3,48.9,9.4
Alberta,2022-03-01,"Total, all students and non-students",55.3,62.8,12.0
Alberta,2022-04-01,Full-time students,40.3,45.4,11.3
Alberta,2022-04-01,Non-students,80.2,89.8,10.6
Alberta,2022-04-01,Part-time students,85.6,93.9,8.4
Alberta,2022-04-01,Students,43.3,48.6,11.0
Alberta,2022-04-01,"Total, all students and non-students",56.3,63.1,10.8
Alberta,2022-09-01,Full-time students,35.8,40.2,11.2
Alberta,2022-09-01,Non-students,77.7,88.1,11.8
Alberta,2022-09-01,Part-time students,68.1,78.5,13.2
Alberta,2022-09-01,Students,38.3,43.2,11.5
Alberta,2022-09-01,"Total, all students and non-students",53.1,60.1,11.6
Alberta,2022-10-01,Full-time students,33.4,37.2,10.3
Alberta,2022-10-01,Non-students,79.7,88.5,10.0
Alberta,2022-10-01,Part-time students,78.1,78.1,9.3
Alberta,2022-10-01,Students,37.1,40.6,8.6
Alberta,2022-10-01,"Total, all students and non-students",53.5,59.1,9.4
Alberta,2022-11-01,Full-time students,36.6,39.5,7.2
Alberta,2022-11-01,Non-students,77.4,85.9,9.9
Alberta,2022-11-01,Part-time students,60.5,63.7,8.4
Alberta,2022-11-01,Students,38.1,40.9,6.9
Alberta,2022-11-01,"Total, all students and non-students",54.5,59.7,8.7
Alberta,2022-12-01,Full-time students,36.5,39.9,8.5
Alberta,2022-12-01,Non-students,79.9,88.9,10.1
Alberta,2022-12-01,Part-time students,73.0,78.5,9.25
Alberta,2022-12-01,Students,38.4,41.9,8.4
Alberta,2022-12-01,"Total, all students and non-students",55.8,61.6,9.4
Alberta,2023-01-01,Full-time students,34.0,38.5,11.7
Alberta,2023-01-01,Non-students,78.4,85.7,8.5
Alberta,2023-01-01,Part-time students,74.2,84.9,11.9
Alberta,2023-01-01,Students,36.1,40.9,11.7
Alberta,2023-01-01,"Total, all students and non-students",53.8,59.6,9.7
Alberta,2023-02-01,Full-time students,36.2,40.1,10.0
Alberta,2023-02-01,Non-students,75.8,86.9,12.7
Alberta,2023-02-01,Part-time students,67.2,76.8,12.5
Alberta,2023-02-01,Students,38.1,42.5,10.2
Alberta,2023-02-01,"Total, all students and non-students",54.2,61.4,11.7
Alberta,2023-03-01,Full-time students,35.5,40.8,13.0
Alberta,2023-03-01,Non-students,78.1,86.5,9.7
Alberta,2023-03-01,Part-time students,70.5,83.9,16.0
Alberta,2023-03-01,Students,37.7,43.5,13.4
Alberta,2023-03-01,"Total, all students and non-students",55.1,62.0,11.2
Alberta,2023-04-01,Full-time students,36.0,40.3,10.6
Alberta,2023-04-01,Non-students,77.0,86.7,11.1
Alberta,2023-04-01,Part-time students,71.1,80.8,12.4
Alberta,2023-04-01,Students,38.7,43.4,10.9
Alberta,2023-04-01,"Total, all students and non-students",55.2,62.0,11.0
Alberta,2023-09-01,Full-time students,33.6,39.7,15.4
Alberta,2023-09-01,Non-students,73.1,84.7,13.6
Alberta,2023-09-01,Part-time students,58.5,66.3,11.7
Alberta,2023-09-01,Students,35.4,41.6,15.1
Alberta,2023-09-01,"Total, all students and non-students",50.5,58.9,14.2
Alberta,2023-10-01,Full-time students,35.0,39.0,10.3
Alberta,2023-10-01,Non-students,76.7,85.6,10.4
Alberta,2023-10-01,Part-time students,76.8,83.1,7.6
Alberta,2023-10-01,Students,38.6,42.8,9.9
Alberta,2023-10-01,"Total, all students and non-students",53.1,59.0,10.1
Alberta,2023-11-01,Full-time students,36.8,42.2,12.6
Alberta,2023-11-01,Non-students,70.5,83.4,15.4
Alberta,2023-11-01,Part-time students,68.2,77.7,12.2
Alberta,2023-11-01,Students,39.0,44.6,12.6
Alberta,2023-11-01,"Total, all students and non-students",51.7,60.3,14.2
Alberta,2023-12-01,Full-time students,39.3,44.4,11.7
Alberta,2023-12-01,Non-students,69.5,81.2,14.4
Alberta,2023-12-01,Part-time students,63.3,65.3,12.600000000000001
Alberta,2023-12-01,Students,41.0,46.0,10.8
Alberta,2023-12-01,"Total, all students and non-students",52.6,60.3,12.8
Alberta,2024-01-01,Full-time students,35.4,40.0,11.4
Alberta,2024-01-01,Non-students,69.7,84.8,17.8
Alberta,2024-01-01,Part-time students,80.9,90.5,10.5
Alberta,2024-01-01,Students,38.8,43.8,11.3
Alberta,2024-01-01,"Total, all students and non-students",50.8,59.7,14.9
Alberta,2024-02-01,Full-time students,37.2,43.5,14.5
Alberta,2024-02-01,Non-students,72.9,86.4,15.6
Alberta,2024-02-01,Part-time students,70.0,79.4,11.9
Alberta,2024-02-01,Students,39.5,46.1,14.1
Alberta,2024-02-01,"Total, all students and non-students",52.3,61.5,15.0
Alberta,2024-03-01,Full-time students,33.9,40.0,15.3
Alberta,2024-03-01,Non-students,74.3,87.1,14.7
Alberta,2024-03-01,Part-time students,74.9,81.6,8.3
Alberta,2024-03-01,Students,37.0,43.2,14.3
Alberta,2024-03-01,"Total, all students and non-students",51.4,60.2,14.5
Alberta,2024-04-01,Full-time students,36.5,44.8,18.5
Alberta,2024-04-01,Non-students,73.2,86.6,15.5
Alberta,2024-04-01,Part-time students,51.8,72.3,28.3
Alberta,2024-04-01,Students,37.5,46.6,19.5
Alberta,2024-04-01,"Total, all students and non-students",52.4,63.3,17.2
Alberta,2024-09-01,Full-time students,33.5,40.3,17.1
Alberta,2024-09-01,Non-students,76.3,88.2,13.6
Alberta,2024-09-01,Part-time students,34.9,55.6,37.2
Alberta,2024-09-01,Students,33.5,41.1,18.4
Alberta,2024-09-01,"Total, all students and non-students",51.4,60.8,15.5
Alberta,2024-10-01,Full-time students,34.8,40.2,13.5
Alberta,2024-10-01,Non-students,73.9,88.1,16.1
Alberta,2024-10-01,Part-time students,77.5,82.0,14.200000000000001
Alberta,2024-10-01,Students,38.2,43.5,12.3
Alberta,2024-10-01,"Total, all students and non-students",52.4,61.3,14.4
Alberta,2024-11-01,Full-time students,35.8,40.3,11.1
Alberta,2024-11-01,Non-students,75.9,89.6,15.2
Alberta,2024-11-01,Part-time students,70.1,78.1,13.1
Alberta,2024-11-01,Students,37.6,42.3,11.0
Alberta,2024-11-01,"Total, all students and non-students",53.4,61.8,13.5
Alberta,2024-12-01,Full-time students,38.1,43.2,11.7
Alberta,2024-12-01,Non-students,79.5,90.6,12.2
Alberta,2024-12-01,Part-time students,66.5,84.9,21.7
Alberta,2024-12-01,Students,39.6,45.3,12.7
Alberta,2024-12-01,"Total, all students and non-students",55.7,63.6,12.4
Alberta,2025-01-01,Full-time students,37.9,43.3,12.4
Alberta,2025-01-01,Non-students,73.5,85.4,13.9
Alberta,2025-01-01,Part-time students,66.1,76.0,13.0
Alberta,2025-01-01,Students,39.8,45.4,12.4
Alberta,2025-01-01,"Total, all students and non-students",53.1,61.1,13.2
Alberta,2025-02-01,Full-time students,34.4,39.1,12.0
Alberta,2025-02-01,Non-students,74.8,87.1,14.2
Alberta,2025-02-01,Part-time students,68.7,80.7,14.9
Alberta,2025-02-01,Students,37.0,42.3,12.5
Alberta,2025-02-01,"Total, all students and non-students",52.5,60.7,13.5
Alberta,2025-03-01,Full-time students,34.3,41.4,17.2
Alberta,2025-03-01,Non-students,76.7,89.0,13.9
Alberta,2025-03-01,Part-time students,61.3,77.5,20.5
Alberta,2025-03-01,Students,36.2,44.0,17.6
Alberta,2025-03-01,"Total, all students and non-students",51.9,61.4,15.5
Alberta,2025-04-01,Full-time students,32.9,44.0,25.1
Alberta,2025-04-01,Non-students,75.1,87.6,14.3
Alberta,2025-04-01,Part-time students,63.3,75.5,16.2
Alberta,2025-04-01,Students,35.0,46.1,24.1
Alberta,2025-04-01,"Total, all students and non-students",51.9,63.7,18.4
Alberta,2025-09-01,Full-time students,36.0,45.1,20.3
Alberta,2025-09-01,Non-students,76.8,87.6,12.2
Alberta,2025-09-01,Part-time students,72.8,81.7,10.9
Alberta,2025-09-01,Students,38.0,47.1,19.4
Alberta,2025-09-01,"Total, all students and non-students",52.0,61.7,15.7
Alberta,2025-10-01,Full-time students,38.1,45.9,17.0
Alberta,2025-10-01,Non-students,68.1,76.7,11.1
Alberta,2025-10-01,Part-time students,76.4,97.1,21.3
Alberta,2025-10-01,Students,40.2,48.7,17.4
Alberta,2025-10-01,"Total, all students and non-students",53.9,62.4,13.6
Alberta,2025-11-01,Full-time students,38.6,46.1,16.3
Alberta,2025-11-01,Non-students,74.4,83.2,10.6
Alberta,2025-11-01,Part-time students,85.9,93.5,8.1
Alberta,2025-11-01,Students,42.2,49.8,15.1
Alberta,2025-11-01,"Total, all students and non-students",54.8,62.9,12.8
Alberta,2025-12-01,Full-time students,35.1,40.1,12.4
Alberta,2025-12-01,Non-students,77.2,89.0,13.2
Alberta,2025-12-01,Part-time students,62.8,75.8,17.2
Alberta,2025-12-01,Students,36.6,42.1,12.9
Alberta,2025-12-01,"Total, all students and non-students",52.0,59.8,13.1
British Columbia,2015-01-01,Full-time students,33.6,36.9,8.9
British Columbia,2015-01-01,Non-students,74.6,85.1,12.4
British Columbia,2015-01-01,Part-time students,71.6,82.4,13.1
British Columbia,2015-01-01,Students,36.4,40.3,9.6
British Columbia,2015-01-01,"Total, all students and non-students",52.3,58.9,11.2
British Columbia,2015-02-01,Full-time students,33.6,37.2,9.6
British Columbia,2015-02-01,Non-students,75.1,87.3,14.0
British Columbia,2015-02-01,Part-time students,69.0,80.6,14.0
British Columbia,2015-02-01,Students,36.9,41.2,10.5
British Columbia,2015-02-01,"Total, all students and non-students",52.6,60.1,12.6
British Columbia,2015-03-01,Full-time students,34.6,38.5,10.0
British Columbia,2015-03-01,Non-students,73.9,82.7,10.7
British Columbia,2015-03-01,Part-time students,77.4,85.8,9.8
British Columbia,2015-03-01,Students,38.3,42.5,10.0
British Columbia,2015-03-01,"Total, all students and non-students",53.9,60.2,10.4
British Columbia,2015-04-01,Full-time students,33.4,37.2,10.2
British Columbia,2015-04-01,Non-students,75.7,84.6,10.5
British Columbia,2015-04-01,Part-time students,71.2,76.7,7.2
British Columbia,2015-04-01,Students,36.6,40.6,9.7
British Columbia,2015-04-01,"Total, all students and non-students",52.5,58.5,10.2
British Columbia,2015-09-01,Full-time students,33.0,38.8,14.8
British Columbia,2015-09-01,Non-students,80.0,89.7,10.7
British Columbia,2015-09-01,Part-time students,60.9,81.6,25.3
British Columbia,2015-09-01,Students,35.3,42.3,16.5
British Columbia,2015-09-01,"Total, all students and non-students",54.3,62.4,13.0
British Columbia,2015-10-01,Full-time students,37.6,42.8,12.1
British Columbia,2015-10-01,Non-students,79.2,87.6,9.5
British Columbia,2015-10-01,Part-time students,72.1,77.9,7.5
British Columbia,2015-10-01,Students,40.4,45.6,11.4
British Columbia,2015-10-01,"Total, all students and non-students",57.3,63.9,10.3
British Columbia,2015-11-01,Full-time students,37.4,40.0,6.4
British Columbia,2015-11-01,Non-students,78.9,89.2,11.6
British Columbia,2015-11-01,Part-time students,70.2,75.8,9.05
British Columbia,2015-11-01,Students,39.6,42.3,6.5
British Columbia,2015-11-01,"Total, all students and non-students",56.1,62.0,9.6
British Columbia,2015-12-01,Full-time students,36.9,39.5,6.7
British Columbia,2015-12-01,Non-students,79.1,89.7,11.8
British Columbia,2015-12-01,Part-time students,66.4,84.8,21.7
British Columbia,2015-12-01,Students,39.1,43.0,9.0
British Columbia,2015-12-01,"Total, all students and non-students",56.4,63.1,10.7
British Columbia,2016-01-01,Full-time students,32.0,38.2,16.0
British Columbia,2016-01-01,Non-students,79.8,89.6,10.9
British Columbia,2016-01-01,Part-time students,70.3,75.0,12.8
British Columbia,2016-01-01,Students,34.9,40.9,14.7
British Columbia,2016-01-01,"Total, all students and non-students",53.1,60.6,12.4
British Columbia,2016-02-01,Full-time students,33.8,40.3,16.0
British Columbia,2016-02-01,Non-students,79.5,89.7,11.4
British Columbia,2016-02-01,Part-time students,67.8,77.5,12.6
British Columbia,2016-02-01,Students,36.5,43.2,15.5
British Columbia,2016-02-01,"Total, all students and non-students",54.0,62.1,13.1
British Columbia,2016-03-01,Full-time students,37.5,41.4,9.2
British Columbia,2016-03-01,Non-students,73.4,84.4,13.0
British Columbia,2016-03-01,Part-time students,67.5,79.6,15.3
British Columbia,2016-03-01,Students,40.5,45.1,10.3
British Columbia,2016-03-01,"Total, all students and non-students",54.3,61.6,11.8
British Columbia,2016-04-01,Full-time students,35.1,38.9,9.7
British Columbia,2016-04-01,Non-students,80.5,87.7,8.2
British Columbia,2016-04-01,Part-time students,64.4,72.8,11.6
British Columbia,2016-04-01,Students,37.6,41.7,10.0
British Columbia,2016-04-01,"Total, all students and non-students",53.6,58.9,9.0
British Columbia,2016-09-01,Full-time students,37.5,43.5,13.9
British Columbia,2016-09-01,Non-students,79.9,87.3,8.5
British Columbia,2016-09-01,Part-time students,74.6,80.2,7.0
British Columbia,2016-09-01,Students,40.5,46.5,12.9
British Columbia,2016-09-01,"Total, all students and non-students",56.6,63.2,10.4
British Columbia,2016-10-01,Full-time students,39.7,43.8,9.3
British Columbia,2016-10-01,Non-students,81.1,89.8,9.7
British Columbia,2016-10-01,Part-time students,67.6,80.8,16.2
British Columbia,2016-10-01,Students,42.4,47.3,10.4
British Columbia,2016-10-01,"Total, all students and non-students",57.3,63.7,10.0
British Columbia,2016-11-01,Full-time students,42.3,45.7,7.4
British Columbia,2016-11-01,Non-students,76.6,86.3,11.3
British Columbia,2016-11-01,Part-time students,60.1,66.2,8.7
British Columbia,2016-11-01,Students,44.0,47.6,7.6
British Columbia,2016-11-01,"Total, all students and non-students",56.4,62.4,9.5
British Columbia,2016-12-01,Full-time students,41.1,44.2,7.0
British Columbia,2016-12-01,Non-students,80.9,87.0,7.0
British Columbia,2016-12-01,Part-time students,73.9,81.1,8.8
British Columbia,2016-12-01,Students,43.9,47.4,7.3
British Columbia,2016-12-01,"Total, all students and non-students",58.6,63.1,7.2
British Columbia,2017-01-01,Full-time students,39.5,44.8,11.9
British Columbia,2017-01-01,Non-students,78.7,87.3,9.8
British Columbia,2017-01-01,Part-time students,79.9,86.1,6.8
British Columbia,2017-01-01,Students,43.0,48.4,11.1
British Columbia,2017-01-01,"Total, all students and non-students",56.6,63.2,10.4
British Columbia,2017-02-01,Full-time students,38.7,42.9,9.8
British Columbia,2017-02-01,Non-students,81.1,88.7,8.7
British Columbia,2017-02-01,Part-time students,61.9,70.3,11.5
British Columbia,2017-02-01,Students,40.9,45.5,10.0
British Columbia,2017-02-01,"Total, all students and non-students",56.8,62.6,9.3
British Columbia,2017-03-01,Full-time students,40.0,45.0,11.3
British Columbia,2017-03-01,Non-students,80.4,87.8,8.6
British Columbia,2017-03-01,Part-time students,74.8,80.7,7.4
British Columbia,2017-03-01,Students,43.1,48.3,10.7
British Columbia,2017-03-01,"Total, all students and non-students",59.4,65.5,9.4
British Columbia,2017-04-01,Full-time students,38.6,43.2,10.5
British Columbia,2017-04-01,Non-students,82.0,90.5,9.5
British Columbia,2017-04-01,Part-time students,76.1,76.5,9.35
British Columbia,2017-04-01,Students,41.5,45.7,9.2
British Columbia,2017-04-01,"Total, all students and non-students",58.1,64.1,9.4
British Columbia,2017-09-01,Full-time students,41.3,45.0,8.1
British Columbia,2017-09-01,Non-students,80.6,88.1,8.4
British Columbia,2017-09-01,Part-time students,63.4,72.4,12.4
British Columbia,2017-09-01,Students,43.5,47.7,8.7
British Columbia,2017-09-01,"Total, all students and non-students",59.5,65.0,8.6
British Columbia,2017-10-01,Full-time students,42.4,46.7,9.2
British Columbia,2017-10-01,Non-students,81.1,89.5,9.4
British Columbia,2017-10-01,Part-time students,77.0,81.0,8.95
British Columbia,2017-10-01,Students,45.7,49.9,8.5
British Columbia,2017-10-01,"Total, all students and non-students",60.8,66.8,9.0
British Columbia,2017-11-01,Full-time students,46.2,49.3,6.3
British Columbia,2017-11-01,Non-students,83.5,88.9,6.1
British Columbia,2017-11-01,Part-time students,58.2,68.1,14.5
British Columbia,2017-11-01,Students,47.4,51.1,7.3
British Columbia,2017-11-01,"Total, all students and non-students",63.1,67.5,6.6
British Columbia,2017-12-01,Full-time students,46.8,48.1,2.7
British Columbia,2017-12-01,Non-students,80.6,86.2,6.5
British Columbia,2017-12-01,Part-time students,66.8,75.3,11.4
British Columbia,2017-12-01,Students,49.0,51.1,4.1
British Columbia,2017-12-01,"Total, all students and non-students",62.1,65.6,5.4
British Columbia,2018-01-01,Full-time students,43.4,45.7,5.1
British Columbia,2018-01-01,Non-students,77.5,84.9,8.8
British Columbia,2018-01-01,Part-time students,69.8,74.0,6.0
British Columbia,2018-01-01,Students,45.9,48.5,5.2
British Columbia,2018-01-01,"Total, all students and non-students",59.0,63.6,7.1
British Columbia,2018-02-01,Full-time students,42.6,45.4,6.1
British Columbia,2018-02-01,Non-students,78.8,86.5,8.9
British Columbia,2018-02-01,Part-time students,59.5,67.9,12.3
British Columbia,2018-02-01,Students,44.2,47.5,7.0
British Columbia,2018-02-01,"Total, all students and non-students",58.4,63.5,8.0
British Columbia,2018-03-01,Full-time students,39.5,41.4,4.8
British Columbia,2018-03-01,Non-students,79.9,87.0,8.2
British Columbia,2018-03-01,Part-time students,72.2,74.7,6.35
British Columbia,2018-03-01,Students,43.1,45.1,4.5
British Columbia,2018-03-01,"Total, all students and non-students",58.0,62.1,6.6
British Columbia,2018-04-01,Full-time students,39.6,42.0,5.6
British Columbia,2018-04-01,Non-students,79.8,87.4,8.8
British Columbia,2018-04-01,Part-time students,63.8,70.5,9.5
British Columbia,2018-04-01,Students,41.8,44.5,6.1
British Columbia,2018-04-01,"Total, all students and non-students",57.3,62.1,7.7
British Columbia,2018-09-01,Full-time students,40.8,44.6,8.5
British Columbia,2018-09-01,Non-students,84.6,88.6,4.6
British Columbia,2018-09-01,Part-time students,81.2,85.8,6.3
British Columbia,2018-09-01,Students,44.1,47.9,8.0
British Columbia,2018-09-01,"Total, all students and non-students",61.2,65.2,6.0
British Columbia,2018-10-01,Full-time students,43.6,47.0,7.3
British Columbia,2018-10-01,Non-students,84.6,88.7,4.6
British Columbia,2018-10-01,Part-time students,75.4,78.8,5.8
British Columbia,2018-10-01,Students,45.7,49.1,7.0
British Columbia,2018-10-01,"Total, all students and non-students",61.1,64.8,5.7
British Columbia,2018-11-01,Full-time students,42.2,44.9,6.0
British Columbia,2018-11-01,Non-students,86.2,91.2,5.4
British Columbia,2018-11-01,Part-time students,67.5,85.1,20.6
British Columbia,2018-11-01,Students,44.0,47.8,7.9
British Columbia,2018-11-01,"Total, all students and non-students",60.4,64.7,6.6
British Columbia,2018-12-01,Full-time students,42.5,46.6,8.8
British Columbia,2018-12-01,Non-students,82.5,88.9,7.2
British Columbia,2018-12-01,Part-time students,77.7,81.7,7.75
British Columbia,2018-12-01,Students,44.9,49.0,8.3
British Columbia,2018-12-01,"Total, all students and non-students",59.6,64.6,7.7
British Columbia,2019-01-01,Full-time students,43.7,48.0,9.0
British Columbia,2019-01-01,Non-students,82.3,91.3,9.8
British Columbia,2019-01-01,Part-time students,75.3,82.1,8.2
British Columbia,2019-01-01,Students,45.5,50.0,9.0
British Columbia,2019-01-01,"Total, all students and non-students",59.5,65.7,9.4
British Columbia,2019-02-01,Full-time students,43.5,46.6,6.6
British Columbia,2019-02-01,Non-students,79.6,88.9,10.4
British Columbia,2019-02-01,Part-time students,82.6,84.0,8.15
British Columbia,2019-02-01,Students,46.6,49.5,5.9
British Columbia,2019-02-01,"Total, all students and non-students",59.6,65.1,8.4
British Columbia,2019-03-01,Full-time students,41.5,45.6,9.1
British Columbia,2019-03-01,Non-students,77.8,88.2,11.7
British Columbia,2019-03-01,Part-time students,79.5,83.7,10.1
British Columbia,2019-03-01,Students,44.8,48.9,8.5
British Columbia,2019-03-01,"Total, all students and non-students",58.6,65.3,10.3
British Columbia,2019-04-01,Full-time students,40.9,45.1,9.2
British Columbia,2019-04-01,Non-students,82.2,89.5,8.2
British Columbia,2019-04-01,Part-time students,73.5,78.9,6.5
British Columbia,2019-04-01,Students,44.4,48.7,8.8
British Columbia,2019-04-01,"Total, all students and non-students",60.4,66.0,8.5
British Columbia,2019-09-01,Full-time students,39.4,43.3,9.0
British Columbia,2019-09-01,Non-students,77.9,86.8,10.3
British Columbia,2019-09-01,Part-time students,63.6,67.7,9.45
British Columbia,2019-09-01,Students,41.2,45.2,8.6
British Columbia,2019-09-01,"Total, all students and non-students",56.6,62.6,9.6
British Columbia,2019-10-01,Full-time students,38.9,43.6,10.8
British Columbia,2019-10-01,Non-students,84.3,90.7,7.0
British Columbia,2019-10-01,Part-time students,72.5,79.6,8.9
British Columbia,2019-10-01,Students,41.8,46.7,10.5
British Columbia,2019-10-01,"Total, all students and non-students",59.8,65.4,8.5
British Columbia,2019-11-01,Full-time students,38.4,41.5,7.5
British Columbia,2019-11-01,Non-students,80.8,89.3,9.6
British Columbia,2019-11-01,Part-time students,70.8,73.8,8.25
British Columbia,2019-11-01,Students,41.6,44.7,6.9
British Columbia,2019-11-01,"Total, all students and non-students",57.5,62.8,8.5
British Columbia,2019-12-01,Full-time students,40.6,42.8,5.0
British Columbia,2019-12-01,Non-students,78.2,84.8,7.9
British Columbia,2019-12-01,Part-time students,67.4,71.9,6.5
British Columbia,2019-12-01,Students,42.7,45.0,5.1
British Columbia,2019-12-01,"Total, all students and non-students",58.1,62.3,6.8
British Columbia,2020-01-01,Full-time students,41.4,44.0,5.8
British Columbia,2020-01-01,Non-students,76.2,84.3,9.5
British Columbia,2020-01-01,Part-time students,58.1,67.9,14.0
British Columbia,2020-01-01,Students,42.9,46.1,7.0
British Columbia,2020-01-01,"Total, all students and non-students",56.0,61.1,8.4
British Columbia,2020-02-01,Full-time students,40.6,44.5,8.7
British Columbia,2020-02-01,Non-students,77.2,86.5,10.8
British Columbia,2020-02-01,Part-time students,67.6,71.8,9.55
British Columbia,2020-02-01,Students,42.9,46.8,8.3
British Columbia,2020-02-01,"Total, all students and non-students",56.5,62.5,9.7
British Columbia,2020-03-01,Full-time students,26.9,35.5,24.1
British Columbia,2020-03-01,Non-students,60.9,76.1,20.0
British Columbia,2020-03-01,Part-time students,67.3,78.2,14.5
British Columbia,2020-03-01,Students,29.7,38.4,22.7
British Columbia,2020-03-01,"Total, all students and non-students",44.3,56.1,21.0
British Columbia,2020-04-01,Full-time students,20.6,28.8,28.3
British Columbia,2020-04-01,Non-students,49.1,65.5,25.2
British Columbia,2020-04-01,Part-time students,55.6,65.1,14.6
British Columbia,2020-04-01,Students,23.2,31.4,26.2
British Columbia,2020-04-01,"Total, all students and non-students",35.0,47.0,25.5
British Columbia,2020-09-01,Full-time students,32.3,41.4,22.0
British Columbia,2020-09-01,Non-students,73.5,84.9,13.4
British Columbia,2020-09-01,Part-time students,75.7,78.9,16.4
British Columbia,2020-09-01,Students,35.9,44.5,19.4
British Columbia,2020-09-01,"Total, all students and non-students",50.6,60.4,16.1
British Columbia,2020-10-01,Full-time students,33.6,41.2,18.5
British Columbia,2020-10-01,Non-students,74.9,86.6,13.5
British Columbia,2020-10-01,Part-time students,68.0,80.7,15.7
British Columbia,2020-10-01,Students,38.3,46.6,17.8
British Columbia,2020-10-01,"Total, all students and non-students",52.0,61.5,15.5
British Columbia,2020-11-01,Full-time students,37.0,41.9,11.8
British Columbia,2020-11-01,Non-students,69.7,85.5,18.6
British Columbia,2020-11-01,Part-time students,66.8,68.5,14.4
British Columbia,2020-11-01,Students,40.3,44.9,10.2
British Columbia,2020-11-01,"Total, all students and non-students",51.5,60.5,14.7
British Columbia,2020-12-01,Full-time students,29.7,36.9,19.6
British Columbia,2020-12-01,Non-students,73.4,85.0,13.6
British Columbia,2020-12-01,Part-time students,76.7,79.3,14.55
British Columbia,2020-12-01,Students,35.9,42.5,15.5
British Columbia,2020-12-01,"Total, all students and non-students",50.1,58.5,14.5
British Columbia,2021-01-01,Full-time students,35.2,40.8,13.6
British Columbia,2021-01-01,Non-students,66.5,81.2,18.1
British Columbia,2021-01-01,Part-time students,74.7,85.6,12.7
British Columbia,2021-01-01,Students,39.6,45.7,13.4
British Columbia,2021-01-01,"Total, all students and non-students",50.4,60.0,16.0
British Columbia,2021-02-01,Full-time students,34.4,42.5,19.0
British Columbia,2021-02-01,Non-students,75.1,87.3,14.0
British Columbia,2021-02-01,Part-time students,69.9,77.9,10.3
British Columbia,2021-02-01,Students,37.7,45.8,17.6
British Columbia,2021-02-01,"Total, all students and non-students",52.7,62.5,15.6
British Columbia,2021-03-01,Full-time students,37.7,45.7,17.3
British Columbia,2021-03-01,Non-students,73.6,85.5,13.9
British Columbia,2021-03-01,Part-time students,77.5,83.3,7.1
British Columbia,2021-03-01,Students,42.4,50.1,15.3
British Columbia,2021-03-01,"Total, all students and non-students",55.5,64.9,14.6
British Columbia,2021-04-01,Full-time students,34.3,40.4,15.2
British Columbia,2021-04-01,Non-students,74.4,83.2,10.5
British Columbia,2021-04-01,Part-time students,76.3,78.7,11.8
British Columbia,2021-04-01,Students,38.6,44.4,13.1
British Columbia,2021-04-01,"Total, all students and non-students",52.6,59.6,11.6
British Columbia,2021-09-01,Full-time students,44.2,50.3,12.0
British Columbia,2021-09-01,Non-students,76.8,85.3,10.0
British Columbia,2021-09-01,Part-time students,82.5,92.1,10.1
British Columbia,2021-09-01,Students,47.4,53.7,11.8
British Columbia,2021-09-01,"Total, all students and non-students",59.0,66.2,10.8
British Columbia,2021-10-01,Full-time students,44.3,48.7,9.1
British Columbia,2021-10-01,Non-students,78.9,87.2,9.6
British Columbia,2021-10-01,Part-time students,65.2,72.3,9.8
British Columbia,2021-10-01,Students,46.0,50.7,9.2
British Columbia,2021-10-01,"Total, all students and non-students",58.9,65.0,9.4
British Columbia,2021-11-01,Full-time students,45.5,49.6,8.3
British Columbia,2021-11-01,Non-students,77.9,87.0,10.5
British Columbia,2021-11-01,Part-time students,72.6,84.1,13.6
British Columbia,2021-11-01,Students,48.2,53.0,9.1
British Columbia,2021-11-01,"Total, all students and non-students",59.6,66.1,9.8
British Columbia,2021-12-01,Full-time students,42.7,45.0,5.1
British Columbia,2021-12-01,Non-students,79.2,89.3,11.4
British Columbia,2021-12-01,Part-time students,72.2,81.4,11.3
British Columbia,2021-12-01,Students,45.8,48.9,6.2
British Columbia,2021-12-01,"Total, all students and non-students",58.7,64.4,9.0
British Columbia,2022-01-01,Full-time students,44.4,47.1,5.9
British Columbia,2022-01-01,Non-students,73.9,86.0,14.1
British Columbia,2022-01-01,Part-time students,69.5,72.4,9.85
British Columbia,2022-01-01,Students,47.2,50.1,5.6
British Columbia,2022-01-01,"Total, all students and non-students",57.7,64.2,10.1
British Columbia,2022-02-01,Full-time students,41.8,46.3,9.7
British Columbia,2022-02-01,Non-students,80.0,89.0,10.1
British Columbia,2022-02-01,Part-time students,72.8,76.8,5.2
British Columbia,2022-02-01,Students,45.1,49.5,8.9
British Columbia,2022-02-01,"Total, all students and non-students",59.0,65.3,9.6
British Columbia,2022-03-01,Full-time students,41.0,45.1,9.3
British Columbia,2022-03-01,Non-students,79.1,87.9,10.0
British Columbia,2022-03-01,Part-time students,79.6,81.9,9.1
British Columbia,2022-03-01,Students,44.8,48.8,8.2
British Columbia,2022-03-01,"Total, all students and non-students",59.0,65.0,9.2
British Columbia,2022-04-01,Full-time students,42.0,46.9,10.7
British Columbia,2022-04-01,Non-students,80.0,88.2,9.4
British Columbia,2022-04-01,Part-time students,84.0,88.4,4.9
British Columbia,2022-04-01,Students,45.9,50.8,9.7
British Columbia,2022-04-01,"Total, all students and non-students",58.9,65.1,9.6
British Columbia,2022-09-01,Full-time students,40.9,44.9,9.0
British Columbia,2022-09-01,Non-students,81.5,88.6,8.0
British Columbia,2022-09-01,Part-time students,74.5,76.3,8.1
British Columbia,2022-09-01,Students,43.5,47.4,8.2
British Columbia,2022-09-01,"Total, all students and non-students",58.5,63.6,8.1
British Columbia,2022-10-01,Full-time students,40.3,46.8,13.9
British Columbia,2022-10-01,Non-students,81.3,87.4,7.0
British Columbia,2022-10-01,Part-time students,77.0,86.2,10.7
British Columbia,2022-10-01,Students,43.4,50.1,13.4
British Columbia,2022-10-01,"Total, all students and non-students",58.6,65.0,10.0
British Columbia,2022-11-01,Full-time students,43.4,46.7,7.1
British Columbia,2022-11-01,Non-students,77.7,87.6,11.3
British Columbia,2022-11-01,Part-time students,70.5,80.5,12.9
British Columbia,2022-11-01,Students,45.7,49.6,7.9
British Columbia,2022-11-01,"Total, all students and non-students",58.4,64.7,9.7
British Columbia,2022-12-01,Full-time students,41.6,43.8,5.1
British Columbia,2022-12-01,Non-students,81.8,88.6,7.7
British Columbia,2022-12-01,Part-time students,69.7,76.0,7.8
British Columbia,2022-12-01,Students,43.6,46.1,5.4
British Columbia,2022-12-01,"Total, all students and non-students",58.8,63.0,6.7
British Columbia,2023-01-01,Full-time students,39.4,43.7,9.9
British Columbia,2023-01-01,Non-students,77.8,86.4,10.0
British Columbia,2023-01-01,Part-time students,69.1,81.5,14.7
British Columbia,2023-01-01,Students,41.7,46.6,10.6
British Columbia,2023-01-01,"Total, all students and non-students",56.2,62.6,10.3
British Columbia,2023-02-01,Full-time students,40.8,46.5,12.1
British Columbia,2023-02-01,Non-students,79.0,87.3,9.4
British Columbia,2023-02-01,Part-time students,67.3,76.1,11.6
British Columbia,2023-02-01,Students,42.8,48.7,12.1
British Columbia,2023-02-01,"Total, all students and non-students",56.8,63.7,10.7
British Columbia,2023-03-01,Full-time students,41.4,45.1,8.2
British Columbia,2023-03-01,Non-students,79.4,86.2,7.9
British Columbia,2023-03-01,Part-time students,68.9,74.7,7.7
British Columbia,2023-03-01,Students,44.4,48.3,8.1
British Columbia,2023-03-01,"Total, all students and non-students",59.1,64.3,8.0
British Columbia,2023-04-01,Full-time students,40.4,44.8,9.9
British Columbia,2023-04-01,Non-students,78.1,88.6,11.8
British Columbia,2023-04-01,Part-time students,73.4,79.1,7.2
British Columbia,2023-04-01,Students,43.5,48.0,9.5
British Columbia,2023-04-01,"Total, all students and non-students",56.4,63.2,10.7
British Columbia,2023-09-01,Full-time students,38.6,43.8,11.8
British Columbia,2023-09-01,Non-students,81.0,89.1,9.1
British Columbia,2023-09-01,Part-time students,81.0,87.3,7.3
British Columbia,2023-09-01,Students,43.5,48.8,10.9
British Columbia,2023-09-01,"Total, all students and non-students",58.7,65.1,9.9
British Columbia,2023-10-01,Full-time students,39.4,43.0,8.4
British Columbia,2023-10-01,Non-students,83.5,89.6,6.8
British Columbia,2023-10-01,Part-time students,81.4,89.8,9.4
British Columbia,2023-10-01,Students,43.3,47.4,8.5
British Columbia,2023-10-01,"Total, all students and non-students",59.3,64.1,7.6
British Columbia,2023-11-01,Full-time students,39.3,42.3,7.2
British Columbia,2023-11-01,Non-students,83.0,89.3,7.1
British Columbia,2023-11-01,Part-time students,71.9,86.1,16.5
British Columbia,2023-11-01,Students,42.8,47.1,9.0
British Columbia,2023-11-01,"Total, all students and non-students",58.4,63.5,8.0
British Columbia,2023-12-01,Full-time students,40.9,43.8,6.6
British Columbia,2023-12-01,Non-students,80.3,87.9,8.6
British Columbia,2023-12-01,Part-time students,86.0,86.0,7.199999999999999
British Columbia,2023-12-01,Students,43.7,46.4,5.8
British Columbia,2023-12-01,"Total, all students and non-students",57.7,62.3,7.3
British Columbia,2024-01-01,Full-time students,38.5,41.3,6.6
British Columbia,2024-01-01,Non-students,79.5,87.2,8.9
British Columbia,2024-01-01,Part-time students,63.9,74.9,14.7
British Columbia,2024-01-01,Students,40.8,44.3,7.9
British Columbia,2024-01-01,"Total, all students and non-students",55.7,60.9,8.4
British Columbia,2024-02-01,Full-time students,35.9,39.2,8.5
British Columbia,2024-02-01,Non-students,82.6,90.6,8.9
British Columbia,2024-02-01,Part-time students,81.3,90.2,9.9
British Columbia,2024-02-01,Students,39.5,43.3,8.7
British Columbia,2024-02-01,"Total, all students and non-students",55.8,61.2,8.8
British Columbia,2024-03-01,Full-time students,36.7,42.3,13.2
British Columbia,2024-03-01,Non-students,80.4,88.0,8.7
British Columbia,2024-03-01,Part-time students,77.7,89.6,13.3
British Columbia,2024-03-01,Students,40.1,46.2,13.2
British Columbia,2024-03-01,"Total, all students and non-students",56.2,62.9,10.7
British Columbia,2024-04-01,Full-time students,38.1,42.4,10.0
British Columbia,2024-04-01,Non-students,81.8,89.5,8.5
British Columbia,2024-04-01,Part-time students,65.3,69.4,5.9
British Columbia,2024-04-01,Students,40.7,44.9,9.5
British Columbia,2024-04-01,"Total, all students and non-students",57.0,62.6,8.9
British Columbia,2024-09-01,Full-time students,31.8,39.5,19.6
British Columbia,2024-09-01,Non-students,76.1,85.0,10.5
British Columbia,2024-09-01,Part-time students,67.6,71.0,14.15
British Columbia,2024-09-01,Students,34.2,41.6,17.8
British Columbia,2024-09-01,"Total, all students and non-students",51.5,59.6,13.5
British Columbia,2024-10-01,Full-time students,33.0,40.0,17.4
British Columbia,2024-10-01,Non-students,74.9,84.4,11.3
British Columbia,2024-10-01,Part-time students,69.9,77.9,10.3
British Columbia,2024-10-01,Students,35.8,42.8,16.4
British Columbia,2024-10-01,"Total, all students and non-students",51.6,59.6,13.5
British Columbia,2024-11-01,Full-time students,30.8,36.1,14.7
British Columbia,2024-11-01,Non-students,76.2,86.1,11.5
British Columbia,2024-11-01,Part-time students,76.9,84.1,8.6
British Columbia,2024-11-01,Students,34.6,40.1,13.6
British Columbia,2024-11-01,"Total, all students and non-students",50.3,57.4,12.4
British Columbia,2024-12-01,Full-time students,33.6,37.3,10.2
British Columbia,2024-12-01,Non-students,77.2,87.4,11.6
British Columbia,2024-12-01,Part-time students,69.0,77.9,11.8
British Columbia,2024-12-01,Students,35.9,40.0,10.3
British Columbia,2024-12-01,"Total, all students and non-students",51.9,58.4,11.1
British Columbia,2025-01-01,Full-time students,34.4,38.8,11.5
British Columbia,2025-01-01,Non-students,76.3,87.3,12.6
British Columbia,2025-01-01,Part-time students,56.7,64.6,12.2
British Columbia,2025-01-01,Students,36.2,40.9,11.6
British Columbia,2025-01-01,"Total, all students and non-students",50.6,57.6,12.1
British Columbia,2025-02-01,Full-time students,30.8,35.7,13.6
British Columbia,2025-02-01,Non-students,75.0,85.3,12.2
British Columbia,2025-02-01,Part-time students,70.7,79.3,10.9
British Columbia,2025-02-01,Students,34.5,39.7,13.1
British Columbia,2025-02-01,"Total, all students and non-students",49.5,56.6,12.6
British Columbia,2025-03-01,Full-time students,31.5,37.0,14.9
British Columbia,2025-03-01,Non-students,77.1,88.0,12.4
British Columbia,2025-03-01,Part-time students,62.1,69.7,10.8
British Columbia,2025-03-01,Students,34.0,39.7,14.3
British Columbia,2025-03-01,"Total, all students and non-students",50.3,57.9,13.2
British Columbia,2025-04-01,Full-time students,29.9,37.4,20.1
British Columbia,2025-04-01,Non-students,79.6,87.2,8.7
British Columbia,2025-04-01,Part-time students,65.1,75.6,13.9
British Columbia,2025-04-01,Students,33.3,41.1,19.0
British Columbia,2025-04-01,"Total, all students and non-students",51.6,59.3,13.0
British Columbia,2025-09-01,Full-time students,33.5,40.5,17.2
British Columbia,2025-09-01,Non-students,74.1,84.2,12.0
British Columbia,2025-09-01,Part-time students,65.3,75.6,14.1
British Columbia,2025-09-01,Students,36.2,43.5,16.8
British Columbia,2025-09-01,"Total, all students and non-students",50.2,58.5,14.2
British Columbia,2025-10-01,Full-time students,34.5,40.9,15.7
British Columbia,2025-10-01,Non-students,71.7,85.2,15.8
British Columbia,2025-10-01,Part-time students,67.1,78.1,14.0
British Columbia,2025-10-01,Students,37.3,44.1,15.4
British Columbia,2025-10-01,"Total, all students and non-students",49.7,59.0,15.6
British Columbia,2025-11-01,Full-time students,34.6,40.8,15.1
British Columbia,2025-11-01,Non-students,77.0,85.3,9.7
British Columbia,2025-11-01,Part-time students,69.9,76.2,8.6
British Columbia,2025-11-01,Students,37.9,44.1,14.0
British Columbia,2025-11-01,"Total, all students and non-students",51.9,58.8,11.8
British Columbia,2025-12-01,Full-time students,33.3,37.2,10.5
British Columbia,2025-12-01,Non-students,74.2,82.7,10.4
British Columbia,2025-12-01,Part-time students,68.3,80.0,14.7
British Columbia,2025-12-01,Students,35.9,40.4,11.1
British Columbia,2025-12-01,"Total, all students and non-students",49.9,55.8,10.7
Manitoba,2015-01-01,Full-time students,40.5,48.3,16.0
Manitoba,2015-01-01,Non-students,77.7,85.7,9.3
Manitoba,2015-01-01,Part-time students,69.0,78.6,12.1
Manitoba,2015-01-01,Students,43.0,51.0,15.5
Manitoba,2015-01-01,"Total, all students and non-students",58.5,66.4,11.9
Manitoba,2015-02-01,Full-time students,37.5,44.5,15.8
Manitoba,2015-02-01,Non-students,78.0,86.4,9.7
Manitoba,2015-02-01,Part-time students,76.3,82.9,12.05
Manitoba,2015-02-01,Students,40.8,47.7,14.4
Manitoba,2015-02-01,"Total, all students and non-students",58.1,65.7,11.6
Manitoba,2015-03-01,Full-time students,39.7,46.5,14.7
Manitoba,2015-03-01,Non-students,77.6,85.8,9.7
Manitoba,2015-03-01,Part-time students,81.5,88.9,8.3
Manitoba,2015-03-01,Students,43.3,50.2,13.7
Manitoba,2015-03-01,"Total, all students and non-students",58.4,65.8,11.3
Manitoba,2015-04-01,Full-time students,38.8,46.1,15.5
Manitoba,2015-04-01,Non-students,77.5,86.2,10.1
Manitoba,2015-04-01,Part-time students,63.8,72.5,12.1
Manitoba,2015-04-01,Students,41.1,48.5,15.3
Manitoba,2015-04-01,"Total, all students and non-students",57.7,65.6,12.1
Manitoba,2015-09-01,Full-time students,41.3,46.2,10.8
Manitoba,2015-09-01,Non-students,78.3,87.6,10.6
Manitoba,2015-09-01,Part-time students,62.3,69.6,10.4
Manitoba,2015-09-01,Students,43.0,48.1,10.5
Manitoba,2015-09-01,"Total, all students and non-students",59.4,66.5,10.6
Manitoba,2015-10-01,Full-time students,40.6,46.4,12.5
Manitoba,2015-10-01,Non-students,79.9,88.0,9.3
Manitoba,2015-10-01,Part-time students,62.9,72.9,13.7
Manitoba,2015-10-01,Students,42.4,48.5,12.6
Manitoba,2015-10-01,"Total, all students and non-students",59.7,66.8,10.6
Manitoba,2015-11-01,Full-time students,41.7,47.6,12.3
Manitoba,2015-11-01,Non-students,77.8,86.8,10.4
Manitoba,2015-11-01,Part-time students,67.6,74.3,9.1
Manitoba,2015-11-01,Students,43.8,49.7,11.9
Manitoba,2015-11-01,"Total, all students and non-students",58.9,66.2,11.0
Manitoba,2015-12-01,Full-time students,42.0,47.6,11.7
Manitoba,2015-12-01,Non-students,77.4,85.4,9.5
Manitoba,2015-12-01,Part-time students,59.4,71.0,16.3
Manitoba,2015-12-01,Students,43.3,49.3,12.2
Manitoba,2015-12-01,"Total, all students and non-students",58.1,65.0,10.7
Manitoba,2016-01-01,Full-time students,37.9,44.2,14.4
Manitoba,2016-01-01,Non-students,72.5,83.2,12.7
Manitoba,2016-01-01,Part-time students,78.3,83.1,12.75
Manitoba,2016-01-01,Students,41.6,47.8,12.8
Manitoba,2016-01-01,"Total, all students and non-students",55.3,63.5,12.9
Manitoba,2016-02-01,Full-time students,37.4,42.9,13.0
Manitoba,2016-02-01,Non-students,75.7,85.4,11.4
Manitoba,2016-02-01,Part-time students,65.5,77.4,15.4
Manitoba,2016-02-01,Students,40.1,46.1,13.3
Manitoba,2016-02-01,"Total, all students and non-students",55.9,63.7,12.1
Manitoba,2016-03-01,Full-time students,38.0,45.1,15.7
Manitoba,2016-03-01,Non-students,77.4,86.4,10.5
Manitoba,2016-03-01,Part-time students,63.0,80.4,21.6
Manitoba,2016-03-01,Students,40.6,48.6,16.7
Manitoba,2016-03-01,"Total, all students and non-students",56.4,64.9,13.0
Manitoba,2016-04-01,Full-time students,38.9,46.2,16.0
Manitoba,2016-04-01,Non-students,80.5,89.1,9.7
Manitoba,2016-04-01,Part-time students,59.8,72.4,19.0
Manitoba,2016-04-01,Students,40.7,48.7,16.4
Manitoba,2016-04-01,"Total, all students and non-students",57.8,66.0,12.4
Manitoba,2016-09-01,Full-time students,38.5,44.1,13.1
Manitoba,2016-09-01,Non-students,78.5,89.7,12.5
Manitoba,2016-09-01,Part-time students,62.3,78.3,20.4
Manitoba,2016-09-01,Students,40.2,46.8,14.0
Manitoba,2016-09-01,"Total, all students and non-students",58.0,66.7,13.1
Manitoba,2016-10-01,Full-time students,40.8,46.8,13.0
Manitoba,2016-10-01,Non-students,78.0,86.1,9.4
Manitoba,2016-10-01,Part-time students,66.2,76.5,13.5
Manitoba,2016-10-01,Students,42.7,49.1,12.9
Manitoba,2016-10-01,"Total, all students and non-students",58.7,65.9,10.8
Manitoba,2016-11-01,Full-time students,39.6,44.9,11.9
Manitoba,2016-11-01,Non-students,77.5,87.6,11.5
Manitoba,2016-11-01,Part-time students,65.0,75.0,13.3
Manitoba,2016-11-01,Students,41.8,47.6,12.1
Manitoba,2016-11-01,"Total, all students and non-students",57.9,65.7,11.7
Manitoba,2016-12-01,Full-time students,40.9,46.7,12.4
Manitoba,2016-12-01,Non-students,78.7,87.2,9.8
Manitoba,2016-12-01,Part-time students,67.6,72.1,10.75
Manitoba,2016-12-01,Students,42.8,48.6,11.7
Manitoba,2016-12-01,"Total, all students and non-students",59.0,66.0,10.7
Manitoba,2017-01-01,Full-time students,39.4,45.3,12.8
Manitoba,2017-01-01,Non-students,74.4,85.1,12.7
Manitoba,2017-01-01,Part-time students,62.3,78.7,20.8
Manitoba,2017-01-01,Students,40.9,47.4,13.7
Manitoba,2017-01-01,"Total, all students and non-students",55.6,64.0,13.1
Manitoba,2017-02-01,Full-time students,39.0,45.1,13.6
Manitoba,2017-02-01,Non-students,73.4,84.4,13.0
Manitoba,2017-02-01,Part-time students,72.4,78.9,8.3
Manitoba,2017-02-01,Students,41.8,47.9,12.9
Manitoba,2017-02-01,"Total, all students and non-students",55.4,63.7,12.9
Manitoba,2017-03-01,Full-time students,38.7,44.2,12.7
Manitoba,2017-03-01,Non-students,77.0,87.6,12.1
Manitoba,2017-03-01,Part-time students,68.1,73.9,9.8
Manitoba,2017-03-01,Students,40.7,46.4,12.1
Manitoba,2017-03-01,"Total, all students and non-students",55.9,63.6,12.1
Manitoba,2017-04-01,Full-time students,40.2,46.5,13.9
Manitoba,2017-04-01,Non-students,78.6,86.5,9.2
Manitoba,2017-04-01,Part-time students,55.8,66.2,15.7
Manitoba,2017-04-01,Students,41.4,48.2,14.1
Manitoba,2017-04-01,"Total, all students and non-students",57.2,64.4,11.3
Manitoba,2017-09-01,Full-time students,40.0,47.3,15.1
Manitoba,2017-09-01,Non-students,77.0,85.5,9.9
Manitoba,2017-09-01,Part-time students,77.3,84.8,8.9
Manitoba,2017-09-01,Students,42.9,50.2,14.6
Manitoba,2017-09-01,"Total, all students and non-students",58.8,66.6,11.7
Manitoba,2017-10-01,Full-time students,42.7,48.2,11.5
Manitoba,2017-10-01,Non-students,77.4,84.7,8.7
Manitoba,2017-10-01,Part-time students,81.8,85.7,9.6
Manitoba,2017-10-01,Students,45.9,51.3,10.5
Manitoba,2017-10-01,"Total, all students and non-students",60.2,66.5,9.5
Manitoba,2017-11-01,Full-time students,42.1,46.8,10.0
Manitoba,2017-11-01,Non-students,77.3,85.6,9.7
Manitoba,2017-11-01,Part-time students,77.1,90.0,12.7
Manitoba,2017-11-01,Students,44.7,50.0,10.3
Manitoba,2017-11-01,"Total, all students and non-students",58.8,65.4,10.0
Manitoba,2017-12-01,Full-time students,43.1,47.1,8.6
Manitoba,2017-12-01,Non-students,76.1,84.2,9.6
Manitoba,2017-12-01,Part-time students,81.3,84.4,8.8
Manitoba,2017-12-01,Students,45.7,49.7,8.0
Manitoba,2017-12-01,"Total, all students and non-students",59.2,65.0,8.9
Manitoba,2018-01-01,Full-time students,42.9,47.9,10.7
Manitoba,2018-01-01,Non-students,74.1,83.8,11.5
Manitoba,2018-01-01,Part-time students,76.7,80.8,10.75
Manitoba,2018-01-01,Students,45.4,50.5,10.0
Manitoba,2018-01-01,"Total, all students and non-students",57.5,64.6,10.8
Manitoba,2018-02-01,Full-time students,42.1,47.4,11.2
Manitoba,2018-02-01,Non-students,74.6,84.4,11.6
Manitoba,2018-02-01,Part-time students,67.3,74.5,9.6
Manitoba,2018-02-01,Students,44.6,50.1,11.0
Manitoba,2018-02-01,"Total, all students and non-students",57.0,64.3,11.3
Manitoba,2018-03-01,Full-time students,42.5,48.0,11.4
Manitoba,2018-03-01,Non-students,76.9,86.5,11.1
Manitoba,2018-03-01,Part-time students,68.3,75.6,8.1
Manitoba,2018-03-01,Students,44.7,50.2,11.0
Manitoba,2018-03-01,"Total, all students and non-students",57.7,64.9,11.0
Manitoba,2018-04-01,Full-time students,41.8,48.5,13.7
Manitoba,2018-04-01,Non-students,79.3,87.8,9.4
Manitoba,2018-04-01,Part-time students,63.5,75.0,15.4
Manitoba,2018-04-01,Students,43.1,50.0,13.8
Manitoba,2018-04-01,"Total, all students and non-students",59.0,66.6,11.4
Manitoba,2018-09-01,Full-time students,41.3,48.5,14.8
Manitoba,2018-09-01,Non-students,77.1,85.1,9.4
Manitoba,2018-09-01,Part-time students,75.3,75.3,11.2
Manitoba,2018-09-01,Students,44.1,50.7,13.0
Manitoba,2018-09-01,"Total, all students and non-students",58.9,66.1,10.9
Manitoba,2018-10-01,Full-time students,40.7,46.7,13.0
Manitoba,2018-10-01,Non-students,76.9,84.3,8.9
Manitoba,2018-10-01,Part-time students,64.8,75.0,14.8
Manitoba,2018-10-01,Students,43.4,50.0,13.3
Manitoba,2018-10-01,"Total, all students and non-students",58.0,65.0,10.8
Manitoba,2018-11-01,Full-time students,39.2,43.1,9.1
Manitoba,2018-11-01,Non-students,75.3,86.1,12.5
Manitoba,2018-11-01,Part-time students,76.3,86.3,11.6
Manitoba,2018-11-01,Students,42.3,46.7,9.5
Manitoba,2018-11-01,"Total, all students and non-students",56.7,63.9,11.3
Manitoba,2018-12-01,Full-time students,41.8,46.7,10.4
Manitoba,2018-12-01,Non-students,76.6,86.4,11.4
Manitoba,2018-12-01,Part-time students,67.2,72.1,10.8
Manitoba,2018-12-01,Students,43.4,48.3,10.2
Manitoba,2018-12-01,"Total, all students and non-students",58.3,65.3,10.9
Manitoba,2019-01-01,Full-time students,41.7,47.1,11.4
Manitoba,2019-01-01,Non-students,72.3,85.2,15.1
Manitoba,2019-01-01,Part-time students,65.4,78.2,16.4
Manitoba,2019-01-01,Students,43.7,49.6,12.0
Manitoba,2019-01-01,"Total, all students and non-students",56.4,65.4,13.8
Manitoba,2019-02-01,Full-time students,39.5,42.1,6.2
Manitoba,2019-02-01,Non-students,74.1,85.2,12.8
Manitoba,2019-02-01,Part-time students,76.2,84.1,9.4
Manitoba,2019-02-01,Students,42.0,45.0,6.6
Manitoba,2019-02-01,"Total, all students and non-students",56.2,62.7,10.4
Manitoba,2019-03-01,Full-time students,41.4,45.1,8.0
Manitoba,2019-03-01,Non-students,76.1,85.0,10.5
Manitoba,2019-03-01,Part-time students,68.4,77.6,11.9
Manitoba,2019-03-01,Students,43.5,47.7,8.7
Manitoba,2019-03-01,"Total, all students and non-students",57.4,63.6,9.7
Manitoba,2019-04-01,Full-time students,41.8,46.5,10.2
Manitoba,2019-04-01,Non-students,78.3,87.7,10.7
Manitoba,2019-04-01,Part-time students,66.7,68.3,10.1
Manitoba,2019-04-01,Students,43.4,47.9,9.5
Manitoba,2019-04-01,"Total, all students and non-students",59.1,65.8,10.2
Manitoba,2019-09-01,Full-time students,36.2,41.8,13.4
Manitoba,2019-09-01,Non-students,80.3,87.6,8.3
Manitoba,2019-09-01,Part-time students,71.8,77.5,10.55
Manitoba,2019-09-01,Students,39.1,44.7,12.8
Manitoba,2019-09-01,"Total, all students and non-students",58.9,65.3,9.9
Manitoba,2019-10-01,Full-time students,38.1,43.8,13.0
Manitoba,2019-10-01,Non-students,80.1,89.0,10.2
Manitoba,2019-10-01,Part-time students,71.6,80.2,10.8
Manitoba,2019-10-01,Students,41.1,46.9,12.7
Manitoba,2019-10-01,"Total, all students and non-students",59.1,66.5,11.1
Manitoba,2019-11-01,Full-time students,37.1,40.9,9.4
Manitoba,2019-11-01,Non-students,76.0,86.0,11.6
Manitoba,2019-11-01,Part-time students,75.6,80.2,10.2
Manitoba,2019-11-01,Students,40.8,44.7,8.8
Manitoba,2019-11-01,"Total, all students and non-students",57.3,64.1,10.5
Manitoba,2019-12-01,Full-time students,38.6,41.0,6.4
Manitoba,2019-12-01,Non-students,80.2,87.5,8.4
Manitoba,2019-12-01,Part-time students,76.8,78.3,7.1
Manitoba,2019-12-01,Students,41.3,43.8,5.8
Manitoba,2019-12-01,"Total, all students and non-students",59.1,63.9,7.4
Manitoba,2020-01-01,Full-time students,40.5,45.0,10.0
Manitoba,2020-01-01,Non-students,79.8,87.2,8.6
Manitoba,2020-01-01,Part-time students,73.4,75.0,8.899999999999999
Manitoba,2020-01-01,Students,42.7,47.0,9.2
Manitoba,2020-01-01,"Total, all students and non-students",58.4,64.1,8.9
Manitoba,2020-02-01,Full-time students,41.9,46.1,9.2
Manitoba,2020-02-01,Non-students,77.7,86.6,10.1
Manitoba,2020-02-01,Part-time students,77.6,82.1,9.3
Manitoba,2020-02-01,Students,44.3,48.5,8.5
Manitoba,2020-02-01,"Total, all students and non-students",57.6,63.7,9.5
Manitoba,2020-03-01,Full-time students,31.2,39.8,21.8
Manitoba,2020-03-01,Non-students,70.5,78.1,9.7
Manitoba,2020-03-01,Part-time students,67.2,77.6,15.6
Manitoba,2020-03-01,Students,33.4,42.2,20.9
Manitoba,2020-03-01,"Total, all students and non-students",49.7,58.0,14.2
Manitoba,2020-04-01,Full-time students,22.4,31.6,29.2
Manitoba,2020-04-01,Non-students,56.4,74.9,24.7
Manitoba,2020-04-01,Part-time students,26.7,46.7,50.0
Manitoba,2020-04-01,Students,22.5,32.3,30.2
Manitoba,2020-04-01,"Total, all students and non-students",39.3,53.3,26.4
Manitoba,2020-09-01,Full-time students,40.9,48.7,16.0
Manitoba,2020-09-01,Non-students,78.0,88.2,11.5
Manitoba,2020-09-01,Part-time students,50.6,58.2,13.0
Manitoba,2020-09-01,Students,41.7,49.4,15.7
Manitoba,2020-09-01,"Total, all students and non-students",56.0,64.8,13.5
Manitoba,2020-10-01,Full-time students,39.1,46.5,15.6
Manitoba,2020-10-01,Non-students,79.6,88.3,9.7
Manitoba,2020-10-01,Part-time students,60.3,69.1,12.8
Manitoba,2020-10-01,Students,40.7,48.0,15.3
Manitoba,2020-10-01,"Total, all students and non-students",56.7,64.5,12.2
Manitoba,2020-11-01,Full-time students,33.4,40.6,17.7
Manitoba,2020-11-01,Non-students,70.4,83.0,15.5
Manitoba,2020-11-01,Part-time students,58.9,68.5,14.0
Manitoba,2020-11-01,Students,35.3,42.7,17.2
Manitoba,2020-11-01,"Total, all students and non-students",49.4,58.9,16.2
Manitoba,2020-12-01,Full-time students,33.5,40.4,17.2
Manitoba,2020-12-01,Non-students,68.0,82.1,17.2
Manitoba,2020-12-01,Part-time students,54.5,66.7,18.2
Manitoba,2020-12-01,Students,34.8,42.2,17.6
Manitoba,2020-12-01,"Total, all students and non-students",48.0,58.1,17.3
Manitoba,2021-01-01,Full-time students,29.7,38.4,22.5
Manitoba,2021-01-01,Non-students,70.0,84.0,16.7
Manitoba,2021-01-01,Part-time students,40.0,51.4,25.0
Manitoba,2021-01-01,Students,30.4,39.4,22.8
Manitoba,2021-01-01,"Total, all students and non-students",48.0,59.2,19.0
Manitoba,2021-02-01,Full-time students,33.2,41.1,19.2
Manitoba,2021-02-01,Non-students,78.0,89.2,12.6
Manitoba,2021-02-01,Part-time students,47.2,59.7,20.9
Manitoba,2021-02-01,Students,34.2,42.4,19.4
Manitoba,2021-02-01,"Total, all students and non-students",52.7,62.3,15.3
Manitoba,2021-03-01,Full-time students,34.6,43.6,20.6
Manitoba,2021-03-01,Non-students,78.9,86.9,9.4
Manitoba,2021-03-01,Part-time students,54.8,69.9,19.6
Manitoba,2021-03-01,Students,36.3,45.6,20.7
Manitoba,2021-03-01,"Total, all students and non-students",54.7,63.6,13.9
Manitoba,2021-04-01,Full-time students,37.4,46.9,20.3
Manitoba,2021-04-01,Non-students,79.8,89.5,10.7
Manitoba,2021-04-01,Part-time students,60.0,78.8,25.4
Manitoba,2021-04-01,Students,39.5,49.8,20.8
Manitoba,2021-04-01,"Total, all students and non-students",57.4,67.5,14.9
Manitoba,2021-09-01,Full-time students,40.0,44.9,10.8
Manitoba,2021-09-01,Non-students,83.3,90.0,7.4
Manitoba,2021-09-01,Part-time students,76.2,87.3,12.7
Manitoba,2021-09-01,Students,42.4,47.7,11.0
Manitoba,2021-09-01,"Total, all students and non-students",60.4,66.4,8.9
Manitoba,2021-10-01,Full-time students,42.7,47.2,9.4
Manitoba,2021-10-01,Non-students,84.1,89.2,5.7
Manitoba,2021-10-01,Part-time students,79.2,83.3,7.25
Manitoba,2021-10-01,Students,44.6,49.0,8.8
Manitoba,2021-10-01,"Total, all students and non-students",61.6,66.2,7.0
Manitoba,2021-11-01,Full-time students,40.8,44.7,8.6
Manitoba,2021-11-01,Non-students,85.8,92.4,7.1
Manitoba,2021-11-01,Part-time students,75.5,81.1,7.8
Manitoba,2021-11-01,Students,42.7,46.7,8.5
Manitoba,2021-11-01,"Total, all students and non-students",61.5,66.6,7.7
Manitoba,2021-12-01,Full-time students,44.7,49.7,10.0
Manitoba,2021-12-01,Non-students,84.6,90.1,6.0
Manitoba,2021-12-01,Part-time students,79.7,85.9,7.95
Manitoba,2021-12-01,Students,47.0,52.2,9.9
Manitoba,2021-12-01,"Total, all students and non-students",63.4,68.7,7.7
Manitoba,2022-01-01,Full-time students,41.0,45.5,10.1
Manitoba,2022-01-01,Non-students,83.5,88.6,5.7
Manitoba,2022-01-01,Part-time students,69.0,76.1,9.3
Manitoba,2022-01-01,Students,43.1,47.8,9.8
Manitoba,2022-01-01,"Total, all students and non-students",61.3,66.2,7.3
Manitoba,2022-02-01,Full-time students,41.1,45.7,10.1
Manitoba,2022-02-01,Non-students,84.5,89.7,5.7
Manitoba,2022-02-01,Part-time students,84.2,88.1,7.449999999999999
Manitoba,2022-02-01,Students,45.6,50.1,9.2
Manitoba,2022-02-01,"Total, all students and non-students",62.5,67.2,7.1
Manitoba,2022-03-01,Full-time students,46.4,50.2,7.4
Manitoba,2022-03-01,Non-students,77.2,85.0,9.2
Manitoba,2022-03-01,Part-time students,78.1,84.4,8.6
Manitoba,2022-03-01,Students,49.4,53.5,7.6
Manitoba,2022-03-01,"Total, all students and non-students",60.9,66.6,8.5
Manitoba,2022-04-01,Full-time students,49.8,54.6,8.7
Manitoba,2022-04-01,Non-students,78.2,87.3,10.5
Manitoba,2022-04-01,Part-time students,70.0,85.0,17.6
Manitoba,2022-04-01,Students,51.4,57.0,9.8
Manitoba,2022-04-01,"Total, all students and non-students",63.0,70.1,10.2
Manitoba,2022-09-01,Full-time students,44.6,49.8,10.5
Manitoba,2022-09-01,Non-students,78.2,84.2,7.3
Manitoba,2022-09-01,Part-time students,86.2,86.2,8.35
Manitoba,2022-09-01,Students,47.2,52.2,9.4
Manitoba,2022-09-01,"Total, all students and non-students",61.8,67.3,8.1
Manitoba,2022-10-01,Full-time students,40.8,45.1,9.6
Manitoba,2022-10-01,Non-students,79.2,87.0,9.0
Manitoba,2022-10-01,Part-time students,81.7,86.7,8.95
Manitoba,2022-10-01,Students,43.6,48.0,8.9
Manitoba,2022-10-01,"Total, all students and non-students",61.0,67.0,8.9
Manitoba,2022-11-01,Full-time students,41.6,45.1,7.8
Manitoba,2022-11-01,Non-students,77.0,86.1,10.5
Manitoba,2022-11-01,Part-time students,72.9,72.9,8.65
Manitoba,2022-11-01,Students,44.1,47.3,6.8
Manitoba,2022-11-01,"Total, all students and non-students",60.0,66.1,9.2
Manitoba,2022-12-01,Full-time students,43.7,48.2,9.4
Manitoba,2022-12-01,Non-students,79.5,85.7,7.2
Manitoba,2022-12-01,Part-time students,85.2,85.2,7.85
Manitoba,2022-12-01,Students,46.1,50.3,8.5
Manitoba,2022-12-01,"Total, all students and non-students",61.6,66.8,7.8
Manitoba,2023-01-01,Full-time students,43.8,46.6,5.9
Manitoba,2023-01-01,Non-students,76.2,83.9,9.3
Manitoba,2023-01-01,Part-time students,67.7,74.2,7.75
Manitoba,2023-01-01,Students,45.5,48.5,6.2
Manitoba,2023-01-01,"Total, all students and non-students",59.1,64.2,8.0
Manitoba,2023-02-01,Full-time students,42.7,46.2,7.7
Manitoba,2023-02-01,Non-students,80.8,88.6,8.8
Manitoba,2023-02-01,Part-time students,74.6,83.1,10.2
Manitoba,2023-02-01,Students,44.6,48.4,7.9
Manitoba,2023-02-01,"Total, all students and non-students",60.3,65.8,8.4
Manitoba,2023-03-01,Full-time students,45.4,49.1,7.7
Manitoba,2023-03-01,Non-students,79.9,86.6,7.7
Manitoba,2023-03-01,Part-time students,74.4,88.4,15.8
Manitoba,2023-03-01,Students,46.6,50.9,8.4
Manitoba,2023-03-01,"Total, all students and non-students",61.6,66.9,7.9
Manitoba,2023-04-01,Full-time students,44.0,50.3,12.4
Manitoba,2023-04-01,Non-students,78.1,86.6,9.8
Manitoba,2023-04-01,Part-time students,77.2,84.2,10.9
Manitoba,2023-04-01,Students,46.0,52.2,12.0
Manitoba,2023-04-01,"Total, all students and non-students",60.6,67.9,10.7
Manitoba,2023-09-01,Full-time students,42.9,49.9,14.2
Manitoba,2023-09-01,Non-students,80.3,87.6,8.4
Manitoba,2023-09-01,Part-time students,81.1,90.0,9.9
Manitoba,2023-09-01,Students,46.2,53.4,13.6
Manitoba,2023-09-01,"Total, all students and non-students",61.0,68.3,10.7
Manitoba,2023-10-01,Full-time students,42.4,47.5,10.8
Manitoba,2023-10-01,Non-students,79.1,89.4,11.5
Manitoba,2023-10-01,Part-time students,78.1,87.7,10.9
Manitoba,2023-10-01,Students,44.9,50.3,10.8
Manitoba,2023-10-01,"Total, all students and non-students",60.0,67.6,11.2
Manitoba,2023-11-01,Full-time students,41.4,47.0,11.8
Manitoba,2023-11-01,Non-students,77.9,86.0,9.5
Manitoba,2023-11-01,Part-time students,85.4,85.4,9.8
Manitoba,2023-11-01,Students,45.2,50.2,10.1
Manitoba,2023-11-01,"Total, all students and non-students",59.3,65.7,9.7
Manitoba,2023-12-01,Full-time students,42.6,47.3,10.0
Manitoba,2023-12-01,Non-students,80.1,86.9,7.9
Manitoba,2023-12-01,Part-time students,88.9,88.9,8.2
Manitoba,2023-12-01,Students,46.6,50.8,8.5
Manitoba,2023-12-01,"Total, all students and non-students",60.5,65.8,8.2
Manitoba,2024-01-01,Full-time students,44.0,48.1,8.6
Manitoba,2024-01-01,Non-students,78.3,82.4,5.0
Manitoba,2024-01-01,Part-time students,72.9,85.7,15.0
Manitoba,2024-01-01,Students,45.8,50.6,9.3
Manitoba,2024-01-01,"Total, all students and non-students",59.1,63.6,7.1
Manitoba,2024-02-01,Full-time students,41.4,46.7,11.1
Manitoba,2024-02-01,Non-students,80.9,87.8,7.9
Manitoba,2024-02-01,Part-time students,60.9,66.7,9.25
Manitoba,2024-02-01,Students,43.1,48.2,10.6
Manitoba,2024-02-01,"Total, all students and non-students",58.4,64.3,9.2
Manitoba,2024-03-01,Full-time students,40.9,47.2,13.5
Manitoba,2024-03-01,Non-students,80.4,87.5,8.1
Manitoba,2024-03-01,Part-time students,58.7,72.1,18.7
Manitoba,2024-03-01,Students,42.5,49.6,14.2
Manitoba,2024-03-01,"Total, all students and non-students",58.1,65.2,10.9
Manitoba,2024-04-01,Full-time students,39.6,46.1,14.1
Manitoba,2024-04-01,Non-students,76.7,84.2,8.9
Manitoba,2024-04-01,Part-time students,65.9,83.0,20.5
Manitoba,2024-04-01,Students,41.9,49.2,14.8
Manitoba,2024-04-01,"Total, all students and non-students",57.2,64.6,11.4
Manitoba,2024-09-01,Full-time students,39.9,45.7,12.5
Manitoba,2024-09-01,Non-students,81.2,87.9,7.6
Manitoba,2024-09-01,Part-time students,77.4,93.5,17.2
Manitoba,2024-09-01,Students,42.0,48.3,13.0
Manitoba,2024-09-01,"Total, all students and non-students",58.6,65.1,9.9
Manitoba,2024-10-01,Full-time students,39.3,46.7,15.8
Manitoba,2024-10-01,Non-students,83.2,91.2,8.7
Manitoba,2024-10-01,Part-time students,74.2,77.4,11.399999999999999
Manitoba,2024-10-01,Students,42.2,49.2,14.1
Manitoba,2024-10-01,"Total, all students and non-students",59.0,66.4,11.1
Manitoba,2024-11-01,Full-time students,37.7,45.0,16.4
Manitoba,2024-11-01,Non-students,75.9,85.0,10.7
Manitoba,2024-11-01,Part-time students,79.2,88.3,10.3
Manitoba,2024-11-01,Students,40.7,48.1,15.6
Manitoba,2024-11-01,"Total, all students and non-students",55.9,64.1,12.8
Manitoba,2024-12-01,Full-time students,35.9,40.8,12.1
Manitoba,2024-12-01,Non-students,77.5,86.3,10.2
Manitoba,2024-12-01,Part-time students,72.7,91.9,20.9
Manitoba,2024-12-01,Students,39.2,45.4,13.7
Manitoba,2024-12-01,"Total, all students and non-students",55.5,62.8,11.6
Manitoba,2025-01-01,Full-time students,36.2,40.7,10.9
Manitoba,2025-01-01,Non-students,76.6,87.5,12.5
Manitoba,2025-01-01,Part-time students,68.8,71.9,11.25
Manitoba,2025-01-01,Students,39.1,43.5,10.0
Manitoba,2025-01-01,"Total, all students and non-students",55.2,62.4,11.5
Manitoba,2025-02-01,Full-time students,35.6,41.1,13.2
Manitoba,2025-02-01,Non-students,78.7,89.1,11.7
Manitoba,2025-02-01,Part-time students,75.7,84.3,8.5
Manitoba,2025-02-01,Students,38.1,43.8,12.9
Manitoba,2025-02-01,"Total, all students and non-students",55.2,62.8,12.2
Manitoba,2025-03-01,Full-time students,36.5,42.0,13.3
Manitoba,2025-03-01,Non-students,77.8,87.8,11.4
Manitoba,2025-03-01,Part-time students,78.0,89.0,13.7
Manitoba,2025-03-01,Students,39.4,45.5,13.4
Manitoba,2025-03-01,"Total, all students and non-students",55.2,62.9,12.2
Manitoba,2025-04-01,Full-time students,35.8,40.7,12.2
Manitoba,2025-04-01,Non-students,79.2,88.6,10.5
Manitoba,2025-04-01,Part-time students,62.9,79.0,18.4
Manitoba,2025-04-01,Students,37.4,43.0,12.8
Manitoba,2025-04-01,"Total, all students and non-students",55.6,62.8,11.4
Manitoba,2025-09-01,Full-time students,41.8,49.4,15.2
Manitoba,2025-09-01,Non-students,77.5,87.3,11.2
Manitoba,2025-09-01,Part-time students,65.0,66.0,12.35
Manitoba,2025-09-01,Students,44.0,50.8,13.5
Manitoba,2025-09-01,"Total, all students and non-students",58.7,66.9,12.3
Manitoba,2025-10-01,Full-time students,35.7,43.1,17.2
Manitoba,2025-10-01,Non-students,77.8,86.6,10.2
Manitoba,2025-10-01,Part-time students,53.8,53.8,12.8
Manitoba,2025-10-01,Students,37.2,44.1,15.4
Manitoba,2025-10-01,"Total, all students and non-students",55.1,62.7,12.2
Manitoba,2025-11-01,Full-time students,36.9,42.8,14.1
Manitoba,2025-11-01,Non-students,76.1,88.0,13.6
Manitoba,2025-11-01,Part-time students,56.5,58.3,13.1
Manitoba,2025-11-01,Students,38.9,44.5,12.6
Manitoba,2025-11-01,"Total, all students and non-students",54.7,62.9,13.1
Manitoba,2025-12-01,Full-time students,36.6,41.7,12.5
Manitoba,2025-12-01,Non-students,75.5,83.7,9.8
Manitoba,2025-12-01,Part-time students,68.0,74.8,9.1
Manitoba,2025-12-01,Students,39.6,44.9,12.0
Manitoba,2025-12-01,"Total, all students and non-students",55.0,61.5,10.6
New Brunswick,2015-01-01,Full-time students,32.7,36.5,10.5
New Brunswick,2015-01-01,Non-students,68.7,87.3,21.3
New Brunswick,2015-01-01,Part-time students,68.2,72.7,15.95
New Brunswick,2015-01-01,Students,34.2,38.3,10.6
New Brunswick,2015-01-01,"Total, all students and non-students",48.8,58.8,17.3
New Brunswick,2015-02-01,Full-time students,33.6,37.0,9.2
New Brunswick,2015-02-01,Non-students,69.1,90.1,23.3
New Brunswick,2015-02-01,Part-time students,50.0,63.6,16.45
New Brunswick,2015-02-01,Students,34.4,38.3,9.6
New Brunswick,2015-02-01,"Total, all students and non-students",50.2,61.7,18.6
New Brunswick,2015-03-01,Full-time students,34.6,39.4,12.4
New Brunswick,2015-03-01,Non-students,69.1,87.4,20.7
New Brunswick,2015-03-01,Part-time students,65.5,82.8,20.8
New Brunswick,2015-03-01,Students,36.5,42.2,13.4
New Brunswick,2015-03-01,"Total, all students and non-students",51.4,62.7,18.0
New Brunswick,2015-04-01,Full-time students,33.8,39.4,14.2
New Brunswick,2015-04-01,Non-students,68.6,87.3,21.4
New Brunswick,2015-04-01,Part-time students,65.4,76.9,17.85
New Brunswick,2015-04-01,Students,35.5,41.4,14.3
New Brunswick,2015-04-01,"Total, all students and non-students",50.7,62.4,18.9
New Brunswick,2015-09-01,Full-time students,30.3,38.0,20.2
New Brunswick,2015-09-01,Non-students,74.4,88.7,16.2
New Brunswick,2015-09-01,Part-time students,47.6,71.4,33.3
New Brunswick,2015-09-01,Students,31.0,39.4,21.3
New Brunswick,2015-09-01,"Total, all students and non-students",49.5,60.5,18.1
New Brunswick,2015-10-01,Full-time students,36.4,41.5,12.4
New Brunswick,2015-10-01,Non-students,71.0,85.8,17.2
New Brunswick,2015-10-01,Part-time students,70.6,88.2,14.8
New Brunswick,2015-10-01,Students,37.8,43.2,12.4
New Brunswick,2015-10-01,"Total, all students and non-students",52.5,62.0,15.3
New Brunswick,2015-11-01,Full-time students,34.4,38.1,9.9
New Brunswick,2015-11-01,Non-students,71.7,82.0,12.5
New Brunswick,2015-11-01,Part-time students,55.6,77.8,35.7
New Brunswick,2015-11-01,Students,35.2,39.7,11.8
New Brunswick,2015-11-01,"Total, all students and non-students",51.0,58.1,12.2
New Brunswick,2015-12-01,Full-time students,36.0,39.6,9.1
New Brunswick,2015-12-01,Non-students,68.5,82.0,16.5
New Brunswick,2015-12-01,Part-time students,66.7,75.0,13.15
New Brunswick,2015-12-01,Students,37.4,41.5,9.8
New Brunswick,2015-12-01,"Total, all students and non-students",51.0,59.2,13.8
New Brunswick,2016-01-01,Full-time students,34.8,39.7,12.3
New Brunswick,2016-01-01,Non-students,64.6,80.8,20.0
New Brunswick,2016-01-01,Part-time students,55.6,61.1,16.05
New Brunswick,2016-01-01,Students,35.6,40.5,12.1
New Brunswick,2016-01-01,"Total, all students and non-students",48.2,58.1,17.0
New Brunswick,2016-02-01,Full-time students,32.3,37.2,13.1
New Brunswick,2016-02-01,Non-students,63.1,78.8,19.5
New Brunswick,2016-02-01,Part-time students,66.7,72.2,16.1
New Brunswick,2016-02-01,Students,33.6,38.5,12.7
New Brunswick,2016-02-01,"Total, all students and non-students",46.5,55.9,16.8
New Brunswick,2016-03-01,Full-time students,34.0,40.3,15.5
New Brunswick,2016-03-01,Non-students,66.7,82.1,18.8
New Brunswick,2016-03-01,Part-time students,69.2,69.2,16.85
New Brunswick,2016-03-01,Students,35.0,41.1,14.9
New Brunswick,2016-03-01,"Total, all students and non-students",47.8,57.7,17.2
New Brunswick,2016-04-01,Full-time students,35.1,40.8,14.0
New Brunswick,2016-04-01,Non-students,71.6,86.1,16.8
New Brunswick,2016-04-01,Part-time students,38.9,50.0,15.850000000000001
New Brunswick,2016-04-01,Students,35.2,41.1,14.9
New Brunswick,2016-04-01,"Total, all students and non-students",50.7,60.4,16.0
New Brunswick,2016-09-01,Full-time students,39.5,43.9,10.0
New Brunswick,2016-09-01,Non-students,77.3,87.8,11.6
New Brunswick,2016-09-01,Part-time students,63.6,77.3,11.1
New Brunswick,2016-09-01,Students,40.6,45.4,10.6
New Brunswick,2016-09-01,"Total, all students and non-students",55.9,63.0,11.2
New Brunswick,2016-10-01,Full-time students,39.9,47.1,14.7
New Brunswick,2016-10-01,Non-students,76.5,87.5,12.6
New Brunswick,2016-10-01,Part-time students,64.3,78.6,13.55
New Brunswick,2016-10-01,Students,40.8,47.8,14.5
New Brunswick,2016-10-01,"Total, all students and non-students",55.9,64.5,13.4
New Brunswick,2016-11-01,Full-time students,42.1,46.1,8.1
New Brunswick,2016-11-01,Non-students,73.0,85.8,14.9
New Brunswick,2016-11-01,Part-time students,72.7,81.8,11.8
New Brunswick,2016-11-01,Students,42.8,46.9,8.7
New Brunswick,2016-11-01,"Total, all students and non-students",55.8,63.6,12.3
New Brunswick,2016-12-01,Full-time students,41.6,45.4,8.3
New Brunswick,2016-12-01,Non-students,70.9,82.6,14.2
New Brunswick,2016-12-01,Part-time students,53.8,61.5,11.35
New Brunswick,2016-12-01,Students,42.0,45.9,8.5
New Brunswick,2016-12-01,"Total, all students and non-students",54.6,62.0,11.8
New Brunswick,2017-01-01,Full-time students,35.3,41.0,13.8
New Brunswick,2017-01-01,Non-students,69.4,82.5,16.2
New Brunswick,2017-01-01,Part-time students,80.0,86.7,14.8
New Brunswick,2017-01-01,Students,36.7,42.4,13.4
New Brunswick,2017-01-01,"Total, all students and non-students",51.0,60.0,15.1
New Brunswick,2017-02-01,Full-time students,35.7,40.3,11.6
New Brunswick,2017-02-01,Non-students,69.2,80.7,14.2
New Brunswick,2017-02-01,Part-time students,47.6,90.5,47.4
New Brunswick,2017-02-01,Students,36.2,42.7,14.6
New Brunswick,2017-02-01,"Total, all students and non-students",51.0,59.7,14.5
New Brunswick,2017-03-01,Full-time students,35.2,40.4,12.9
New Brunswick,2017-03-01,Non-students,71.2,83.8,15.0
New Brunswick,2017-03-01,Part-time students,42.9,53.6,14.2
New Brunswick,2017-03-01,Students,35.7,41.2,13.4
New Brunswick,2017-03-01,"Total, all students and non-students",51.5,60.3,14.4
New Brunswick,2017-04-01,Full-time students,35.4,41.7,15.2
New Brunswick,2017-04-01,Non-students,67.6,83.8,19.3
New Brunswick,2017-04-01,Part-time students,64.0,72.0,17.05
New Brunswick,2017-04-01,Students,36.9,43.4,14.8
New Brunswick,2017-04-01,"Total, all students and non-students",50.7,61.5,17.4
New Brunswick,2017-09-01,Full-time students,32.2,39.5,18.0
New Brunswick,2017-09-01,Non-students,77.1,89.0,13.4
New Brunswick,2017-09-01,Part-time students,38.5,38.5,15.5
New Brunswick,2017-09-01,Students,32.4,39.5,17.6
New Brunswick,2017-09-01,"Total, all students and non-students",51.0,60.0,15.0
New Brunswick,2017-10-01,Full-time students,34.2,40.7,15.9
New Brunswick,2017-10-01,Non-students,77.1,87.1,11.8
New Brunswick,2017-10-01,Part-time students,43.7,43.7,13.55
New Brunswick,2017-10-01,Students,34.6,41.1,15.3
New Brunswick,2017-10-01,"Total, all students and non-students",52.8,60.8,13.2
New Brunswick,2017-11-01,Full-time students,35.7,41.9,14.2
New Brunswick,2017-11-01,Non-students,77.1,85.7,10.0
New Brunswick,2017-11-01,Part-time students,87.5,87.5,11.85
New Brunswick,2017-11-01,Students,36.6,42.6,13.7
New Brunswick,2017-11-01,"Total, all students and non-students",54.0,61.2,11.5
New Brunswick,2017-12-01,Full-time students,34.5,38.6,10.6
New Brunswick,2017-12-01,Non-students,79.0,87.4,9.5
New Brunswick,2017-12-01,Part-time students,59.1,59.1,9.65
New Brunswick,2017-12-01,Students,35.7,39.6,9.8
New Brunswick,2017-12-01,"Total, all students and non-students",54.3,60.1,9.7
New Brunswick,2018-01-01,Full-time students,34.9,42.1,16.9
New Brunswick,2018-01-01,Non-students,69.4,85.5,18.9
New Brunswick,2018-01-01,Part-time students,50.0,81.3,46.2
New Brunswick,2018-01-01,Students,35.5,43.5,18.4
New Brunswick,2018-01-01,"Total, all students and non-students",50.5,62.1,18.7
New Brunswick,2018-02-01,Full-time students,33.3,39.3,15.2
New Brunswick,2018-02-01,Non-students,73.4,87.5,16.1
New Brunswick,2018-02-01,Part-time students,50.0,66.7,16.1
New Brunswick,2018-02-01,Students,34.2,40.8,16.1
New Brunswick,2018-02-01,"Total, all students and non-students",52.0,62.0,16.1
New Brunswick,2018-03-01,Full-time students,38.0,42.5,10.7
New Brunswick,2018-03-01,Non-students,72.2,87.1,17.1
New Brunswick,2018-03-01,Part-time students,55.0,55.0,13.600000000000001
New Brunswick,2018-03-01,Students,39.0,43.4,10.1
New Brunswick,2018-03-01,"Total, all students and non-students",53.3,62.2,14.3
New Brunswick,2018-04-01,Full-time students,37.1,41.8,11.1
New Brunswick,2018-04-01,Non-students,73.6,89.4,17.4
New Brunswick,2018-04-01,Part-time students,52.9,58.8,14.25
New Brunswick,2018-04-01,Students,37.4,42.3,11.1
New Brunswick,2018-04-01,"Total, all students and non-students",53.7,63.2,15.3
New Brunswick,2018-09-01,Full-time students,31.7,38.1,16.8
New Brunswick,2018-09-01,Non-students,80.9,90.6,10.7
New Brunswick,2018-09-01,Part-time students,66.7,71.4,13.25
New Brunswick,2018-09-01,Students,33.5,40.0,15.8
New Brunswick,2018-09-01,"Total, all students and non-students",56.6,64.6,12.3
New Brunswick,2018-10-01,Full-time students,31.6,34.6,8.5
New Brunswick,2018-10-01,Non-students,84.1,89.1,5.6
New Brunswick,2018-10-01,Part-time students,57.1,64.3,7.45
New Brunswick,2018-10-01,Students,32.5,35.6,9.3
New Brunswick,2018-10-01,"Total, all students and non-students",57.1,61.2,6.7
New Brunswick,2018-11-01,Full-time students,37.8,43.2,12.5
New Brunswick,2018-11-01,Non-students,81.5,88.2,7.3
New Brunswick,2018-11-01,Part-time students,40.9,40.9,9.6
New Brunswick,2018-11-01,Students,37.9,43.1,11.9
New Brunswick,2018-11-01,"Total, all students and non-students",57.2,63.1,9.3
New Brunswick,2018-12-01,Full-time students,36.3,40.6,10.7
New Brunswick,2018-12-01,Non-students,74.9,83.6,10.0
New Brunswick,2018-12-01,Part-time students,75.0,75.0,9.95
New Brunswick,2018-12-01,Students,37.7,41.9,9.9
New Brunswick,2018-12-01,"Total, all students and non-students",54.9,61.0,10.0
New Brunswick,2019-01-01,Full-time students,33.9,37.9,10.7
New Brunswick,2019-01-01,Non-students,72.3,84.3,14.3
New Brunswick,2019-01-01,Part-time students,63.2,68.4,12.4
New Brunswick,2019-01-01,Students,35.2,39.3,10.5
New Brunswick,2019-01-01,"Total, all students and non-students",51.9,59.7,12.9
New Brunswick,2019-02-01,Full-time students,36.3,41.9,13.4
New Brunswick,2019-02-01,Non-students,74.9,85.6,12.5
New Brunswick,2019-02-01,Part-time students,68.2,81.8,13.35
New Brunswick,2019-02-01,Students,37.6,43.9,14.2
New Brunswick,2019-02-01,"Total, all students and non-students",54.2,62.3,13.2
New Brunswick,2019-03-01,Full-time students,39.9,45.6,12.6
New Brunswick,2019-03-01,Non-students,76.2,84.6,10.3
New Brunswick,2019-03-01,Part-time students,58.3,79.2,26.3
New Brunswick,2019-03-01,Students,41.0,47.6,13.8
New Brunswick,2019-03-01,"Total, all students and non-students",56.0,63.5,11.6
New Brunswick,2019-04-01,Full-time students,38.2,45.3,15.7
New Brunswick,2019-04-01,Non-students,75.7,86.8,13.1
New Brunswick,2019-04-01,Part-time students,81.8,81.8,14.05
New Brunswick,2019-04-01,Students,39.3,46.2,15.0
New Brunswick,2019-04-01,"Total, all students and non-students",54.8,63.6,13.9
New Brunswick,2019-09-01,Full-time students,27.8,37.0,24.8
New Brunswick,2019-09-01,Non-students,84.4,93.3,9.5
New Brunswick,2019-09-01,Part-time students,94.4,100.0,16.15
New Brunswick,2019-09-01,Students,30.6,39.6,22.8
New Brunswick,2019-09-01,"Total, all students and non-students",55.4,64.4,13.9
New Brunswick,2019-10-01,Full-time students,29.8,39.0,23.8
New Brunswick,2019-10-01,Non-students,78.9,87.1,9.4
New Brunswick,2019-10-01,Part-time students,88.9,88.9,15.55
New Brunswick,2019-10-01,Students,32.1,41.0,21.7
New Brunswick,2019-10-01,"Total, all students and non-students",53.4,61.9,13.9
New Brunswick,2019-11-01,Full-time students,29.1,35.2,18.1
New Brunswick,2019-11-01,Non-students,80.2,89.5,10.2
New Brunswick,2019-11-01,Part-time students,68.2,68.2,13.25
New Brunswick,2019-11-01,Students,31.1,37.1,16.3
New Brunswick,2019-11-01,"Total, all students and non-students",54.0,61.3,12.2
New Brunswick,2019-12-01,Full-time students,27.6,31.7,13.0
New Brunswick,2019-12-01,Non-students,83.6,90.0,7.1
New Brunswick,2019-12-01,Part-time students,100.0,100.0,9.7
New Brunswick,2019-12-01,Students,28.9,33.0,12.3
New Brunswick,2019-12-01,"Total, all students and non-students",53.4,58.5,8.7
New Brunswick,2020-01-01,Full-time students,31.7,35.4,11.3
New Brunswick,2020-01-01,Non-students,77.7,88.4,12.1
New Brunswick,2020-01-01,Part-time students,62.5,66.7,11.45
New Brunswick,2020-01-01,Students,33.1,37.1,10.8
New Brunswick,2020-01-01,"Total, all students and non-students",52.7,59.7,11.5
New Brunswick,2020-02-01,Full-time students,34.9,39.0,10.7
New Brunswick,2020-02-01,Non-students,77.9,87.9,11.3
New Brunswick,2020-02-01,Part-time students,57.5,62.5,10.55
New Brunswick,2020-02-01,Students,36.8,40.8,9.8
New Brunswick,2020-02-01,"Total, all students and non-students",53.6,60.2,10.7
New Brunswick,2020-03-01,Full-time students,25.9,32.7,19.8
New Brunswick,2020-03-01,Non-students,64.2,77.6,17.3
New Brunswick,2020-03-01,Part-time students,44.4,44.4,17.950000000000003
New Brunswick,2020-03-01,Students,26.8,33.2,18.6
New Brunswick,2020-03-01,"Total, all students and non-students",46.1,56.2,17.9
New Brunswick,2020-04-01,Full-time students,19.7,27.8,28.3
New Brunswick,2020-04-01,Non-students,52.5,73.9,29.0
New Brunswick,2020-04-01,Part-time students,29.4,29.4,28.0
New Brunswick,2020-04-01,Students,20.4,27.9,27.0
New Brunswick,2020-04-01,"Total, all students and non-students",36.4,51.1,28.7
New Brunswick,2020-09-01,Full-time students,31.6,37.3,15.4
New Brunswick,2020-09-01,Non-students,75.6,90.6,16.5
New Brunswick,2020-09-01,Part-time students,45.8,95.8,47.8
New Brunswick,2020-09-01,Students,32.4,40.6,20.1
New Brunswick,2020-09-01,"Total, all students and non-students",51.8,63.0,17.8
New Brunswick,2020-10-01,Full-time students,33.6,41.9,19.8
New Brunswick,2020-10-01,Non-students,73.2,92.6,20.7
New Brunswick,2020-10-01,Part-time students,27.6,62.1,55.6
New Brunswick,2020-10-01,Students,33.2,43.1,23.0
New Brunswick,2020-10-01,"Total, all students and non-students",50.2,64.1,21.6
New Brunswick,2020-11-01,Full-time students,33.7,42.5,20.2
New Brunswick,2020-11-01,Non-students,71.3,88.3,19.2
New Brunswick,2020-11-01,Part-time students,52.8,80.6,34.5
New Brunswick,2020-11-01,Students,35.2,45.4,22.4
New Brunswick,2020-11-01,"Total, all students and non-students",51.5,64.7,20.4
New Brunswick,2020-12-01,Full-time students,38.9,43.8,11.4
New Brunswick,2020-12-01,Non-students,73.6,87.6,16.1
New Brunswick,2020-12-01,Part-time students,71.0,74.2,13.350000000000001
New Brunswick,2020-12-01,Students,41.1,45.9,10.6
New Brunswick,2020-12-01,"Total, all students and non-students",55.1,64.0,13.8
New Brunswick,2021-01-01,Full-time students,41.7,48.4,13.4
New Brunswick,2021-01-01,Non-students,68.1,84.1,18.9
New Brunswick,2021-01-01,Part-time students,56.8,56.8,15.399999999999999
New Brunswick,2021-01-01,Students,43.1,49.1,11.9
New Brunswick,2021-01-01,"Total, all students and non-students",53.7,63.9,15.8
New Brunswick,2021-02-01,Full-time students,44.9,50.7,11.4
New Brunswick,2021-02-01,Non-students,73.2,84.8,13.7
New Brunswick,2021-02-01,Part-time students,51.5,66.7,12.85
New Brunswick,2021-02-01,Students,45.4,51.8,12.0
New Brunswick,2021-02-01,"Total, all students and non-students",57.1,65.6,13.0
New Brunswick,2021-03-01,Full-time students,42.3,51.3,17.6
New Brunswick,2021-03-01,Non-students,73.8,89.3,17.4
New Brunswick,2021-03-01,Part-time students,66.7,71.4,16.95
New Brunswick,2021-03-01,Students,43.4,52.0,16.5
New Brunswick,2021-03-01,"Total, all students and non-students",56.6,68.2,17.0
New Brunswick,2021-04-01,Full-time students,42.3,45.9,7.9
New Brunswick,2021-04-01,Non-students,77.2,88.1,12.6
New Brunswick,2021-04-01,Part-time students,81.5,88.9,10.25
New Brunswick,2021-04-01,Students,44.7,48.5,7.9
New Brunswick,2021-04-01,"Total, all students and non-students",59.3,66.3,10.5
New Brunswick,2021-09-01,Full-time students,34.9,42.9,18.7
New Brunswick,2021-09-01,Non-students,78.5,89.0,11.7
New Brunswick,2021-09-01,Students,35.2,43.3,18.3
New Brunswick,2021-09-01,"Total, all students and non-students",54.1,63.3,14.3
New Brunswick,2021-10-01,Full-time students,31.7,40.3,20.8
New Brunswick,2021-10-01,Non-students,84.1,89.2,5.7
New Brunswick,2021-10-01,Part-time students,60.0,73.3,13.150000000000002
New Brunswick,2021-10-01,Students,32.5,41.3,20.6
New Brunswick,2021-10-01,"Total, all students and non-students",55.0,62.0,11.3
New Brunswick,2021-11-01,Full-time students,34.1,43.2,21.2
New Brunswick,2021-11-01,Non-students,78.5,90.1,12.8
New Brunswick,2021-11-01,Part-time students,69.2,92.3,17.1
New Brunswick,2021-11-01,Students,35.1,44.7,21.4
New Brunswick,2021-11-01,"Total, all students and non-students",54.5,64.9,16.1
New Brunswick,2021-12-01,Full-time students,33.0,38.8,15.7
New Brunswick,2021-12-01,Non-students,74.1,85.9,13.7
New Brunswick,2021-12-01,Part-time students,87.5,95.8,14.05
New Brunswick,2021-12-01,Students,35.8,41.8,14.4
New Brunswick,2021-12-01,"Total, all students and non-students",52.1,60.6,14.0
New Brunswick,2022-01-01,Full-time students,27.3,35.6,23.4
New Brunswick,2022-01-01,Non-students,68.9,86.5,20.4
New Brunswick,2022-01-01,Students,27.3,35.7,22.9
New Brunswick,2022-01-01,"Total, all students and non-students",46.6,59.2,21.3
New Brunswick,2022-02-01,Full-time students,33.2,37.2,10.8
New Brunswick,2022-02-01,Non-students,74.1,87.7,15.6
New Brunswick,2022-02-01,Part-time students,68.8,68.8,13.149999999999999
New Brunswick,2022-02-01,Students,34.2,38.3,10.7
New Brunswick,2022-02-01,"Total, all students and non-students",51.7,60.0,13.8
New Brunswick,2022-03-01,Full-time students,34.3,38.5,11.0
New Brunswick,2022-03-01,Non-students,78.6,88.7,11.5
New Brunswick,2022-03-01,Part-time students,50.0,50.0,11.1
New Brunswick,2022-03-01,Students,34.6,38.8,10.7
New Brunswick,2022-03-01,"Total, all students and non-students",54.1,60.9,11.2
New Brunswick,2022-04-01,Full-time students,34.2,39.4,13.1
New Brunswick,2022-04-01,Non-students,82.0,91.9,10.7
New Brunswick,2022-04-01,Part-time students,48.0,52.0,11.75
New Brunswick,2022-04-01,Students,35.0,40.1,12.8
New Brunswick,2022-04-01,"Total, all students and non-students",55.3,62.4,11.5
New Brunswick,2022-09-01,Full-time students,44.1,48.4,8.9
New Brunswick,2022-09-01,Non-students,80.1,90.5,11.7
New Brunswick,2022-09-01,Part-time students,52.4,61.9,10.45
New Brunswick,2022-09-01,Students,44.5,49.2,9.2
New Brunswick,2022-09-01,"Total, all students and non-students",60.5,67.7,10.7
New Brunswick,2022-10-01,Full-time students,38.8,42.8,9.9
New Brunswick,2022-10-01,Non-students,74.1,88.5,16.3
New Brunswick,2022-10-01,Part-time students,80.0,80.0,12.9
New Brunswick,2022-10-01,Students,39.8,44.0,9.5
New Brunswick,2022-10-01,"Total, all students and non-students",56.5,65.6,13.9
New Brunswick,2022-11-01,Full-time students,42.0,44.8,6.1
New Brunswick,2022-11-01,Non-students,69.2,84.9,18.7
New Brunswick,2022-11-01,Part-time students,66.7,80.0,12.7
New Brunswick,2022-11-01,Students,42.6,45.9,6.7
New Brunswick,2022-11-01,"Total, all students and non-students",54.9,63.9,14.1
New Brunswick,2022-12-01,Full-time students,36.9,42.0,12.0
New Brunswick,2022-12-01,Non-students,76.8,90.0,14.7
New Brunswick,2022-12-01,Part-time students,77.3,86.4,13.3
New Brunswick,2022-12-01,Students,38.7,43.9,11.9
New Brunswick,2022-12-01,"Total, all students and non-students",55.3,64.0,13.6
New Brunswick,2023-01-01,Full-time students,34.0,40.3,15.6
New Brunswick,2023-01-01,Non-students,75.4,90.3,16.4
New Brunswick,2023-01-01,Part-time students,75.0,87.5,15.95
New Brunswick,2023-01-01,Students,35.4,42.0,15.5
New Brunswick,2023-01-01,"Total, all students and non-students",53.8,64.2,16.1
New Brunswick,2023-02-01,Full-time students,35.7,38.3,6.8
New Brunswick,2023-02-01,Non-students,78.6,88.1,10.8
New Brunswick,2023-02-01,Part-time students,70.6,94.1,9.350000000000001
New Brunswick,2023-02-01,Students,36.9,40.0,7.9
New Brunswick,2023-02-01,"Total, all students and non-students",55.2,61.3,9.9
New Brunswick,2023-03-01,Full-time students,35.5,41.0,12.8
New Brunswick,2023-03-01,Non-students,77.7,87.8,11.2
New Brunswick,2023-03-01,Students,35.4,41.0,14.2
New Brunswick,2023-03-01,"Total, all students and non-students",54.9,62.6,12.3
New Brunswick,2023-04-01,Full-time students,40.0,44.0,9.1
New Brunswick,2023-04-01,Non-students,76.7,88.1,12.7
New Brunswick,2023-04-01,Part-time students,63.6,81.8,11.149999999999999
New Brunswick,2023-04-01,Students,40.5,45.0,9.6
New Brunswick,2023-04-01,"Total, all students and non-students",56.4,63.8,11.7
New Brunswick,2023-09-01,Full-time students,32.4,40.8,20.5
New Brunswick,2023-09-01,Non-students,77.9,89.7,12.9
New Brunswick,2023-09-01,Part-time students,70.6,100.0,17.1
New Brunswick,2023-09-01,Students,33.8,42.9,21.3
New Brunswick,2023-09-01,"Total, all students and non-students",53.8,64.0,16.0
New Brunswick,2023-10-01,Full-time students,32.0,36.6,12.6
New Brunswick,2023-10-01,Non-students,81.6,90.1,9.5
New Brunswick,2023-10-01,Part-time students,43.3,63.3,31.6
New Brunswick,2023-10-01,Students,32.5,38.2,14.4
New Brunswick,2023-10-01,"Total, all students and non-students",53.5,60.2,11.5
New Brunswick,2023-11-01,Full-time students,33.9,38.5,12.0
New Brunswick,2023-11-01,Non-students,80.9,90.3,10.4
New Brunswick,2023-11-01,Part-time students,53.8,65.4,11.15
New Brunswick,2023-11-01,Students,34.9,39.9,11.9
New Brunswick,2023-11-01,"Total, all students and non-students",54.7,61.4,11.0
New Brunswick,2023-12-01,Full-time students,33.6,37.9,11.8
New Brunswick,2023-12-01,Non-students,82.0,88.2,7.0
New Brunswick,2023-12-01,Part-time students,61.5,69.2,9.6
New Brunswick,2023-12-01,Students,34.8,39.7,12.2
New Brunswick,2023-12-01,"Total, all students and non-students",54.7,59.9,8.8
New Brunswick,2024-01-01,Full-time students,34.3,38.2,10.9
New Brunswick,2024-01-01,Non-students,73.6,86.5,15.0
New Brunswick,2024-01-01,Part-time students,43.3,70.0,33.3
New Brunswick,2024-01-01,Students,34.8,40.0,13.1
New Brunswick,2024-01-01,"Total, all students and non-students",50.5,58.9,14.2
New Brunswick,2024-02-01,Full-time students,30.9,34.5,10.4
New Brunswick,2024-02-01,Non-students,74.6,86.1,13.6
New Brunswick,2024-02-01,Part-time students,53.3,66.7,12.25
New Brunswick,2024-02-01,Students,31.6,35.6,10.9
New Brunswick,2024-02-01,"Total, all students and non-students",51.1,58.6,12.7
New Brunswick,2024-03-01,Full-time students,34.3,39.3,12.6
New Brunswick,2024-03-01,Non-students,72.8,87.1,16.4
New Brunswick,2024-03-01,Part-time students,76.9,76.9,13.95
New Brunswick,2024-03-01,Students,36.5,41.0,11.5
New Brunswick,2024-03-01,"Total, all students and non-students",51.3,60.0,14.4
New Brunswick,2024-04-01,Full-time students,37.1,40.0,7.3
New Brunswick,2024-04-01,Non-students,76.4,90.3,15.4
New Brunswick,2024-04-01,Part-time students,33.3,48.1,12.100000000000001
New Brunswick,2024-04-01,Students,36.9,40.4,8.8
New Brunswick,2024-04-01,"Total, all students and non-students",54.5,62.5,12.9
New Brunswick,2024-09-01,Full-time students,32.3,35.3,8.6
New Brunswick,2024-09-01,Non-students,81.2,87.0,6.6
New Brunswick,2024-09-01,Part-time students,50.0,50.0,7.45
New Brunswick,2024-09-01,Students,32.6,35.6,8.3
New Brunswick,2024-09-01,"Total, all students and non-students",54.5,58.7,7.2
New Brunswick,2024-10-01,Full-time students,32.6,36.3,10.3
New Brunswick,2024-10-01,Non-students,81.2,85.9,5.5
New Brunswick,2024-10-01,Students,32.5,36.2,10.1
New Brunswick,2024-10-01,"Total, all students and non-students",53.8,57.9,6.9
New Brunswick,2024-11-01,Full-time students,33.1,39.2,15.0
New Brunswick,2024-11-01,Non-students,77.8,86.2,9.7
New Brunswick,2024-11-01,Part-time students,33.3,44.4,12.649999999999999
New Brunswick,2024-11-01,Students,33.3,39.4,15.6
New Brunswick,2024-11-01,"Total, all students and non-students",52.8,59.9,11.9
New Brunswick,2024-12-01,Full-time students,30.4,36.1,15.8
New Brunswick,2024-12-01,Non-students,73.1,85.9,14.6
New Brunswick,2024-12-01,Part-time students,64.7,64.7,14.75
New Brunswick,2024-12-01,Students,31.7,37.0,14.9
New Brunswick,2024-12-01,"Total, all students and non-students",49.5,58.1,14.7
New Brunswick,2025-01-01,Full-time students,31.3,35.4,11.5
New Brunswick,2025-01-01,Non-students,72.3,83.6,13.8
New Brunswick,2025-01-01,Part-time students,52.8,58.3,12.55
New Brunswick,2025-01-01,Students,32.7,36.9,11.3
New Brunswick,2025-01-01,"Total, all students and non-students",48.5,55.7,12.8
New Brunswick,2025-02-01,Full-time students,29.9,35.2,15.0
New Brunswick,2025-02-01,Non-students,66.3,81.4,18.2
New Brunswick,2025-02-01,Part-time students,27.8,50.0,44.4
New Brunswick,2025-02-01,Students,30.0,36.2,17.8
New Brunswick,2025-02-01,"Total, all students and non-students",45.6,55.7,18.1
New Brunswick,2025-03-01,Full-time students,28.3,32.3,11.8
New Brunswick,2025-03-01,Non-students,66.7,79.5,16.1
New Brunswick,2025-03-01,Part-time students,33.3,37.5,13.950000000000001
New Brunswick,2025-03-01,Students,28.6,32.4,11.8
New Brunswick,2025-03-01,"Total, all students and non-students",46.3,54.2,14.7
New Brunswick,2025-04-01,Full-time students,25.9,30.8,16.0
New Brunswick,2025-04-01,Non-students,73.7,88.9,16.7
New Brunswick,2025-04-01,Part-time students,65.2,65.2,15.7
New Brunswick,2025-04-01,Students,27.5,32.2,14.7
New Brunswick,2025-04-01,"Total, all students and non-students",46.3,55.3,16.2
New Brunswick,2025-09-01,Full-time students,36.5,46.9,22.1
New Brunswick,2025-09-01,Non-students,76.5,88.9,14.3
New Brunswick,2025-09-01,Part-time students,57.9,57.9,17.75
New Brunswick,2025-09-01,Students,37.2,47.2,21.2
New Brunswick,2025-09-01,"Total, all students and non-students",52.9,63.9,17.2
New Brunswick,2025-10-01,Full-time students,32.6,40.8,19.9
New Brunswick,2025-10-01,Non-students,78.6,87.8,10.5
New Brunswick,2025-10-01,Part-time students,63.6,72.7,14.95
New Brunswick,2025-10-01,Students,33.7,42.0,19.4
New Brunswick,2025-10-01,"Total, all students and non-students",51.9,60.6,14.2
New Brunswick,2025-11-01,Full-time students,34.4,42.3,18.3
New Brunswick,2025-11-01,Non-students,78.6,89.3,12.0
New Brunswick,2025-11-01,Part-time students,57.1,57.1,14.6
New Brunswick,2025-11-01,Students,35.5,42.9,17.2
New Brunswick,2025-11-01,"Total, all students and non-students",52.9,61.6,14.1
New Brunswick,2025-12-01,Full-time students,36.2,41.8,13.4
New Brunswick,2025-12-01,Non-students,74.2,86.3,14.0
New Brunswick,2025-12-01,Part-time students,91.3,91.3,13.15
New Brunswick,2025-12-01,Students,38.4,43.8,12.3
New Brunswick,2025-12-01,"Total, all students and non-students",52.2,60.2,13.2
Newfoundland and Labrador,2015-01-01,Full-time students,41.3,45.8,9.8
Newfoundland and Labrador,2015-01-01,Non-students,68.4,83.1,17.7
Newfoundland and Labrador,2015-01-01,Part-time students,53.3,53.3,13.5
Newfoundland and Labrador,2015-01-01,Students,42.1,46.4,9.3
Newfoundland and Labrador,2015-01-01,"Total, all students and non-students",52.4,61.0,14.1
Newfoundland and Labrador,2015-02-01,Full-time students,34.6,41.0,15.8
Newfoundland and Labrador,2015-02-01,Non-students,64.2,87.2,26.4
Newfoundland and Labrador,2015-02-01,Part-time students,72.7,72.7,20.65
Newfoundland and Labrador,2015-02-01,Students,35.8,42.1,14.9
Newfoundland and Labrador,2015-02-01,"Total, all students and non-students",47.7,61.0,21.8
Newfoundland and Labrador,2015-03-01,Full-time students,35.8,42.5,15.9
Newfoundland and Labrador,2015-03-01,Non-students,64.0,89.5,28.4
Newfoundland and Labrador,2015-03-01,Part-time students,88.9,88.9,21.7
Newfoundland and Labrador,2015-03-01,Students,37.1,43.7,15.0
Newfoundland and Labrador,2015-03-01,"Total, all students and non-students",47.8,61.8,22.7
Newfoundland and Labrador,2015-04-01,Full-time students,33.6,40.8,17.6
Newfoundland and Labrador,2015-04-01,Non-students,65.3,91.0,27.8
Newfoundland and Labrador,2015-04-01,Part-time students,100.0,100.0,22.05
Newfoundland and Labrador,2015-04-01,Students,35.8,42.5,16.3
Newfoundland and Labrador,2015-04-01,"Total, all students and non-students",48.4,63.2,23.4
Newfoundland and Labrador,2015-09-01,Full-time students,36.8,42.2,12.8
Newfoundland and Labrador,2015-09-01,Non-students,70.5,86.5,18.5
Newfoundland and Labrador,2015-09-01,Part-time students,90.5,100.0,15.4
Newfoundland and Labrador,2015-09-01,Students,40.2,45.8,12.3
Newfoundland and Labrador,2015-09-01,"Total, all students and non-students",52.8,62.8,15.9
Newfoundland and Labrador,2015-10-01,Full-time students,39.8,44.6,10.3
Newfoundland and Labrador,2015-10-01,Non-students,77.9,87.6,11.1
Newfoundland and Labrador,2015-10-01,Part-time students,89.5,89.5,10.45
Newfoundland and Labrador,2015-10-01,Students,42.5,47.1,9.8
Newfoundland and Labrador,2015-10-01,"Total, all students and non-students",56.5,63.1,10.5
Newfoundland and Labrador,2015-11-01,Full-time students,41.2,45.2,8.2
Newfoundland and Labrador,2015-11-01,Non-students,76.6,88.3,13.7
Newfoundland and Labrador,2015-11-01,Part-time students,100.0,100.0,10.6
Newfoundland and Labrador,2015-11-01,Students,43.8,47.4,7.5
Newfoundland and Labrador,2015-11-01,"Total, all students and non-students",57.1,64.1,10.9
Newfoundland and Labrador,2015-12-01,Full-time students,45.5,49.2,8.2
Newfoundland and Labrador,2015-12-01,Non-students,73.1,86.8,15.8
Newfoundland and Labrador,2015-12-01,Part-time students,71.4,71.4,11.75
Newfoundland and Labrador,2015-12-01,Students,46.3,50.1,7.7
Newfoundland and Labrador,2015-12-01,"Total, all students and non-students",57.3,65.1,12.1
Newfoundland and Labrador,2016-01-01,Full-time students,40.7,46.2,11.8
Newfoundland and Labrador,2016-01-01,Non-students,65.9,87.5,25.1
Newfoundland and Labrador,2016-01-01,Part-time students,,66.7,18.6
Newfoundland and Labrador,2016-01-01,Students,40.8,46.4,12.1
Newfoundland and Labrador,2016-01-01,"Total, all students and non-students",51.0,63.2,19.4
Newfoundland and Labrador,2016-02-01,Full-time students,40.5,43.9,7.7
Newfoundland and Labrador,2016-02-01,Non-students,65.5,86.8,24.5
Newfoundland and Labrador,2016-02-01,Part-time students,88.9,88.9,15.9
Newfoundland and Labrador,2016-02-01,Students,41.8,45.1,7.3
Newfoundland and Labrador,2016-02-01,"Total, all students and non-students",51.6,62.3,17.2
Newfoundland and Labrador,2016-03-01,Full-time students,37.7,40.2,7.0
Newfoundland and Labrador,2016-03-01,Non-students,66.9,84.9,21.2
Newfoundland and Labrador,2016-03-01,Part-time students,55.6,88.9,14.95
Newfoundland and Labrador,2016-03-01,Students,38.1,41.7,8.7
Newfoundland and Labrador,2016-03-01,"Total, all students and non-students",50.3,59.8,15.9
Newfoundland and Labrador,2016-04-01,Full-time students,34.3,37.7,8.3
Newfoundland and Labrador,2016-04-01,Non-students,68.3,88.1,22.9
Newfoundland and Labrador,2016-04-01,Part-time students,87.5,87.5,15.399999999999999
Newfoundland and Labrador,2016-04-01,Students,35.9,39.0,7.9
Newfoundland and Labrador,2016-04-01,"Total, all students and non-students",49.6,59.9,17.3
Newfoundland and Labrador,2016-09-01,Full-time students,32.5,40.4,19.7
Newfoundland and Labrador,2016-09-01,Non-students,70.6,89.0,20.2
Newfoundland and Labrador,2016-09-01,Part-time students,61.1,72.2,19.75
Newfoundland and Labrador,2016-09-01,Students,34.1,42.2,19.3
Newfoundland and Labrador,2016-09-01,"Total, all students and non-students",50.1,62.3,19.9
Newfoundland and Labrador,2016-10-01,Full-time students,32.2,37.9,14.9
Newfoundland and Labrador,2016-10-01,Non-students,69.8,86.1,18.5
Newfoundland and Labrador,2016-10-01,Part-time students,66.7,72.2,16.75
Newfoundland and Labrador,2016-10-01,Students,33.9,39.8,15.0
Newfoundland and Labrador,2016-10-01,"Total, all students and non-students",49.4,59.8,17.5
Newfoundland and Labrador,2016-11-01,Full-time students,35.4,41.8,15.3
Newfoundland and Labrador,2016-11-01,Non-students,66.3,90.1,26.5
Newfoundland and Labrador,2016-11-01,Part-time students,76.0,76.0,19.9
Newfoundland and Labrador,2016-11-01,Students,38.5,44.4,13.3
Newfoundland and Labrador,2016-11-01,"Total, all students and non-students",50.5,64.2,21.3
Newfoundland and Labrador,2016-12-01,Full-time students,40.6,46.9,13.3
Newfoundland and Labrador,2016-12-01,Non-students,65.8,86.0,23.0
Newfoundland and Labrador,2016-12-01,Part-time students,62.5,62.5,17.75
Newfoundland and Labrador,2016-12-01,Students,41.5,47.5,12.5
Newfoundland and Labrador,2016-12-01,"Total, all students and non-students",51.6,63.1,18.3
Newfoundland and Labrador,2017-01-01,Full-time students,31.4,39.4,19.4
Newfoundland and Labrador,2017-01-01,Non-students,58.1,79.5,27.5
Newfoundland and Labrador,2017-01-01,Part-time students,75.0,95.0,23.55
Newfoundland and Labrador,2017-01-01,Students,34.3,42.7,19.6
Newfoundland and Labrador,2017-01-01,"Total, all students and non-students",44.0,57.7,24.0
Newfoundland and Labrador,2017-02-01,Full-time students,33.5,38.8,13.6
Newfoundland and Labrador,2017-02-01,Non-students,57.8,78.9,26.7
Newfoundland and Labrador,2017-02-01,Part-time students,88.2,88.2,19.4
Newfoundland and Labrador,2017-02-01,Students,35.9,41.2,12.1
Newfoundland and Labrador,2017-02-01,"Total, all students and non-students",44.8,56.1,20.3
Newfoundland and Labrador,2017-03-01,Full-time students,34.6,42.8,18.4
Newfoundland and Labrador,2017-03-01,Non-students,59.8,79.5,24.7
Newfoundland and Labrador,2017-03-01,Part-time students,60.0,80.0,21.799999999999997
Newfoundland and Labrador,2017-03-01,Students,35.7,44.4,18.9
Newfoundland and Labrador,2017-03-01,"Total, all students and non-students",45.6,58.7,22.1
Newfoundland and Labrador,2017-04-01,Full-time students,36.8,43.8,15.0
Newfoundland and Labrador,2017-04-01,Non-students,63.1,81.7,22.3
Newfoundland and Labrador,2017-04-01,Part-time students,70.6,82.4,18.7
Newfoundland and Labrador,2017-04-01,Students,38.9,45.5,15.1
Newfoundland and Labrador,2017-04-01,"Total, all students and non-students",49.4,61.1,19.2
Newfoundland and Labrador,2017-09-01,Full-time students,34.4,43.4,20.6
Newfoundland and Labrador,2017-09-01,Non-students,71.7,84.2,14.9
Newfoundland and Labrador,2017-09-01,Part-time students,56.3,56.3,17.1
Newfoundland and Labrador,2017-09-01,Students,35.5,44.0,19.3
Newfoundland and Labrador,2017-09-01,"Total, all students and non-students",51.1,61.3,16.7
Newfoundland and Labrador,2017-10-01,Full-time students,36.9,43.5,15.2
Newfoundland and Labrador,2017-10-01,Non-students,72.8,87.1,16.4
Newfoundland and Labrador,2017-10-01,Part-time students,76.5,82.4,15.45
Newfoundland and Labrador,2017-10-01,Students,38.9,45.5,14.5
Newfoundland and Labrador,2017-10-01,"Total, all students and non-students",52.5,62.2,15.6
Newfoundland and Labrador,2017-11-01,Full-time students,36.8,44.5,16.8
Newfoundland and Labrador,2017-11-01,Non-students,72.1,86.8,16.8
Newfoundland and Labrador,2017-11-01,Part-time students,77.8,83.3,16.35
Newfoundland and Labrador,2017-11-01,Students,38.9,46.3,15.9
Newfoundland and Labrador,2017-11-01,"Total, all students and non-students",52.1,62.5,16.7
Newfoundland and Labrador,2017-12-01,Full-time students,38.4,44.5,13.7
Newfoundland and Labrador,2017-12-01,Non-students,70.6,84.1,16.7
Newfoundland and Labrador,2017-12-01,Part-time students,93.3,93.3,14.85
Newfoundland and Labrador,2017-12-01,Students,40.8,46.9,13.0
Newfoundland and Labrador,2017-12-01,"Total, all students and non-students",52.2,61.2,14.7
Newfoundland and Labrador,2018-01-01,Full-time students,31.4,36.2,13.2
Newfoundland and Labrador,2018-01-01,Non-students,65.4,88.3,26.5
Newfoundland and Labrador,2018-01-01,Part-time students,64.7,76.5,19.95
Newfoundland and Labrador,2018-01-01,Students,32.7,38.1,13.4
Newfoundland and Labrador,2018-01-01,"Total, all students and non-students",44.8,56.7,21.0
Newfoundland and Labrador,2018-02-01,Full-time students,30.8,35.8,14.9
Newfoundland and Labrador,2018-02-01,Non-students,70.8,88.1,19.7
Newfoundland and Labrador,2018-02-01,Part-time students,75.0,93.8,17.2
Newfoundland and Labrador,2018-02-01,Students,32.8,38.4,14.7
Newfoundland and Labrador,2018-02-01,"Total, all students and non-students",46.6,56.7,17.5
Newfoundland and Labrador,2018-03-01,Full-time students,32.0,37.1,12.8
Newfoundland and Labrador,2018-03-01,Non-students,68.5,87.7,22.5
Newfoundland and Labrador,2018-03-01,Part-time students,73.3,80.0,17.45
Newfoundland and Labrador,2018-03-01,Students,33.8,38.9,12.4
Newfoundland and Labrador,2018-03-01,"Total, all students and non-students",46.5,56.8,18.1
Newfoundland and Labrador,2018-04-01,Full-time students,28.8,33.1,13.0
Newfoundland and Labrador,2018-04-01,Non-students,71.7,89.6,20.0
Newfoundland and Labrador,2018-04-01,Part-time students,75.0,75.0,15.9
Newfoundland and Labrador,2018-04-01,Students,30.6,35.0,11.8
Newfoundland and Labrador,2018-04-01,"Total, all students and non-students",48.4,58.7,17.2
Newfoundland and Labrador,2018-09-01,Full-time students,29.1,38.4,24.2
Newfoundland and Labrador,2018-09-01,Non-students,68.1,87.6,22.3
Newfoundland and Labrador,2018-09-01,Part-time students,87.5,100.0,23.0
Newfoundland and Labrador,2018-09-01,Students,30.2,39.6,23.7
Newfoundland and Labrador,2018-09-01,"Total, all students and non-students",44.8,58.1,22.8
Newfoundland and Labrador,2018-10-01,Full-time students,30.5,34.9,11.8
Newfoundland and Labrador,2018-10-01,Non-students,67.2,85.4,21.9
Newfoundland and Labrador,2018-10-01,Part-time students,41.7,50.0,16.95
Newfoundland and Labrador,2018-10-01,Students,30.9,35.4,12.0
Newfoundland and Labrador,2018-10-01,"Total, all students and non-students",43.9,53.4,17.7
Newfoundland and Labrador,2018-11-01,Full-time students,29.0,36.3,20.8
Newfoundland and Labrador,2018-11-01,Non-students,64.0,84.2,24.0
Newfoundland and Labrador,2018-11-01,Part-time students,47.1,52.9,22.1
Newfoundland and Labrador,2018-11-01,Students,29.7,37.2,20.2
Newfoundland and Labrador,2018-11-01,"Total, all students and non-students",42.5,54.6,22.3
Newfoundland and Labrador,2018-12-01,Full-time students,30.0,35.8,16.1
Newfoundland and Labrador,2018-12-01,Non-students,65.1,84.2,22.2
Newfoundland and Labrador,2018-12-01,Part-time students,58.3,58.3,18.75
Newfoundland and Labrador,2018-12-01,Students,30.7,36.3,15.3
Newfoundland and Labrador,2018-12-01,"Total, all students and non-students",43.9,54.4,19.3
Newfoundland and Labrador,2019-01-01,Full-time students,31.8,33.6,5.4
Newfoundland and Labrador,2019-01-01,Non-students,65.3,86.1,24.7
Newfoundland and Labrador,2019-01-01,Part-time students,68.8,87.5,15.899999999999999
Newfoundland and Labrador,2019-01-01,Students,33.5,36.1,7.1
Newfoundland and Labrador,2019-01-01,"Total, all students and non-students",45.3,54.5,17.0
Newfoundland and Labrador,2019-02-01,Full-time students,28.0,34.9,19.8
Newfoundland and Labrador,2019-02-01,Non-students,67.5,83.5,19.2
Newfoundland and Labrador,2019-02-01,Part-time students,76.0,88.0,19.049999999999997
Newfoundland and Labrador,2019-02-01,Students,31.4,38.4,18.9
Newfoundland and Labrador,2019-02-01,"Total, all students and non-students",44.9,55.3,19.1
Newfoundland and Labrador,2019-03-01,Full-time students,33.6,40.5,17.0
Newfoundland and Labrador,2019-03-01,Non-students,62.4,83.2,25.0
Newfoundland and Labrador,2019-03-01,Part-time students,55.0,80.0,31.3
Newfoundland and Labrador,2019-03-01,Students,34.8,42.8,17.9
Newfoundland and Labrador,2019-03-01,"Total, all students and non-students",44.8,57.4,21.6
Newfoundland and Labrador,2019-04-01,Full-time students,30.5,38.4,20.5
Newfoundland and Labrador,2019-04-01,Non-students,64.1,82.8,22.5
Newfoundland and Labrador,2019-04-01,Part-time students,71.4,95.2,30.0
Newfoundland and Labrador,2019-04-01,Students,33.0,42.2,21.7
Newfoundland and Labrador,2019-04-01,"Total, all students and non-students",44.8,57.4,21.9
Newfoundland and Labrador,2019-09-01,Full-time students,31.3,36.5,14.3
Newfoundland and Labrador,2019-09-01,Non-students,71.2,84.3,15.5
Newfoundland and Labrador,2019-09-01,Part-time students,54.5,63.6,15.3
Newfoundland and Labrador,2019-09-01,Students,32.0,37.3,15.1
Newfoundland and Labrador,2019-09-01,"Total, all students and non-students",48.3,57.2,15.3
Newfoundland and Labrador,2019-10-01,Full-time students,34.7,40.6,14.6
Newfoundland and Labrador,2019-10-01,Non-students,68.8,82.6,16.1
Newfoundland and Labrador,2019-10-01,Part-time students,66.7,66.7,15.05
Newfoundland and Labrador,2019-10-01,Students,35.6,41.3,14.0
Newfoundland and Labrador,2019-10-01,"Total, all students and non-students",49.0,57.8,15.2
Newfoundland and Labrador,2019-11-01,Full-time students,37.8,43.5,13.1
Newfoundland and Labrador,2019-11-01,Non-students,66.4,77.3,14.1
Newfoundland and Labrador,2019-11-01,Part-time students,83.3,100.0,13.7
Newfoundland and Labrador,2019-11-01,Students,39.8,45.9,13.3
Newfoundland and Labrador,2019-11-01,"Total, all students and non-students",50.5,58.3,13.8
Newfoundland and Labrador,2019-12-01,Full-time students,34.9,39.1,10.8
Newfoundland and Labrador,2019-12-01,Non-students,70.3,84.7,16.5
Newfoundland and Labrador,2019-12-01,Part-time students,63.6,72.7,13.7
Newfoundland and Labrador,2019-12-01,Students,35.8,40.3,10.9
Newfoundland and Labrador,2019-12-01,"Total, all students and non-students",50.5,58.9,14.3
Newfoundland and Labrador,2020-01-01,Full-time students,28.3,32.5,12.9
Newfoundland and Labrador,2020-01-01,Non-students,64.6,83.6,22.8
Newfoundland and Labrador,2020-01-01,Part-time students,90.0,90.0,17.25
Newfoundland and Labrador,2020-01-01,Students,30.5,34.6,11.7
Newfoundland and Labrador,2020-01-01,"Total, all students and non-students",44.6,54.8,18.7
Newfoundland and Labrador,2020-02-01,Full-time students,27.7,34.2,18.9
Newfoundland and Labrador,2020-02-01,Non-students,70.6,86.8,18.7
Newfoundland and Labrador,2020-02-01,Part-time students,66.7,88.9,19.0
Newfoundland and Labrador,2020-02-01,Students,28.8,35.7,19.3
Newfoundland and Labrador,2020-02-01,"Total, all students and non-students",46.3,57.0,18.9
Newfoundland and Labrador,2020-03-01,Full-time students,16.2,22.9,29.0
Newfoundland and Labrador,2020-03-01,Non-students,59.6,72.1,17.3
Newfoundland and Labrador,2020-03-01,Part-time students,70.0,80.0,22.05
Newfoundland and Labrador,2020-03-01,Students,18.1,25.3,26.8
Newfoundland and Labrador,2020-03-01,"Total, all students and non-students",38.3,48.0,20.2
Newfoundland and Labrador,2020-04-01,Full-time students,17.0,24.6,32.4
Newfoundland and Labrador,2020-04-01,Non-students,49.8,68.7,27.5
Newfoundland and Labrador,2020-04-01,Part-time students,45.5,81.8,30.65
Newfoundland and Labrador,2020-04-01,Students,18.1,26.8,33.8
Newfoundland and Labrador,2020-04-01,"Total, all students and non-students",33.2,46.9,29.3
Newfoundland and Labrador,2020-09-01,Full-time students,35.5,38.7,9.2
Newfoundland and Labrador,2020-09-01,Non-students,65.0,82.1,20.3
Newfoundland and Labrador,2020-09-01,Part-time students,86.4,100.0,14.75
Newfoundland and Labrador,2020-09-01,Students,39.3,43.2,9.2
Newfoundland and Labrador,2020-09-01,"Total, all students and non-students",50.6,60.1,15.9
Newfoundland and Labrador,2020-10-01,Full-time students,34.5,38.9,11.4
Newfoundland and Labrador,2020-10-01,Non-students,69.7,83.9,16.9
Newfoundland and Labrador,2020-10-01,Part-time students,75.0,75.0,13.649999999999999
Newfoundland and Labrador,2020-10-01,Students,36.4,40.7,10.4
Newfoundland and Labrador,2020-10-01,"Total, all students and non-students",49.4,57.5,14.1
Newfoundland and Labrador,2020-11-01,Full-time students,34.0,40.3,15.7
Newfoundland and Labrador,2020-11-01,Non-students,70.9,85.0,16.6
Newfoundland and Labrador,2020-11-01,Part-time students,72.4,86.2,16.200000000000003
Newfoundland and Labrador,2020-11-01,Students,37.4,44.4,15.8
Newfoundland and Labrador,2020-11-01,"Total, all students and non-students",50.6,60.3,16.2
Newfoundland and Labrador,2020-12-01,Full-time students,40.5,45.7,12.0
Newfoundland and Labrador,2020-12-01,Non-students,65.0,80.6,19.4
Newfoundland and Labrador,2020-12-01,Part-time students,61.5,84.6,16.25
Newfoundland and Labrador,2020-12-01,Students,41.2,47.1,13.1
Newfoundland and Labrador,2020-12-01,"Total, all students and non-students",50.7,60.5,16.5
Newfoundland and Labrador,2021-01-01,Full-time students,31.5,35.3,10.6
Newfoundland and Labrador,2021-01-01,Non-students,62.3,83.9,25.7
Newfoundland and Labrador,2021-01-01,Part-time students,65.2,73.9,17.8
Newfoundland and Labrador,2021-01-01,Students,34.3,38.1,9.9
Newfoundland and Labrador,2021-01-01,"Total, all students and non-students",45.8,56.9,19.5
Newfoundland and Labrador,2021-02-01,Full-time students,26.4,35.2,25.0
Newfoundland and Labrador,2021-02-01,Non-students,56.4,71.6,21.3
Newfoundland and Labrador,2021-02-01,Part-time students,84.2,89.5,22.1
Newfoundland and Labrador,2021-02-01,Students,29.9,38.8,22.9
Newfoundland and Labrador,2021-02-01,"Total, all students and non-students",41.3,53.1,22.3
Newfoundland and Labrador,2021-03-01,Full-time students,27.5,42.1,34.6
Newfoundland and Labrador,2021-03-01,Non-students,69.3,83.0,17.1
Newfoundland and Labrador,2021-03-01,Part-time students,57.9,68.4,25.35
Newfoundland and Labrador,2021-03-01,Students,29.0,43.6,33.6
Newfoundland and Labrador,2021-03-01,"Total, all students and non-students",45.3,59.6,24.0
Newfoundland and Labrador,2021-04-01,Full-time students,33.2,40.6,18.3
Newfoundland and Labrador,2021-04-01,Non-students,64.5,92.1,29.9
Newfoundland and Labrador,2021-04-01,Part-time students,71.4,78.6,23.7
Newfoundland and Labrador,2021-04-01,Students,34.9,42.3,17.5
Newfoundland and Labrador,2021-04-01,"Total, all students and non-students",46.6,62.2,24.8
Newfoundland and Labrador,2021-09-01,Full-time students,38.0,44.6,14.8
Newfoundland and Labrador,2021-09-01,Non-students,72.0,88.0,18.2
Newfoundland and Labrador,2021-09-01,Part-time students,55.6,66.7,16.7
Newfoundland and Labrador,2021-09-01,Students,39.9,46.7,15.2
Newfoundland and Labrador,2021-09-01,"Total, all students and non-students",51.9,62.3,16.7
Newfoundland and Labrador,2021-10-01,Full-time students,38.6,44.1,12.6
Newfoundland and Labrador,2021-10-01,Non-students,66.1,87.1,24.7
Newfoundland and Labrador,2021-10-01,Part-time students,64.3,78.6,19.0
Newfoundland and Labrador,2021-10-01,Students,40.6,46.9,13.3
Newfoundland and Labrador,2021-10-01,"Total, all students and non-students",49.4,60.8,18.7
Newfoundland and Labrador,2021-11-01,Full-time students,39.7,44.3,10.4
Newfoundland and Labrador,2021-11-01,Non-students,64.3,82.7,22.2
Newfoundland and Labrador,2021-11-01,Part-time students,86.2,93.1,16.05
Newfoundland and Labrador,2021-11-01,Students,43.5,48.3,9.9
Newfoundland and Labrador,2021-11-01,"Total, all students and non-students",50.6,60.1,15.7
Newfoundland and Labrador,2021-12-01,Full-time students,34.8,37.3,7.6
Newfoundland and Labrador,2021-12-01,Non-students,66.5,86.4,23.0
Newfoundland and Labrador,2021-12-01,Part-time students,83.3,90.0,15.25
Newfoundland and Labrador,2021-12-01,Students,38.7,41.8,7.5
Newfoundland and Labrador,2021-12-01,"Total, all students and non-students",48.5,57.8,16.0
Newfoundland and Labrador,2022-01-01,Full-time students,29.9,35.9,16.5
Newfoundland and Labrador,2022-01-01,Non-students,61.9,80.1,22.7
Newfoundland and Labrador,2022-01-01,Part-time students,66.7,75.0,19.799999999999997
Newfoundland and Labrador,2022-01-01,Students,31.1,37.5,16.9
Newfoundland and Labrador,2022-01-01,"Total, all students and non-students",44.0,55.3,20.1
Newfoundland and Labrador,2022-02-01,Full-time students,36.2,38.6,7.1
Newfoundland and Labrador,2022-02-01,Non-students,70.1,85.5,18.0
Newfoundland and Labrador,2022-02-01,Part-time students,46.4,89.3,48.0
Newfoundland and Labrador,2022-02-01,Students,36.9,43.1,14.5
Newfoundland and Labrador,2022-02-01,"Total, all students and non-students",50.6,60.3,16.5
Newfoundland and Labrador,2022-03-01,Full-time students,38.2,40.5,5.6
Newfoundland and Labrador,2022-03-01,Non-students,61.6,77.8,20.8
Newfoundland and Labrador,2022-03-01,Part-time students,66.7,90.5,14.25
Newfoundland and Labrador,2022-03-01,Students,40.4,43.7,7.7
Newfoundland and Labrador,2022-03-01,"Total, all students and non-students",48.9,57.4,14.8
Newfoundland and Labrador,2022-04-01,Full-time students,33.4,39.5,15.4
Newfoundland and Labrador,2022-04-01,Non-students,67.0,84.9,21.1
Newfoundland and Labrador,2022-04-01,Part-time students,71.4,78.6,18.0
Newfoundland and Labrador,2022-04-01,Students,35.1,41.2,14.9
Newfoundland and Labrador,2022-04-01,"Total, all students and non-students",47.9,58.7,18.5
Newfoundland and Labrador,2022-09-01,Full-time students,38.8,43.1,9.9
Newfoundland and Labrador,2022-09-01,Non-students,66.7,79.4,16.0
Newfoundland and Labrador,2022-09-01,Part-time students,78.6,78.6,12.65
Newfoundland and Labrador,2022-09-01,Students,40.5,44.3,9.3
Newfoundland and Labrador,2022-09-01,"Total, all students and non-students",50.2,57.3,12.8
Newfoundland and Labrador,2022-10-01,Full-time students,42.6,47.0,9.5
Newfoundland and Labrador,2022-10-01,Non-students,66.8,85.2,21.6
Newfoundland and Labrador,2022-10-01,Part-time students,42.9,64.3,16.200000000000003
Newfoundland and Labrador,2022-10-01,Students,42.6,47.7,10.8
Newfoundland and Labrador,2022-10-01,"Total, all students and non-students",51.3,61.2,15.9
Newfoundland and Labrador,2022-11-01,Full-time students,38.8,42.8,8.7
Newfoundland and Labrador,2022-11-01,Non-students,70.1,81.3,13.8
Newfoundland and Labrador,2022-11-01,Part-time students,66.7,83.3,11.600000000000001
Newfoundland and Labrador,2022-11-01,Students,40.0,44.2,9.4
Newfoundland and Labrador,2022-11-01,"Total, all students and non-students",50.3,56.9,11.6
Newfoundland and Labrador,2022-12-01,Full-time students,40.4,44.1,8.3
Newfoundland and Labrador,2022-12-01,Non-students,70.4,86.0,17.5
Newfoundland and Labrador,2022-12-01,Part-time students,61.5,61.5,12.7
Newfoundland and Labrador,2022-12-01,Students,41.2,44.7,7.9
Newfoundland and Labrador,2022-12-01,"Total, all students and non-students",50.7,58.2,12.5
Newfoundland and Labrador,2023-01-01,Full-time students,27.2,34.7,21.7
Newfoundland and Labrador,2023-01-01,Non-students,69.2,87.0,21.1
Newfoundland and Labrador,2023-01-01,Part-time students,83.3,83.3,20.25
Newfoundland and Labrador,2023-01-01,Students,29.7,36.8,19.4
Newfoundland and Labrador,2023-01-01,"Total, all students and non-students",43.0,53.9,20.3
Newfoundland and Labrador,2023-02-01,Full-time students,29.0,34.6,16.3
Newfoundland and Labrador,2023-02-01,Non-students,70.2,89.5,21.6
Newfoundland and Labrador,2023-02-01,Part-time students,60.0,60.0,18.4
Newfoundland and Labrador,2023-02-01,Students,30.3,35.7,15.2
Newfoundland and Labrador,2023-02-01,"Total, all students and non-students",43.4,53.5,19.0
Newfoundland and Labrador,2023-03-01,Full-time students,31.0,34.8,10.9
Newfoundland and Labrador,2023-03-01,Non-students,65.5,83.0,21.1
Newfoundland and Labrador,2023-03-01,Part-time students,80.0,80.0,15.9
Newfoundland and Labrador,2023-03-01,Students,33.1,36.7,10.7
Newfoundland and Labrador,2023-03-01,"Total, all students and non-students",44.5,53.0,16.4
Newfoundland and Labrador,2023-04-01,Full-time students,32.1,37.0,13.3
Newfoundland and Labrador,2023-04-01,Non-students,65.6,81.7,20.2
Newfoundland and Labrador,2023-04-01,Part-time students,70.0,90.0,16.75
Newfoundland and Labrador,2023-04-01,Students,33.2,38.3,13.3
Newfoundland and Labrador,2023-04-01,"Total, all students and non-students",45.8,55.4,17.3
Newfoundland and Labrador,2023-09-01,Full-time students,35.5,42.0,15.5
Newfoundland and Labrador,2023-09-01,Non-students,76.9,85.6,10.2
Newfoundland and Labrador,2023-09-01,Part-time students,76.0,76.0,12.0
Newfoundland and Labrador,2023-09-01,Students,38.0,44.1,13.8
Newfoundland and Labrador,2023-09-01,"Total, all students and non-students",51.8,58.8,11.9
Newfoundland and Labrador,2023-10-01,Full-time students,38.7,41.3,7.0
Newfoundland and Labrador,2023-10-01,Non-students,71.6,81.9,12.0
Newfoundland and Labrador,2023-10-01,Part-time students,63.6,63.6,9.35
Newfoundland and Labrador,2023-10-01,Students,39.4,42.0,6.7
Newfoundland and Labrador,2023-10-01,"Total, all students and non-students",51.2,56.5,9.5
Newfoundland and Labrador,2023-11-01,Full-time students,35.5,38.8,7.9
Newfoundland and Labrador,2023-11-01,Non-students,75.3,86.3,12.2
Newfoundland and Labrador,2023-11-01,Part-time students,76.9,84.6,10.1
Newfoundland and Labrador,2023-11-01,Students,37.2,40.4,8.0
Newfoundland and Labrador,2023-11-01,"Total, all students and non-students",50.1,55.8,10.2
Newfoundland and Labrador,2023-12-01,Full-time students,36.5,39.5,6.8
Newfoundland and Labrador,2023-12-01,Non-students,67.5,82.0,17.8
Newfoundland and Labrador,2023-12-01,Part-time students,60.9,73.9,12.95
Newfoundland and Labrador,2023-12-01,Students,38.2,41.6,8.1
Newfoundland and Labrador,2023-12-01,"Total, all students and non-students",48.9,56.6,13.2
Newfoundland and Labrador,2024-01-01,Full-time students,33.5,39.5,15.1
Newfoundland and Labrador,2024-01-01,Non-students,70.1,82.6,15.1
Newfoundland and Labrador,2024-01-01,Part-time students,45.0,70.0,35.7
Newfoundland and Labrador,2024-01-01,Students,34.1,41.2,17.1
Newfoundland and Labrador,2024-01-01,"Total, all students and non-students",48.4,57.6,16.0
Newfoundland and Labrador,2024-02-01,Full-time students,30.8,37.8,17.7
Newfoundland and Labrador,2024-02-01,Non-students,75.3,88.1,14.5
Newfoundland and Labrador,2024-02-01,Part-time students,66.7,72.2,16.05
Newfoundland and Labrador,2024-02-01,Students,32.6,39.2,17.6
Newfoundland and Labrador,2024-02-01,"Total, all students and non-students",49.1,58.1,15.5
Newfoundland and Labrador,2024-03-01,Full-time students,31.9,39.5,19.3
Newfoundland and Labrador,2024-03-01,Non-students,73.5,89.0,16.9
Newfoundland and Labrador,2024-03-01,Part-time students,57.7,65.4,17.65
Newfoundland and Labrador,2024-03-01,Students,33.8,41.4,18.4
Newfoundland and Labrador,2024-03-01,"Total, all students and non-students",47.8,58.2,17.9
Newfoundland and Labrador,2024-04-01,Full-time students,33.4,39.9,17.1
Newfoundland and Labrador,2024-04-01,Non-students,74.3,88.1,15.6
Newfoundland and Labrador,2024-04-01,Part-time students,60.0,75.0,16.4
Newfoundland and Labrador,2024-04-01,Students,35.0,42.3,17.2
Newfoundland and Labrador,2024-04-01,"Total, all students and non-students",50.6,60.5,16.3
Newfoundland and Labrador,2024-09-01,Full-time students,34.5,39.2,12.1
Newfoundland and Labrador,2024-09-01,Non-students,68.8,79.9,13.8
Newfoundland and Labrador,2024-09-01,Part-time students,80.0,85.0,12.65
Newfoundland and Labrador,2024-09-01,Students,37.0,41.8,11.5
Newfoundland and Labrador,2024-09-01,"Total, all students and non-students",47.9,54.9,12.7
Newfoundland and Labrador,2024-10-01,Full-time students,34.5,39.5,12.8
Newfoundland and Labrador,2024-10-01,Non-students,71.9,84.4,14.9
Newfoundland and Labrador,2024-10-01,Part-time students,90.0,90.0,13.100000000000001
Newfoundland and Labrador,2024-10-01,Students,37.4,42.4,11.3
Newfoundland and Labrador,2024-10-01,"Total, all students and non-students",49.3,56.8,13.1
Newfoundland and Labrador,2024-11-01,Full-time students,32.8,37.3,12.1
Newfoundland and Labrador,2024-11-01,Non-students,73.1,83.7,13.2
Newfoundland and Labrador,2024-11-01,Part-time students,84.6,84.6,12.2
Newfoundland and Labrador,2024-11-01,Students,34.5,38.9,11.2
Newfoundland and Labrador,2024-11-01,"Total, all students and non-students",48.4,55.0,12.3
Newfoundland and Labrador,2024-12-01,Full-time students,37.5,42.1,10.8
Newfoundland and Labrador,2024-12-01,Non-students,73.0,86.7,15.9
Newfoundland and Labrador,2024-12-01,Part-time students,83.3,83.3,13.2
Newfoundland and Labrador,2024-12-01,Students,38.2,42.6,10.5
Newfoundland and Labrador,2024-12-01,"Total, all students and non-students",50.2,57.8,13.2
Newfoundland and Labrador,2025-01-01,Full-time students,28.5,35.3,19.4
Newfoundland and Labrador,2025-01-01,Non-students,67.7,84.8,20.2
Newfoundland and Labrador,2025-01-01,Part-time students,69.2,100.0,20.299999999999997
Newfoundland and Labrador,2025-01-01,Students,29.9,37.6,20.4
Newfoundland and Labrador,2025-01-01,"Total, all students and non-students",42.9,53.8,20.3
Newfoundland and Labrador,2025-02-01,Full-time students,29.0,36.6,20.1
Newfoundland and Labrador,2025-02-01,Non-students,70.4,86.7,18.8
Newfoundland and Labrador,2025-02-01,Part-time students,66.7,80.0,19.4
Newfoundland and Labrador,2025-02-01,Students,30.4,38.1,20.0
Newfoundland and Labrador,2025-02-01,"Total, all students and non-students",44.0,54.6,19.4
Newfoundland and Labrador,2025-03-01,Full-time students,34.1,40.9,16.4
Newfoundland and Labrador,2025-03-01,Non-students,67.0,83.8,20.6
Newfoundland and Labrador,2025-03-01,Part-time students,87.5,100.0,18.1
Newfoundland and Labrador,2025-03-01,Students,35.5,42.1,15.6
Newfoundland and Labrador,2025-03-01,"Total, all students and non-students",46.1,56.3,18.2
Newfoundland and Labrador,2025-04-01,Full-time students,35.4,42.9,17.3
Newfoundland and Labrador,2025-04-01,Non-students,67.3,87.6,23.2
Newfoundland and Labrador,2025-04-01,Part-time students,90.9,90.9,19.75
Newfoundland and Labrador,2025-04-01,Students,37.1,44.3,16.3
Newfoundland and Labrador,2025-04-01,"Total, all students and non-students",47.7,59.4,20.1
Newfoundland and Labrador,2025-09-01,Full-time students,30.6,35.2,13.8
Newfoundland and Labrador,2025-09-01,Non-students,73.0,85.0,14.1
Newfoundland and Labrador,2025-09-01,Part-time students,64.3,78.6,14.149999999999999
Newfoundland and Labrador,2025-09-01,Students,31.7,36.9,14.2
Newfoundland and Labrador,2025-09-01,"Total, all students and non-students",48.4,56.5,14.1
Newfoundland and Labrador,2025-10-01,Full-time students,32.1,37.6,13.7
Newfoundland and Labrador,2025-10-01,Non-students,72.2,85.2,15.3
Newfoundland and Labrador,2025-10-01,Part-time students,66.7,83.3,15.2
Newfoundland and Labrador,2025-10-01,Students,33.9,39.9,15.1
Newfoundland and Labrador,2025-10-01,"Total, all students and non-students",49.2,58.1,15.2
Newfoundland and Labrador,2025-11-01,Full-time students,34.1,39.8,14.3
Newfoundland and Labrador,2025-11-01,Non-students,67.7,82.3,17.7
Newfoundland and Labrador,2025-11-01,Part-time students,58.3,75.0,16.45
Newfoundland and Labrador,2025-11-01,Students,35.8,42.2,15.2
Newfoundland and Labrador,2025-11-01,"Total, all students and non-students",47.8,57.4,16.6
Newfoundland and Labrador,2025-12-01,Full-time students,35.1,41.3,15.0
Newfoundland and Labrador,2025-12-01,Non-students,70.2,84.7,17.0
Newfoundland and Labrador,2025-12-01,Part-time students,54.2,62.5,16.25
Newfoundland and Labrador,2025-12-01,Students,36.5,42.8,15.5
Newfoundland and Labrador,2025-12-01,"Total, all students and non-students",49.0,58.3,16.0
Nova Scotia,2015-01-01,Full-time students,35.4,41.6,14.8
Nova Scotia,2015-01-01,Non-students,77.5,91.8,15.3
Nova Scotia,2015-01-01,Part-time students,62.9,62.9,14.45
Nova Scotia,2015-01-01,Students,36.9,42.8,13.6
Nova Scotia,2015-01-01,"Total, all students and non-students",54.4,63.8,14.7
Nova Scotia,2015-02-01,Full-time students,37.5,43.8,14.2
Nova Scotia,2015-02-01,Non-students,72.6,90.6,19.9
Nova Scotia,2015-02-01,Part-time students,64.7,70.6,16.85
Nova Scotia,2015-02-01,Students,39.0,45.2,13.8
Nova Scotia,2015-02-01,"Total, all students and non-students",52.5,63.6,17.4
Nova Scotia,2015-03-01,Full-time students,39.3,44.0,10.6
Nova Scotia,2015-03-01,Non-students,73.1,88.8,17.7
Nova Scotia,2015-03-01,Part-time students,48.0,56.0,14.3
Nova Scotia,2015-03-01,Students,39.5,44.3,10.9
Nova Scotia,2015-03-01,"Total, all students and non-students",54.2,63.7,15.0
Nova Scotia,2015-04-01,Full-time students,33.7,43.5,22.9
Nova Scotia,2015-04-01,Non-students,72.3,88.4,18.3
Nova Scotia,2015-04-01,Part-time students,,57.1,20.75
Nova Scotia,2015-04-01,Students,33.6,44.0,23.2
Nova Scotia,2015-04-01,"Total, all students and non-students",49.6,62.3,20.3
Nova Scotia,2015-09-01,Full-time students,40.0,48.1,17.0
Nova Scotia,2015-09-01,Non-students,74.7,86.8,14.0
Nova Scotia,2015-09-01,Part-time students,42.9,71.4,40.0
Nova Scotia,2015-09-01,Students,40.2,48.9,18.1
Nova Scotia,2015-09-01,"Total, all students and non-students",55.4,65.7,15.7
Nova Scotia,2015-10-01,Full-time students,39.7,46.7,15.0
Nova Scotia,2015-10-01,Non-students,76.2,89.0,14.4
Nova Scotia,2015-10-01,Part-time students,38.5,53.8,15.05
Nova Scotia,2015-10-01,Students,39.6,46.8,15.7
Nova Scotia,2015-10-01,"Total, all students and non-students",54.8,64.4,14.8
Nova Scotia,2015-11-01,Full-time students,38.0,44.1,13.7
Nova Scotia,2015-11-01,Non-students,77.4,89.2,13.2
Nova Scotia,2015-11-01,Part-time students,59.1,68.2,13.45
Nova Scotia,2015-11-01,Students,38.8,44.9,13.7
Nova Scotia,2015-11-01,"Total, all students and non-students",55.5,64.1,13.4
Nova Scotia,2015-12-01,Full-time students,36.2,41.8,13.7
Nova Scotia,2015-12-01,Non-students,74.8,86.7,13.7
Nova Scotia,2015-12-01,Part-time students,62.5,70.8,13.6
Nova Scotia,2015-12-01,Students,37.1,43.1,13.5
Nova Scotia,2015-12-01,"Total, all students and non-students",53.4,61.9,13.8
Nova Scotia,2016-01-01,Full-time students,34.4,42.8,19.5
Nova Scotia,2016-01-01,Non-students,74.9,87.0,13.9
Nova Scotia,2016-01-01,Part-time students,57.9,57.9,16.3
Nova Scotia,2016-01-01,Students,35.2,43.2,18.7
Nova Scotia,2016-01-01,"Total, all students and non-students",52.3,62.1,15.8
Nova Scotia,2016-02-01,Full-time students,36.3,44.9,19.1
Nova Scotia,2016-02-01,Non-students,75.5,86.1,12.3
Nova Scotia,2016-02-01,Part-time students,56.5,65.2,15.4
Nova Scotia,2016-02-01,Students,37.3,45.7,18.5
Nova Scotia,2016-02-01,"Total, all students and non-students",53.4,62.8,14.9
Nova Scotia,2016-03-01,Full-time students,33.1,40.6,18.7
Nova Scotia,2016-03-01,Non-students,74.3,87.8,15.6
Nova Scotia,2016-03-01,Part-time students,63.6,68.2,16.8
Nova Scotia,2016-03-01,Students,34.0,41.7,18.0
Nova Scotia,2016-03-01,"Total, all students and non-students",51.6,61.8,16.5
Nova Scotia,2016-04-01,Full-time students,37.0,43.3,14.6
Nova Scotia,2016-04-01,Non-students,76.8,89.7,14.4
Nova Scotia,2016-04-01,Part-time students,72.4,75.9,14.25
Nova Scotia,2016-04-01,Students,38.5,44.9,14.1
Nova Scotia,2016-04-01,"Total, all students and non-students",53.4,62.4,14.3
Nova Scotia,2016-09-01,Full-time students,35.3,39.7,11.1
Nova Scotia,2016-09-01,Non-students,73.8,84.3,12.8
Nova Scotia,2016-09-01,Part-time students,52.2,65.2,12.2
Nova Scotia,2016-09-01,Students,35.8,40.5,11.6
Nova Scotia,2016-09-01,"Total, all students and non-students",50.7,57.7,12.1
Nova Scotia,2016-10-01,Full-time students,38.1,42.3,10.3
Nova Scotia,2016-10-01,Non-students,70.5,83.6,15.6
Nova Scotia,2016-10-01,Part-time students,53.1,65.6,13.3
Nova Scotia,2016-10-01,Students,38.7,43.5,11.0
Nova Scotia,2016-10-01,"Total, all students and non-students",51.6,59.7,13.6
Nova Scotia,2016-11-01,Full-time students,34.6,40.0,13.6
Nova Scotia,2016-11-01,Non-students,74.3,85.9,13.5
Nova Scotia,2016-11-01,Part-time students,52.2,73.9,13.9
Nova Scotia,2016-11-01,Students,35.2,41.1,14.3
Nova Scotia,2016-11-01,"Total, all students and non-students",52.3,60.7,13.8
Nova Scotia,2016-12-01,Full-time students,35.2,40.3,12.5
Nova Scotia,2016-12-01,Non-students,74.7,85.2,12.4
Nova Scotia,2016-12-01,Part-time students,63.9,69.4,12.25
Nova Scotia,2016-12-01,Students,36.9,41.9,12.1
Nova Scotia,2016-12-01,"Total, all students and non-students",52.7,60.0,12.3
Nova Scotia,2017-01-01,Full-time students,35.9,42.9,16.4
Nova Scotia,2017-01-01,Non-students,71.3,85.2,16.3
Nova Scotia,2017-01-01,Part-time students,55.2,72.4,23.8
Nova Scotia,2017-01-01,Students,36.9,44.2,16.9
Nova Scotia,2017-01-01,"Total, all students and non-students",50.1,59.9,16.4
Nova Scotia,2017-02-01,Full-time students,37.7,45.3,16.8
Nova Scotia,2017-02-01,Non-students,74.8,85.8,12.8
Nova Scotia,2017-02-01,Part-time students,64.3,71.4,14.700000000000001
Nova Scotia,2017-02-01,Students,38.4,45.8,16.6
Nova Scotia,2017-02-01,"Total, all students and non-students",51.8,60.7,14.6
Nova Scotia,2017-03-01,Full-time students,40.2,47.8,16.0
Nova Scotia,2017-03-01,Non-students,66.5,82.9,20.1
Nova Scotia,2017-03-01,Part-time students,65.0,70.0,17.85
Nova Scotia,2017-03-01,Students,40.8,48.5,15.6
Nova Scotia,2017-03-01,"Total, all students and non-students",51.5,62.8,18.0
Nova Scotia,2017-04-01,Full-time students,38.5,45.4,15.4
Nova Scotia,2017-04-01,Non-students,73.5,85.6,14.2
Nova Scotia,2017-04-01,Part-time students,57.7,65.4,14.7
Nova Scotia,2017-04-01,Students,39.1,46.2,15.2
Nova Scotia,2017-04-01,"Total, all students and non-students",51.9,60.9,14.7
Nova Scotia,2017-09-01,Full-time students,37.8,46.9,19.3
Nova Scotia,2017-09-01,Non-students,73.6,87.4,15.8
Nova Scotia,2017-09-01,Part-time students,,54.5,18.0
Nova Scotia,2017-09-01,Students,37.6,47.2,20.2
Nova Scotia,2017-09-01,"Total, all students and non-students",52.0,63.3,17.8
Nova Scotia,2017-10-01,Full-time students,35.9,44.2,18.3
Nova Scotia,2017-10-01,Non-students,75.4,87.6,13.9
Nova Scotia,2017-10-01,Part-time students,69.2,92.3,16.4
Nova Scotia,2017-10-01,Students,36.5,45.1,18.9
Nova Scotia,2017-10-01,"Total, all students and non-students",51.5,61.4,16.2
Nova Scotia,2017-11-01,Full-time students,35.8,43.8,18.2
Nova Scotia,2017-11-01,Non-students,72.5,88.4,18.2
Nova Scotia,2017-11-01,Part-time students,50.0,88.9,50.0
Nova Scotia,2017-11-01,Students,36.1,45.1,19.9
Nova Scotia,2017-11-01,"Total, all students and non-students",49.6,61.1,18.8
Nova Scotia,2017-12-01,Full-time students,36.3,42.1,13.5
Nova Scotia,2017-12-01,Non-students,75.4,89.4,15.7
Nova Scotia,2017-12-01,Part-time students,61.1,61.1,14.35
Nova Scotia,2017-12-01,Students,36.9,42.6,13.0
Nova Scotia,2017-12-01,"Total, all students and non-students",51.1,59.7,14.5
Nova Scotia,2018-01-01,Full-time students,34.7,41.8,17.0
Nova Scotia,2018-01-01,Non-students,71.5,86.1,16.7
Nova Scotia,2018-01-01,Part-time students,84.2,84.2,16.4
Nova Scotia,2018-01-01,Students,36.2,42.9,16.1
Nova Scotia,2018-01-01,"Total, all students and non-students",49.3,59.0,16.4
Nova Scotia,2018-02-01,Full-time students,36.3,44.8,18.9
Nova Scotia,2018-02-01,Non-students,72.2,87.2,17.2
Nova Scotia,2018-02-01,Part-time students,92.3,92.3,17.7
Nova Scotia,2018-02-01,Students,37.3,45.6,18.2
Nova Scotia,2018-02-01,"Total, all students and non-students",50.1,60.9,17.7
Nova Scotia,2018-03-01,Full-time students,36.0,43.1,16.9
Nova Scotia,2018-03-01,Non-students,69.5,83.9,17.5
Nova Scotia,2018-03-01,Part-time students,76.7,86.7,16.95
Nova Scotia,2018-03-01,Students,37.8,45.2,16.4
Nova Scotia,2018-03-01,"Total, all students and non-students",50.6,60.9,17.0
Nova Scotia,2018-04-01,Full-time students,34.6,46.4,25.5
Nova Scotia,2018-04-01,Non-students,69.9,85.6,18.3
Nova Scotia,2018-04-01,Part-time students,69.2,69.2,21.05
Nova Scotia,2018-04-01,Students,36.2,47.5,23.8
Nova Scotia,2018-04-01,"Total, all students and non-students",50.6,63.7,20.7
Nova Scotia,2018-09-01,Full-time students,38.0,45.6,16.7
Nova Scotia,2018-09-01,Non-students,79.0,90.9,13.1
Nova Scotia,2018-09-01,Part-time students,44.4,51.1,14.75
Nova Scotia,2018-09-01,Students,38.5,46.0,16.4
Nova Scotia,2018-09-01,"Total, all students and non-students",55.7,65.2,14.4
Nova Scotia,2018-10-01,Full-time students,43.4,49.1,11.7
Nova Scotia,2018-10-01,Non-students,74.9,89.0,15.9
Nova Scotia,2018-10-01,Part-time students,58.6,69.0,13.9
Nova Scotia,2018-10-01,Students,44.1,50.0,11.9
Nova Scotia,2018-10-01,"Total, all students and non-students",56.7,66.0,14.1
Nova Scotia,2018-11-01,Full-time students,40.3,43.1,6.5
Nova Scotia,2018-11-01,Non-students,75.6,88.5,14.7
Nova Scotia,2018-11-01,Part-time students,57.1,90.5,36.8
Nova Scotia,2018-11-01,Students,40.9,44.7,8.5
Nova Scotia,2018-11-01,"Total, all students and non-students",55.4,63.0,12.1
Nova Scotia,2018-12-01,Full-time students,42.2,47.1,10.7
Nova Scotia,2018-12-01,Non-students,78.4,89.9,12.5
Nova Scotia,2018-12-01,Part-time students,63.6,72.7,11.75
Nova Scotia,2018-12-01,Students,42.8,48.1,11.0
Nova Scotia,2018-12-01,"Total, all students and non-students",57.5,65.3,11.9
Nova Scotia,2019-01-01,Full-time students,40.2,45.6,11.8
Nova Scotia,2019-01-01,Non-students,73.1,85.1,14.1
Nova Scotia,2019-01-01,Part-time students,71.0,93.5,20.7
Nova Scotia,2019-01-01,Students,41.6,47.8,12.7
Nova Scotia,2019-01-01,"Total, all students and non-students",53.9,62.4,13.4
Nova Scotia,2019-02-01,Full-time students,42.8,48.9,12.6
Nova Scotia,2019-02-01,Non-students,72.5,87.0,16.4
Nova Scotia,2019-02-01,Part-time students,78.6,96.4,18.5
Nova Scotia,2019-02-01,Students,44.2,50.9,13.0
Nova Scotia,2019-02-01,"Total, all students and non-students",54.8,64.3,14.9
Nova Scotia,2019-03-01,Full-time students,41.3,46.5,11.1
Nova Scotia,2019-03-01,Non-students,74.6,87.7,14.6
Nova Scotia,2019-03-01,Part-time students,66.7,72.7,12.899999999999999
Nova Scotia,2019-03-01,Students,42.6,47.8,11.2
Nova Scotia,2019-03-01,"Total, all students and non-students",54.7,62.9,13.0
Nova Scotia,2019-04-01,Full-time students,41.8,49.4,15.3
Nova Scotia,2019-04-01,Non-students,74.9,88.2,15.0
Nova Scotia,2019-04-01,Part-time students,80.0,95.0,15.2
Nova Scotia,2019-04-01,Students,43.0,50.8,15.4
Nova Scotia,2019-04-01,"Total, all students and non-students",55.7,65.6,15.2
Nova Scotia,2019-09-01,Full-time students,43.8,52.3,16.3
Nova Scotia,2019-09-01,Non-students,80.6,89.6,10.0
Nova Scotia,2019-09-01,Part-time students,73.1,92.3,20.8
Nova Scotia,2019-09-01,Students,45.0,54.0,16.7
Nova Scotia,2019-09-01,"Total, all students and non-students",60.3,69.3,13.1
Nova Scotia,2019-10-01,Full-time students,44.7,53.5,16.4
Nova Scotia,2019-10-01,Non-students,79.3,90.4,12.2
Nova Scotia,2019-10-01,Part-time students,80.5,92.7,13.2
Nova Scotia,2019-10-01,Students,46.9,55.9,16.1
Nova Scotia,2019-10-01,"Total, all students and non-students",59.6,69.4,14.1
Nova Scotia,2019-11-01,Full-time students,44.4,52.9,16.0
Nova Scotia,2019-11-01,Non-students,78.6,90.3,12.9
Nova Scotia,2019-11-01,Part-time students,77.4,87.1,14.4
Nova Scotia,2019-11-01,Students,46.0,54.6,15.9
Nova Scotia,2019-11-01,"Total, all students and non-students",59.8,69.7,14.2
Nova Scotia,2019-12-01,Full-time students,47.1,54.5,13.6
Nova Scotia,2019-12-01,Non-students,78.4,87.2,10.1
Nova Scotia,2019-12-01,Part-time students,84.2,84.2,11.55
Nova Scotia,2019-12-01,Students,48.4,55.5,13.0
Nova Scotia,2019-12-01,"Total, all students and non-students",60.8,68.7,11.4
Nova Scotia,2020-01-01,Full-time students,45.2,51.8,12.9
Nova Scotia,2020-01-01,Non-students,75.0,85.0,12.1
Nova Scotia,2020-01-01,Part-time students,77.8,94.4,12.6
Nova Scotia,2020-01-01,Students,46.0,53.1,13.1
Nova Scotia,2020-01-01,"Total, all students and non-students",57.9,66.2,12.6
Nova Scotia,2020-02-01,Full-time students,48.1,56.3,14.5
Nova Scotia,2020-02-01,Non-students,73.5,85.7,14.3
Nova Scotia,2020-02-01,Part-time students,47.4,73.7,35.7
Nova Scotia,2020-02-01,Students,48.1,56.8,15.3
Nova Scotia,2020-02-01,"Total, all students and non-students",58.3,68.4,14.8
Nova Scotia,2020-03-01,Full-time students,34.2,40.6,15.7
Nova Scotia,2020-03-01,Non-students,62.8,77.8,19.3
Nova Scotia,2020-03-01,Part-time students,50.0,64.3,17.45
Nova Scotia,2020-03-01,Students,34.6,41.0,15.6
Nova Scotia,2020-03-01,"Total, all students and non-students",48.0,58.4,17.8
Nova Scotia,2020-04-01,Full-time students,23.7,33.2,28.5
Nova Scotia,2020-04-01,Non-students,46.4,67.3,31.3
Nova Scotia,2020-04-01,Part-time students,47.6,81.0,41.2
Nova Scotia,2020-04-01,Students,24.9,35.1,29.6
Nova Scotia,2020-04-01,"Total, all students and non-students",35.9,51.6,30.5
Nova Scotia,2020-09-01,Full-time students,43.5,46.4,6.2
Nova Scotia,2020-09-01,Non-students,77.3,84.7,9.0
Nova Scotia,2020-09-01,Part-time students,75.8,75.8,7.3
Nova Scotia,2020-09-01,Students,45.2,47.9,5.6
Nova Scotia,2020-09-01,"Total, all students and non-students",58.8,63.6,7.6
Nova Scotia,2020-10-01,Full-time students,44.2,49.8,11.3
Nova Scotia,2020-10-01,Non-students,73.3,86.0,14.7
Nova Scotia,2020-10-01,Part-time students,57.9,63.2,12.7
Nova Scotia,2020-10-01,Students,45.1,50.7,10.7
Nova Scotia,2020-10-01,"Total, all students and non-students",56.3,64.6,12.8
Nova Scotia,2020-11-01,Full-time students,38.2,41.1,6.8
Nova Scotia,2020-11-01,Non-students,79.4,88.6,10.4
Nova Scotia,2020-11-01,Part-time students,86.7,100.0,8.8
Nova Scotia,2020-11-01,Students,39.4,42.6,7.2
Nova Scotia,2020-11-01,"Total, all students and non-students",58.0,64.1,9.3
Nova Scotia,2020-12-01,Full-time students,36.3,41.5,12.5
Nova Scotia,2020-12-01,Non-students,78.5,88.3,11.1
Nova Scotia,2020-12-01,Part-time students,58.8,58.8,11.55
Nova Scotia,2020-12-01,Students,37.0,42.0,12.0
Nova Scotia,2020-12-01,"Total, all students and non-students",55.1,62.3,11.6
Nova Scotia,2021-01-01,Full-time students,36.9,47.1,21.7
Nova Scotia,2021-01-01,Non-students,72.2,90.6,20.3
Nova Scotia,2021-01-01,Part-time students,65.9,70.5,20.200000000000003
Nova Scotia,2021-01-01,Students,39.1,48.9,20.1
Nova Scotia,2021-01-01,"Total, all students and non-students",53.3,66.8,20.2
Nova Scotia,2021-02-01,Full-time students,40.3,46.1,12.4
Nova Scotia,2021-02-01,Non-students,74.7,86.5,13.6
Nova Scotia,2021-02-01,Part-time students,52.0,88.0,40.9
Nova Scotia,2021-02-01,Students,40.7,47.7,14.5
Nova Scotia,2021-02-01,"Total, all students and non-students",55.4,64.5,14.0
Nova Scotia,2021-03-01,Full-time students,41.8,47.8,12.5
Nova Scotia,2021-03-01,Non-students,78.0,91.4,14.5
Nova Scotia,2021-03-01,Part-time students,60.7,78.6,27.3
Nova Scotia,2021-03-01,Students,42.7,49.4,13.6
Nova Scotia,2021-03-01,"Total, all students and non-students",58.6,68.3,14.2
Nova Scotia,2021-04-01,Full-time students,36.4,43.1,15.7
Nova Scotia,2021-04-01,Non-students,80.5,92.6,13.0
Nova Scotia,2021-04-01,Part-time students,64.3,75.0,14.3
Nova Scotia,2021-04-01,Students,37.7,44.7,15.6
Nova Scotia,2021-04-01,"Total, all students and non-students",57.3,66.7,13.9
Nova Scotia,2021-09-01,Full-time students,40.3,45.0,10.5
Nova Scotia,2021-09-01,Non-students,80.4,88.9,9.6
Nova Scotia,2021-09-01,Part-time students,71.1,76.3,9.85
Nova Scotia,2021-09-01,Students,42.2,47.0,10.1
Nova Scotia,2021-09-01,"Total, all students and non-students",59.1,65.5,9.8
Nova Scotia,2021-10-01,Full-time students,40.7,43.5,6.3
Nova Scotia,2021-10-01,Non-students,81.2,88.8,8.6
Nova Scotia,2021-10-01,Part-time students,65.4,84.6,7.949999999999999
Nova Scotia,2021-10-01,Students,41.8,45.1,7.3
Nova Scotia,2021-10-01,"Total, all students and non-students",59.2,64.5,8.1
Nova Scotia,2021-11-01,Full-time students,43.0,50.2,13.9
Nova Scotia,2021-11-01,Non-students,75.7,89.7,15.6
Nova Scotia,2021-11-01,Part-time students,57.1,71.4,14.899999999999999
Nova Scotia,2021-11-01,Students,43.5,50.7,14.2
Nova Scotia,2021-11-01,"Total, all students and non-students",57.7,67.9,15.1
Nova Scotia,2021-12-01,Full-time students,44.4,51.5,13.8
Nova Scotia,2021-12-01,Non-students,75.3,85.5,11.7
Nova Scotia,2021-12-01,Part-time students,66.7,79.2,12.8
Nova Scotia,2021-12-01,Students,45.2,52.5,13.9
Nova Scotia,2021-12-01,"Total, all students and non-students",58.1,66.5,12.7
Nova Scotia,2022-01-01,Full-time students,40.7,43.6,6.5
Nova Scotia,2022-01-01,Non-students,76.8,85.2,9.9
Nova Scotia,2022-01-01,Part-time students,71.4,83.3,14.3
Nova Scotia,2022-01-01,Students,42.7,46.2,7.5
Nova Scotia,2022-01-01,"Total, all students and non-students",57.1,62.6,8.9
Nova Scotia,2022-02-01,Full-time students,40.4,45.9,11.7
Nova Scotia,2022-02-01,Non-students,79.3,89.4,11.6
Nova Scotia,2022-02-01,Part-time students,61.4,70.5,16.1
Nova Scotia,2022-02-01,Students,41.9,47.6,12.1
Nova Scotia,2022-02-01,"Total, all students and non-students",56.9,64.5,11.8
Nova Scotia,2022-03-01,Full-time students,39.4,45.8,13.9
Nova Scotia,2022-03-01,Non-students,78.3,87.9,11.0
Nova Scotia,2022-03-01,Part-time students,75.7,86.5,12.4
Nova Scotia,2022-03-01,Students,41.5,48.1,13.8
Nova Scotia,2022-03-01,"Total, all students and non-students",56.7,64.6,12.2
Nova Scotia,2022-04-01,Full-time students,41.5,47.5,12.3
Nova Scotia,2022-04-01,Non-students,78.3,89.1,12.0
Nova Scotia,2022-04-01,Part-time students,100.0,100.0,11.7
Nova Scotia,2022-04-01,Students,43.8,49.4,11.4
Nova Scotia,2022-04-01,"Total, all students and non-students",57.7,65.5,11.9
Nova Scotia,2022-09-01,Full-time students,38.8,44.1,12.2
Nova Scotia,2022-09-01,Non-students,80.4,91.6,12.4
Nova Scotia,2022-09-01,Part-time students,85.7,85.7,11.75
Nova Scotia,2022-09-01,Students,40.9,46.0,11.1
Nova Scotia,2022-09-01,"Total, all students and non-students",58.2,66.1,11.9
Nova Scotia,2022-10-01,Full-time students,40.0,46.0,13.4
Nova Scotia,2022-10-01,Non-students,77.6,88.4,12.2
Nova Scotia,2022-10-01,Part-time students,68.2,77.3,12.75
Nova Scotia,2022-10-01,Students,41.1,47.2,13.3
Nova Scotia,2022-10-01,"Total, all students and non-students",57.8,66.0,12.6
Nova Scotia,2022-11-01,Full-time students,37.5,41.8,10.1
Nova Scotia,2022-11-01,Non-students,80.3,89.3,9.8
Nova Scotia,2022-11-01,Part-time students,68.4,94.7,10.350000000000001
Nova Scotia,2022-11-01,Students,38.5,43.4,10.9
Nova Scotia,2022-11-01,"Total, all students and non-students",57.5,64.1,10.3
Nova Scotia,2022-12-01,Full-time students,40.8,46.9,12.9
Nova Scotia,2022-12-01,Non-students,79.3,87.0,8.6
Nova Scotia,2022-12-01,Part-time students,86.7,86.7,10.45
Nova Scotia,2022-12-01,Students,41.8,47.8,12.3
Nova Scotia,2022-12-01,"Total, all students and non-students",59.4,66.1,10.2
Nova Scotia,2023-01-01,Full-time students,38.4,42.8,10.3
Nova Scotia,2023-01-01,Non-students,76.1,88.0,13.6
Nova Scotia,2023-01-01,Part-time students,84.6,100.0,11.899999999999999
Nova Scotia,2023-01-01,Students,39.3,43.9,10.2
Nova Scotia,2023-01-01,"Total, all students and non-students",54.8,62.4,12.2
Nova Scotia,2023-02-01,Full-time students,41.9,48.3,13.2
Nova Scotia,2023-02-01,Non-students,74.8,86.2,13.2
Nova Scotia,2023-02-01,Part-time students,73.1,73.1,12.8
Nova Scotia,2023-02-01,Students,43.1,49.2,12.4
Nova Scotia,2023-02-01,"Total, all students and non-students",56.3,64.6,12.8
Nova Scotia,2023-03-01,Full-time students,39.8,45.4,12.2
Nova Scotia,2023-03-01,Non-students,77.6,89.1,12.9
Nova Scotia,2023-03-01,Part-time students,72.7,72.7,12.350000000000001
Nova Scotia,2023-03-01,Students,40.4,45.8,11.8
Nova Scotia,2023-03-01,"Total, all students and non-students",56.1,64.2,12.5
Nova Scotia,2023-04-01,Full-time students,39.5,44.2,10.5
Nova Scotia,2023-04-01,Non-students,79.0,87.1,9.4
Nova Scotia,2023-04-01,Part-time students,61.5,69.2,10.0
Nova Scotia,2023-04-01,Students,40.6,45.5,10.6
Nova Scotia,2023-04-01,"Total, all students and non-students",55.7,61.8,9.9
Nova Scotia,2023-09-01,Full-time students,34.5,40.4,14.9
Nova Scotia,2023-09-01,Non-students,74.3,86.8,14.3
Nova Scotia,2023-09-01,Part-time students,70.6,70.6,13.95
Nova Scotia,2023-09-01,Students,36.2,41.9,13.6
Nova Scotia,2023-09-01,"Total, all students and non-students",53.4,62.1,14.1
Nova Scotia,2023-10-01,Full-time students,41.7,47.6,12.6
Nova Scotia,2023-10-01,Non-students,75.6,87.0,13.1
Nova Scotia,2023-10-01,Part-time students,46.3,63.4,26.9
Nova Scotia,2023-10-01,Students,41.9,48.6,13.8
Nova Scotia,2023-10-01,"Total, all students and non-students",56.3,65.0,13.4
Nova Scotia,2023-11-01,Full-time students,36.6,40.8,10.4
Nova Scotia,2023-11-01,Non-students,77.7,88.9,12.4
Nova Scotia,2023-11-01,Part-time students,69.6,83.9,17.0
Nova Scotia,2023-11-01,Students,39.3,44.4,11.5
Nova Scotia,2023-11-01,"Total, all students and non-students",55.6,63.3,12.1
Nova Scotia,2023-12-01,Full-time students,42.1,44.0,4.3
Nova Scotia,2023-12-01,Non-students,74.7,85.7,13.0
Nova Scotia,2023-12-01,Part-time students,56.5,73.9,9.2
Nova Scotia,2023-12-01,Students,42.6,45.0,5.4
Nova Scotia,2023-12-01,"Total, all students and non-students",56.4,62.4,9.7
Nova Scotia,2024-01-01,Full-time students,44.5,47.0,4.9
Nova Scotia,2024-01-01,Non-students,71.7,86.1,16.7
Nova Scotia,2024-01-01,Part-time students,40.9,63.6,35.7
Nova Scotia,2024-01-01,Students,44.5,47.5,6.3
Nova Scotia,2024-01-01,"Total, all students and non-students",56.1,64.0,12.4
Nova Scotia,2024-02-01,Full-time students,43.0,46.8,8.1
Nova Scotia,2024-02-01,Non-students,80.0,88.2,9.0
Nova Scotia,2024-02-01,Part-time students,43.5,54.3,20.0
Nova Scotia,2024-02-01,Students,43.2,47.3,9.0
Nova Scotia,2024-02-01,"Total, all students and non-students",58.7,64.6,9.0
Nova Scotia,2024-03-01,Full-time students,39.2,44.8,12.5
Nova Scotia,2024-03-01,Non-students,78.4,86.0,8.9
Nova Scotia,2024-03-01,Part-time students,76.5,88.2,10.75
Nova Scotia,2024-03-01,Students,40.2,46.0,12.6
Nova Scotia,2024-03-01,"Total, all students and non-students",58.2,64.8,10.3
Nova Scotia,2024-04-01,Full-time students,35.9,43.4,17.4
Nova Scotia,2024-04-01,Non-students,80.7,90.3,10.7
Nova Scotia,2024-04-01,Part-time students,70.6,100.0,14.2
Nova Scotia,2024-04-01,Students,36.9,45.0,17.7
Nova Scotia,2024-04-01,"Total, all students and non-students",57.3,66.2,13.4
Nova Scotia,2024-09-01,Full-time students,30.2,35.9,16.3
Nova Scotia,2024-09-01,Non-students,75.6,85.4,11.5
Nova Scotia,2024-09-01,Part-time students,71.0,74.2,13.3
Nova Scotia,2024-09-01,Students,32.1,37.9,15.1
Nova Scotia,2024-09-01,"Total, all students and non-students",51.4,59.0,12.8
Nova Scotia,2024-10-01,Full-time students,37.0,42.9,13.6
Nova Scotia,2024-10-01,Non-students,78.1,86.2,9.2
Nova Scotia,2024-10-01,Part-time students,87.5,91.7,11.1
Nova Scotia,2024-10-01,Students,38.8,44.6,13.0
Nova Scotia,2024-10-01,"Total, all students and non-students",54.1,60.8,11.0
Nova Scotia,2024-11-01,Full-time students,34.1,36.8,7.4
Nova Scotia,2024-11-01,Non-students,80.0,89.7,10.8
Nova Scotia,2024-11-01,Part-time students,55.6,55.6,8.9
Nova Scotia,2024-11-01,Students,34.9,37.6,7.0
Nova Scotia,2024-11-01,"Total, all students and non-students",52.6,57.9,9.3
Nova Scotia,2024-12-01,Full-time students,41.6,44.8,7.2
Nova Scotia,2024-12-01,Non-students,80.7,88.4,8.7
Nova Scotia,2024-12-01,Part-time students,90.9,90.9,7.699999999999999
Nova Scotia,2024-12-01,Students,43.1,46.2,6.7
Nova Scotia,2024-12-01,"Total, all students and non-students",58.4,63.3,7.9
Nova Scotia,2025-01-01,Full-time students,40.5,44.7,9.6
Nova Scotia,2025-01-01,Non-students,73.8,87.5,15.7
Nova Scotia,2025-01-01,Part-time students,94.7,100.0,12.5
Nova Scotia,2025-01-01,Students,42.0,46.3,9.3
Nova Scotia,2025-01-01,"Total, all students and non-students",55.0,63.3,13.0
Nova Scotia,2025-02-01,Full-time students,36.4,41.1,11.4
Nova Scotia,2025-02-01,Non-students,76.9,86.8,11.4
Nova Scotia,2025-02-01,Part-time students,71.4,71.4,10.8
Nova Scotia,2025-02-01,Students,38.5,43.1,10.2
Nova Scotia,2025-02-01,"Total, all students and non-students",54.1,60.7,10.9
Nova Scotia,2025-03-01,Full-time students,38.6,43.1,10.5
Nova Scotia,2025-03-01,Non-students,74.6,84.0,11.2
Nova Scotia,2025-03-01,Part-time students,72.0,92.0,21.7
Nova Scotia,2025-03-01,Students,39.7,44.8,11.3
Nova Scotia,2025-03-01,"Total, all students and non-students",53.5,60.3,11.2
Nova Scotia,2025-04-01,Full-time students,34.0,39.3,13.0
Nova Scotia,2025-04-01,Non-students,75.2,88.7,15.5
Nova Scotia,2025-04-01,Part-time students,47.4,78.9,40.0
Nova Scotia,2025-04-01,Students,34.4,40.3,14.5
Nova Scotia,2025-04-01,"Total, all students and non-students",51.5,60.6,15.1
Nova Scotia,2025-09-01,Full-time students,33.6,40.2,16.5
Nova Scotia,2025-09-01,Non-students,78.1,88.1,11.4
Nova Scotia,2025-09-01,Part-time students,65.2,78.3,13.95
Nova Scotia,2025-09-01,Students,34.6,41.7,16.5
Nova Scotia,2025-09-01,"Total, all students and non-students",52.7,61.0,13.6
Nova Scotia,2025-10-01,Full-time students,34.5,39.0,11.2
Nova Scotia,2025-10-01,Non-students,75.3,89.5,15.6
Nova Scotia,2025-10-01,Part-time students,57.7,73.1,13.75
Nova Scotia,2025-10-01,Students,35.4,40.3,11.9
Nova Scotia,2025-10-01,"Total, all students and non-students",52.0,60.6,14.3
Nova Scotia,2025-11-01,Full-time students,34.4,42.0,17.9
Nova Scotia,2025-11-01,Non-students,81.0,89.1,8.9
Nova Scotia,2025-11-01,Part-time students,58.6,69.0,13.3
Nova Scotia,2025-11-01,Students,35.4,43.0,17.7
Nova Scotia,2025-11-01,"Total, all students and non-students",54.0,61.7,12.6
Nova Scotia,2025-12-01,Full-time students,34.4,38.2,10.0
Nova Scotia,2025-12-01,Non-students,80.9,89.2,9.3
Nova Scotia,2025-12-01,Part-time students,83.3,83.3,9.3
Nova Scotia,2025-12-01,Students,36.1,39.8,9.3
Nova Scotia,2025-12-01,"Total, all students and non-students",54.1,59.6,9.3
Ontario,2015-01-01,Full-time students,36.2,42.1,14.1
Ontario,2015-01-01,Non-students,72.7,86.9,16.3
Ontario,2015-01-01,Part-time students,65.2,79.9,18.4
Ontario,2015-01-01,Students,37.6,43.9,14.5
Ontario,2015-01-01,"Total, all students and non-students",49.4,58.4,15.4
Ontario,2015-02-01,Full-time students,37.0,42.7,13.4
Ontario,2015-02-01,Non-students,73.1,85.6,14.5
Ontario,2015-02-01,Part-time students,66.7,77.0,13.6
Ontario,2015-02-01,Students,38.4,44.3,13.4
Ontario,2015-02-01,"Total, all students and non-students",50.6,58.8,14.0
Ontario,2015-03-01,Full-time students,36.7,42.8,14.3
Ontario,2015-03-01,Non-students,71.8,83.7,14.2
Ontario,2015-03-01,Part-time students,66.4,79.9,17.0
Ontario,2015-03-01,Students,38.3,44.8,14.6
Ontario,2015-03-01,"Total, all students and non-students",50.8,59.4,14.4
Ontario,2015-04-01,Full-time students,35.7,42.3,15.7
Ontario,2015-04-01,Non-students,73.9,87.8,15.9
Ontario,2015-04-01,Part-time students,57.3,69.1,17.1
Ontario,2015-04-01,Students,36.6,43.4,15.8
Ontario,2015-04-01,"Total, all students and non-students",49.6,58.9,15.8
Ontario,2015-09-01,Full-time students,35.4,42.0,15.6
Ontario,2015-09-01,Non-students,74.6,85.4,12.7
Ontario,2015-09-01,Part-time students,65.0,76.2,14.8
Ontario,2015-09-01,Students,36.7,43.5,15.6
Ontario,2015-09-01,"Total, all students and non-students",50.1,58.3,14.1
Ontario,2015-10-01,Full-time students,35.1,41.6,15.6
Ontario,2015-10-01,Non-students,75.5,86.7,13.0
Ontario,2015-10-01,Part-time students,64.1,81.3,21.2
Ontario,2015-10-01,Students,36.9,44.0,16.3
Ontario,2015-10-01,"Total, all students and non-students",50.3,58.9,14.6
Ontario,2015-11-01,Full-time students,35.9,40.4,11.1
Ontario,2015-11-01,Non-students,73.9,84.7,12.8
Ontario,2015-11-01,Part-time students,64.6,68.6,5.9
Ontario,2015-11-01,Students,37.4,41.9,10.7
Ontario,2015-11-01,"Total, all students and non-students",50.5,57.2,11.8
Ontario,2015-12-01,Full-time students,34.8,39.8,12.7
Ontario,2015-12-01,Non-students,74.5,84.6,11.9
Ontario,2015-12-01,Part-time students,69.2,74.4,7.0
Ontario,2015-12-01,Students,36.8,41.8,12.1
Ontario,2015-12-01,"Total, all students and non-students",50.4,57.3,12.0
Ontario,2016-01-01,Full-time students,33.9,39.6,14.3
Ontario,2016-01-01,Non-students,74.5,85.8,13.3
Ontario,2016-01-01,Part-time students,68.4,71.9,4.8
Ontario,2016-01-01,Students,35.2,40.8,13.7
Ontario,2016-01-01,"Total, all students and non-students",48.7,56.3,13.5
Ontario,2016-02-01,Full-time students,34.4,39.5,12.9
Ontario,2016-02-01,Non-students,72.8,84.5,13.8
Ontario,2016-02-01,Part-time students,58.9,72.4,18.7
Ontario,2016-02-01,Students,35.7,41.3,13.4
Ontario,2016-02-01,"Total, all students and non-students",48.9,56.6,13.6
Ontario,2016-03-01,Full-time students,34.9,40.9,14.6
Ontario,2016-03-01,Non-students,71.8,83.8,14.4
Ontario,2016-03-01,Part-time students,68.6,80.9,14.9
Ontario,2016-03-01,Students,36.9,43.3,14.7
Ontario,2016-03-01,"Total, all students and non-students",49.3,57.6,14.5
Ontario,2016-04-01,Full-time students,34.6,41.4,16.5
Ontario,2016-04-01,Non-students,76.4,87.5,12.7
Ontario,2016-04-01,Part-time students,65.5,80.6,18.8
Ontario,2016-04-01,Students,36.4,43.7,16.8
Ontario,2016-04-01,"Total, all students and non-students",49.9,58.5,14.7
Ontario,2016-09-01,Full-time students,32.9,39.1,16.0
Ontario,2016-09-01,Non-students,76.0,86.9,12.5
Ontario,2016-09-01,Part-time students,63.3,76.0,16.7
Ontario,2016-09-01,Students,34.4,40.9,16.0
Ontario,2016-09-01,"Total, all students and non-students",50.0,58.2,14.1
Ontario,2016-10-01,Full-time students,35.3,40.4,12.6
Ontario,2016-10-01,Non-students,78.6,89.2,11.9
Ontario,2016-10-01,Part-time students,63.3,75.1,15.6
Ontario,2016-10-01,Students,36.7,42.1,12.9
Ontario,2016-10-01,"Total, all students and non-students",52.1,59.4,12.3
Ontario,2016-11-01,Full-time students,35.9,41.3,13.2
Ontario,2016-11-01,Non-students,81.1,89.7,9.6
Ontario,2016-11-01,Part-time students,64.6,74.2,13.2
Ontario,2016-11-01,Students,37.3,42.9,13.2
Ontario,2016-11-01,"Total, all students and non-students",52.4,59.1,11.3
Ontario,2016-12-01,Full-time students,35.0,40.5,13.7
Ontario,2016-12-01,Non-students,79.6,88.3,9.9
Ontario,2016-12-01,Part-time students,71.3,76.7,7.1
Ontario,2016-12-01,Students,36.5,42.1,13.2
Ontario,2016-12-01,"Total, all students and non-students",51.6,58.2,11.5
Ontario,2017-01-01,Full-time students,33.5,40.7,17.7
Ontario,2017-01-01,Non-students,77.1,88.3,12.7
Ontario,2017-01-01,Part-time students,71.8,83.3,13.8
Ontario,2017-01-01,Students,35.7,43.1,17.3
Ontario,2017-01-01,"Total, all students and non-students",50.0,58.7,14.9
Ontario,2017-02-01,Full-time students,35.2,40.2,12.4
Ontario,2017-02-01,Non-students,76.0,86.5,12.2
Ontario,2017-02-01,Part-time students,71.3,81.8,12.9
Ontario,2017-02-01,Students,37.3,42.7,12.5
Ontario,2017-02-01,"Total, all students and non-students",50.7,57.8,12.3
Ontario,2017-03-01,Full-time students,34.7,40.6,14.6
Ontario,2017-03-01,Non-students,74.7,86.5,13.7
Ontario,2017-03-01,Part-time students,73.6,83.3,11.7
Ontario,2017-03-01,Students,36.9,43.1,14.3
Ontario,2017-03-01,"Total, all students and non-students",50.8,59.0,13.9
Ontario,2017-04-01,Full-time students,34.8,39.5,12.0
Ontario,2017-04-01,Non-students,77.0,87.4,11.9
Ontario,2017-04-01,Part-time students,68.7,73.5,6.5
Ontario,2017-04-01,Students,36.5,41.3,11.5
Ontario,2017-04-01,"Total, all students and non-students",50.6,57.3,11.7
Ontario,2017-09-01,Full-time students,34.4,38.8,11.3
Ontario,2017-09-01,Non-students,78.2,87.4,10.6
Ontario,2017-09-01,Part-time students,76.2,85.1,10.4
Ontario,2017-09-01,Students,36.1,40.6,11.2
Ontario,2017-09-01,"Total, all students and non-students",52.1,58.4,10.9
Ontario,2017-10-01,Full-time students,37.7,42.2,10.7
Ontario,2017-10-01,Non-students,80.8,88.9,9.2
Ontario,2017-10-01,Part-time students,72.4,81.7,11.4
Ontario,2017-10-01,Students,39.2,43.9,10.8
Ontario,2017-10-01,"Total, all students and non-students",54.1,60.1,9.9
Ontario,2017-11-01,Full-time students,38.6,42.8,9.8
Ontario,2017-11-01,Non-students,78.9,87.5,9.8
Ontario,2017-11-01,Part-time students,61.0,69.3,11.9
Ontario,2017-11-01,Students,39.4,43.8,9.9
Ontario,2017-11-01,"Total, all students and non-students",55.1,61.2,9.9
Ontario,2017-12-01,Full-time students,39.6,42.8,7.4
Ontario,2017-12-01,Non-students,77.6,86.7,10.5
Ontario,2017-12-01,Part-time students,75.5,89.9,16.2
Ontario,2017-12-01,Students,41.2,44.8,8.2
Ontario,2017-12-01,"Total, all students and non-students",54.8,60.5,9.4
Ontario,2018-01-01,Full-time students,36.8,41.0,10.1
Ontario,2018-01-01,Non-students,73.3,84.2,12.9
Ontario,2018-01-01,Part-time students,74.7,82.2,8.9
Ontario,2018-01-01,Students,38.3,42.6,10.0
Ontario,2018-01-01,"Total, all students and non-students",50.8,57.5,11.6
Ontario,2018-02-01,Full-time students,36.4,40.8,10.8
Ontario,2018-02-01,Non-students,76.0,86.2,11.8
Ontario,2018-02-01,Part-time students,67.1,74.5,9.9
Ontario,2018-02-01,Students,38.0,42.5,10.7
Ontario,2018-02-01,"Total, all students and non-students",51.2,57.6,11.3
Ontario,2018-03-01,Full-time students,38.1,43.1,11.5
Ontario,2018-03-01,Non-students,75.3,85.2,11.6
Ontario,2018-03-01,Part-time students,69.9,80.9,13.4
Ontario,2018-03-01,Students,39.6,44.8,11.7
Ontario,2018-03-01,"Total, all students and non-students",53.1,60.0,11.6
Ontario,2018-04-01,Full-time students,35.7,41.0,13.0
Ontario,2018-04-01,Non-students,78.0,86.8,10.1
Ontario,2018-04-01,Part-time students,70.2,77.4,9.5
Ontario,2018-04-01,Students,37.3,42.7,12.7
Ontario,2018-04-01,"Total, all students and non-students",52.1,58.8,11.3
Ontario,2018-09-01,Full-time students,35.6,41.3,13.9
Ontario,2018-09-01,Non-students,75.6,85.8,11.9
Ontario,2018-09-01,Part-time students,69.8,79.4,12.1
Ontario,2018-09-01,Students,37.2,43.2,13.8
Ontario,2018-09-01,"Total, all students and non-students",51.3,58.8,12.8
Ontario,2018-10-01,Full-time students,35.2,40.4,12.9
Ontario,2018-10-01,Non-students,76.5,86.5,11.6
Ontario,2018-10-01,Part-time students,67.9,76.2,11.0
Ontario,2018-10-01,Students,37.1,42.4,12.7
Ontario,2018-10-01,"Total, all students and non-students",51.4,58.5,12.1
Ontario,2018-11-01,Full-time students,36.2,40.1,10.0
Ontario,2018-11-01,Non-students,78.0,87.7,11.0
Ontario,2018-11-01,Part-time students,65.5,75.5,13.3
Ontario,2018-11-01,Students,37.8,42.1,10.3
Ontario,2018-11-01,"Total, all students and non-students",52.4,58.6,10.7
Ontario,2018-12-01,Full-time students,37.4,41.0,8.8
Ontario,2018-12-01,Non-students,78.0,85.9,9.2
Ontario,2018-12-01,Part-time students,66.7,71.5,6.8
Ontario,2018-12-01,Students,38.9,42.6,8.6
Ontario,2018-12-01,"Total, all students and non-students",52.7,57.8,8.9
Ontario,2019-01-01,Full-time students,37.0,41.6,11.2
Ontario,2019-01-01,Non-students,75.9,86.0,11.8
Ontario,2019-01-01,Part-time students,56.5,65.7,14.0
Ontario,2019-01-01,Students,38.0,43.0,11.5
Ontario,2019-01-01,"Total, all students and non-students",51.2,58.0,11.6
Ontario,2019-02-01,Full-time students,38.5,42.3,9.0
Ontario,2019-02-01,Non-students,75.3,85.7,12.1
Ontario,2019-02-01,Part-time students,63.2,75.4,16.1
Ontario,2019-02-01,Students,39.8,44.1,9.7
Ontario,2019-02-01,"Total, all students and non-students",52.5,59.0,11.0
Ontario,2019-03-01,Full-time students,38.2,42.6,10.3
Ontario,2019-03-01,Non-students,73.0,84.2,13.3
Ontario,2019-03-01,Part-time students,66.4,74.6,11.2
Ontario,2019-03-01,Students,39.8,44.4,10.3
Ontario,2019-03-01,"Total, all students and non-students",52.3,59.4,11.9
Ontario,2019-04-01,Full-time students,39.0,43.8,10.9
Ontario,2019-04-01,Non-students,77.8,87.9,11.6
Ontario,2019-04-01,Part-time students,61.5,74.7,17.7
Ontario,2019-04-01,Students,40.4,45.6,11.5
Ontario,2019-04-01,"Total, all students and non-students",53.8,60.8,11.5
Ontario,2019-09-01,Full-time students,36.0,40.2,10.3
Ontario,2019-09-01,Non-students,74.9,86.7,13.6
Ontario,2019-09-01,Part-time students,69.3,78.5,11.7
Ontario,2019-09-01,Students,37.6,42.0,10.4
Ontario,2019-09-01,"Total, all students and non-students",51.6,58.7,12.2
Ontario,2019-10-01,Full-time students,35.9,40.2,10.7
Ontario,2019-10-01,Non-students,75.9,85.8,11.5
Ontario,2019-10-01,Part-time students,62.3,75.0,16.9
Ontario,2019-10-01,Students,37.3,42.0,11.3
Ontario,2019-10-01,"Total, all students and non-students",51.5,58.2,11.4
Ontario,2019-11-01,Full-time students,37.1,41.4,10.3
Ontario,2019-11-01,Non-students,76.4,86.2,11.3
Ontario,2019-11-01,Part-time students,65.8,75.9,13.4
Ontario,2019-11-01,Students,38.4,42.9,10.5
Ontario,2019-11-01,"Total, all students and non-students",52.5,58.9,10.9
Ontario,2019-12-01,Full-time students,37.4,40.8,8.4
Ontario,2019-12-01,Non-students,77.0,85.5,9.9
Ontario,2019-12-01,Part-time students,59.8,70.9,15.6
Ontario,2019-12-01,Students,38.5,42.3,9.0
Ontario,2019-12-01,"Total, all students and non-students",52.5,58.0,9.5
Ontario,2020-01-01,Full-time students,35.9,40.1,10.5
Ontario,2020-01-01,Non-students,76.5,84.0,8.9
Ontario,2020-01-01,Part-time students,53.5,68.8,22.2
Ontario,2020-01-01,Students,36.9,41.7,11.6
Ontario,2020-01-01,"Total, all students and non-students",50.7,56.4,10.2
Ontario,2020-02-01,Full-time students,36.8,41.3,10.9
Ontario,2020-02-01,Non-students,74.8,84.8,11.7
Ontario,2020-02-01,Part-time students,67.5,76.0,11.0
Ontario,2020-02-01,Students,38.5,43.2,10.9
Ontario,2020-02-01,"Total, all students and non-students",51.1,57.7,11.3
Ontario,2020-03-01,Full-time students,28.3,33.9,16.7
Ontario,2020-03-01,Non-students,61.9,75.4,17.9
Ontario,2020-03-01,Part-time students,57.4,63.8,9.6
Ontario,2020-03-01,Students,29.5,35.2,16.2
Ontario,2020-03-01,"Total, all students and non-students",42.8,51.7,17.2
Ontario,2020-04-01,Full-time students,19.8,28.8,31.2
Ontario,2020-04-01,Non-students,53.2,68.0,21.9
Ontario,2020-04-01,Part-time students,40.0,49.7,19.5
Ontario,2020-04-01,Students,20.9,29.9,30.2
Ontario,2020-04-01,"Total, all students and non-students",34.1,45.5,25.1
Ontario,2020-09-01,Full-time students,32.0,43.0,25.6
Ontario,2020-09-01,Non-students,68.2,84.1,18.9
Ontario,2020-09-01,Part-time students,57.4,82.7,30.6
Ontario,2020-09-01,Students,33.4,45.2,26.1
Ontario,2020-09-01,"Total, all students and non-students",46.6,60.0,22.3
Ontario,2020-10-01,Full-time students,32.2,41.6,22.7
Ontario,2020-10-01,Non-students,71.4,86.0,16.9
Ontario,2020-10-01,Part-time students,51.8,67.3,23.0
Ontario,2020-10-01,Students,33.3,43.1,22.8
Ontario,2020-10-01,"Total, all students and non-students",47.4,59.0,19.6
Ontario,2020-11-01,Full-time students,33.5,41.2,18.5
Ontario,2020-11-01,Non-students,69.7,84.8,17.8
Ontario,2020-11-01,Part-time students,51.7,65.3,20.8
Ontario,2020-11-01,Students,34.6,42.5,18.7
Ontario,2020-11-01,"Total, all students and non-students",47.8,58.5,18.2
Ontario,2020-12-01,Full-time students,34.8,42.1,17.3
Ontario,2020-12-01,Non-students,72.2,86.9,16.9
Ontario,2020-12-01,Part-time students,44.8,73.0,38.5
Ontario,2020-12-01,Students,35.5,44.3,19.8
Ontario,2020-12-01,"Total, all students and non-students",48.5,59.3,18.3
Ontario,2021-01-01,Full-time students,27.2,36.8,26.0
Ontario,2021-01-01,Non-students,64.8,81.3,20.4
Ontario,2021-01-01,Part-time students,47.7,60.6,21.5
Ontario,2021-01-01,Students,28.2,37.9,25.6
Ontario,2021-01-01,"Total, all students and non-students",41.5,53.7,22.7
Ontario,2021-02-01,Full-time students,28.3,37.3,24.2
Ontario,2021-02-01,Non-students,68.7,85.0,19.2
Ontario,2021-02-01,Part-time students,59.0,71.4,17.3
Ontario,2021-02-01,Students,30.1,39.3,23.5
Ontario,2021-02-01,"Total, all students and non-students",43.3,55.0,21.2
Ontario,2021-03-01,Full-time students,32.1,39.1,17.7
Ontario,2021-03-01,Non-students,73.5,86.6,15.1
Ontario,2021-03-01,Part-time students,57.3,68.5,16.4
Ontario,2021-03-01,Students,33.4,40.5,17.6
Ontario,2021-03-01,"Total, all students and non-students",46.7,55.8,16.3
Ontario,2021-04-01,Full-time students,28.8,37.0,22.0
Ontario,2021-04-01,Non-students,67.5,84.4,20.1
Ontario,2021-04-01,Part-time students,69.7,80.9,13.6
Ontario,2021-04-01,Students,30.5,38.7,21.3
Ontario,2021-04-01,"Total, all students and non-students",44.1,55.5,20.6
Ontario,2021-09-01,Full-time students,36.1,41.9,13.8
Ontario,2021-09-01,Non-students,76.7,86.9,11.7
Ontario,2021-09-01,Part-time students,79.7,85.8,7.1
Ontario,2021-09-01,Students,38.5,44.3,13.1
Ontario,2021-09-01,"Total, all students and non-students",52.4,59.8,12.4
Ontario,2021-10-01,Full-time students,37.7,40.8,7.7
Ontario,2021-10-01,Non-students,78.8,87.6,10.1
Ontario,2021-10-01,Part-time students,79.9,85.4,6.4
Ontario,2021-10-01,Students,40.1,43.3,7.5
Ontario,2021-10-01,"Total, all students and non-students",53.7,59.0,8.9
Ontario,2021-11-01,Full-time students,38.6,41.9,8.1
Ontario,2021-11-01,Non-students,77.3,87.5,11.6
Ontario,2021-11-01,Part-time students,75.1,85.5,12.1
Ontario,2021-11-01,Students,40.5,44.2,8.5
Ontario,2021-11-01,"Total, all students and non-students",53.6,59.6,10.1
Ontario,2021-12-01,Full-time students,41.4,44.2,6.3
Ontario,2021-12-01,Non-students,76.5,86.7,11.7
Ontario,2021-12-01,Part-time students,72.8,80.0,9.1
Ontario,2021-12-01,Students,43.1,46.1,6.5
Ontario,2021-12-01,"Total, all students and non-students",54.5,59.9,9.1
Ontario,2022-01-01,Full-time students,33.1,39.3,15.6
Ontario,2022-01-01,Non-students,71.2,84.7,16.0
Ontario,2022-01-01,Part-time students,59.6,72.1,17.4
Ontario,2022-01-01,Students,34.6,41.1,15.8
Ontario,2022-01-01,"Total, all students and non-students",48.0,57.1,15.9
Ontario,2022-02-01,Full-time students,38.0,42.0,9.5
Ontario,2022-02-01,Non-students,75.4,87.8,14.0
Ontario,2022-02-01,Part-time students,72.4,77.8,6.8
Ontario,2022-02-01,Students,40.4,44.5,9.2
Ontario,2022-02-01,"Total, all students and non-students",52.5,59.4,11.7
Ontario,2022-03-01,Full-time students,38.9,43.0,9.6
Ontario,2022-03-01,Non-students,74.9,85.4,12.2
Ontario,2022-03-01,Part-time students,69.9,74.9,6.6
Ontario,2022-03-01,Students,40.8,45.0,9.3
Ontario,2022-03-01,"Total, all students and non-students",52.8,59.2,10.8
Ontario,2022-04-01,Full-time students,38.4,42.9,10.5
Ontario,2022-04-01,Non-students,77.7,88.9,12.6
Ontario,2022-04-01,Part-time students,76.1,78.5,3.1
Ontario,2022-04-01,Students,40.4,44.8,9.8
Ontario,2022-04-01,"Total, all students and non-students",52.8,59.5,11.2
Ontario,2022-09-01,Full-time students,35.6,40.6,12.4
Ontario,2022-09-01,Non-students,75.3,85.1,11.5
Ontario,2022-09-01,Part-time students,67.8,77.0,12.0
Ontario,2022-09-01,Students,37.1,42.3,12.4
Ontario,2022-09-01,"Total, all students and non-students",51.4,58.4,11.9
Ontario,2022-10-01,Full-time students,38.6,42.9,9.9
Ontario,2022-10-01,Non-students,76.6,88.2,13.2
Ontario,2022-10-01,Part-time students,68.3,75.7,9.9
Ontario,2022-10-01,Students,40.3,44.8,9.9
Ontario,2022-10-01,"Total, all students and non-students",53.4,60.5,11.6
Ontario,2022-11-01,Full-time students,37.2,41.7,10.8
Ontario,2022-11-01,Non-students,79.2,89.2,11.2
Ontario,2022-11-01,Part-time students,71.1,79.6,10.7
Ontario,2022-11-01,Students,38.9,43.6,10.8
Ontario,2022-11-01,"Total, all students and non-students",53.5,60.1,11.0
Ontario,2022-12-01,Full-time students,39.7,42.6,6.8
Ontario,2022-12-01,Non-students,80.7,88.6,8.9
Ontario,2022-12-01,Part-time students,60.9,76.9,21.0
Ontario,2022-12-01,Students,40.8,44.3,8.0
Ontario,2022-12-01,"Total, all students and non-students",55.2,60.3,8.5
Ontario,2023-01-01,Full-time students,38.4,42.1,8.8
Ontario,2023-01-01,Non-students,77.0,88.7,13.2
Ontario,2023-01-01,Part-time students,61.3,79.0,22.4
Ontario,2023-01-01,Students,39.6,44.0,10.0
Ontario,2023-01-01,"Total, all students and non-students",52.8,59.7,11.7
Ontario,2023-02-01,Full-time students,38.9,43.3,10.2
Ontario,2023-02-01,Non-students,77.4,87.6,11.6
Ontario,2023-02-01,Part-time students,74.7,78.6,4.9
Ontario,2023-02-01,Students,40.7,45.1,9.8
Ontario,2023-02-01,"Total, all students and non-students",53.8,60.3,10.7
Ontario,2023-03-01,Full-time students,37.6,41.0,8.2
Ontario,2023-03-01,Non-students,77.6,88.1,11.9
Ontario,2023-03-01,Part-time students,79.5,86.1,7.6
Ontario,2023-03-01,Students,39.8,43.3,8.2
Ontario,2023-03-01,"Total, all students and non-students",53.4,59.5,10.2
Ontario,2023-04-01,Full-time students,37.2,41.8,10.9
Ontario,2023-04-01,Non-students,80.6,89.9,10.4
Ontario,2023-04-01,Part-time students,65.6,76.0,13.7
Ontario,2023-04-01,Students,38.7,43.5,11.2
Ontario,2023-04-01,"Total, all students and non-students",53.4,59.9,10.7
Ontario,2023-09-01,Full-time students,34.2,40.5,15.7
Ontario,2023-09-01,Non-students,76.6,85.4,10.3
Ontario,2023-09-01,Part-time students,75.3,83.7,10.0
Ontario,2023-09-01,Students,36.0,42.4,15.2
Ontario,2023-09-01,"Total, all students and non-students",50.5,57.7,12.6
Ontario,2023-10-01,Full-time students,35.1,41.4,15.2
Ontario,2023-10-01,Non-students,76.1,87.4,13.0
Ontario,2023-10-01,Part-time students,70.0,77.2,9.3
Ontario,2023-10-01,Students,36.8,43.2,14.7
Ontario,2023-10-01,"Total, all students and non-students",50.2,58.2,13.8
Ontario,2023-11-01,Full-time students,34.2,39.6,13.7
Ontario,2023-11-01,Non-students,76.3,86.7,12.0
Ontario,2023-11-01,Part-time students,71.0,76.9,7.7
Ontario,2023-11-01,Students,36.1,41.6,13.1
Ontario,2023-11-01,"Total, all students and non-students",49.7,56.8,12.5
Ontario,2023-12-01,Full-time students,35.5,39.5,10.0
Ontario,2023-12-01,Non-students,75.5,85.9,12.1
Ontario,2023-12-01,Part-time students,67.4,74.2,9.3
Ontario,2023-12-01,Students,37.5,41.6,9.9
Ontario,2023-12-01,"Total, all students and non-students",49.9,56.1,11.0
Ontario,2024-01-01,Full-time students,34.1,37.7,9.7
Ontario,2024-01-01,Non-students,71.9,84.2,14.6
Ontario,2024-01-01,Part-time students,59.2,72.6,18.3
Ontario,2024-01-01,Students,35.5,39.6,10.5
Ontario,2024-01-01,"Total, all students and non-students",47.5,54.3,12.6
Ontario,2024-02-01,Full-time students,32.9,38.2,14.0
Ontario,2024-02-01,Non-students,75.8,87.7,13.6
Ontario,2024-02-01,Part-time students,59.8,71.7,16.5
Ontario,2024-02-01,Students,34.3,39.9,14.2
Ontario,2024-02-01,"Total, all students and non-students",47.7,55.4,13.9
Ontario,2024-03-01,Full-time students,33.0,38.5,14.4
Ontario,2024-03-01,Non-students,71.1,85.8,17.1
Ontario,2024-03-01,Part-time students,61.4,74.6,18.0
Ontario,2024-03-01,Students,34.2,40.0,14.6
Ontario,2024-03-01,"Total, all students and non-students",47.2,56.1,16.0
Ontario,2024-04-01,Full-time students,33.9,39.1,13.3
Ontario,2024-04-01,Non-students,72.3,86.6,16.5
Ontario,2024-04-01,Part-time students,57.4,72.8,21.2
Ontario,2024-04-01,Students,34.8,40.4,13.9
Ontario,2024-04-01,"Total, all students and non-students",47.8,56.5,15.3
Ontario,2024-09-01,Full-time students,32.4,38.4,15.6
Ontario,2024-09-01,Non-students,75.2,87.7,14.2
Ontario,2024-09-01,Part-time students,62.8,76.8,18.3
Ontario,2024-09-01,Students,34.0,40.4,15.9
Ontario,2024-09-01,"Total, all students and non-students",48.2,56.6,15.0
Ontario,2024-10-01,Full-time students,32.8,37.8,13.3
Ontario,2024-10-01,Non-students,76.6,86.7,11.7
Ontario,2024-10-01,Part-time students,61.6,78.7,21.9
Ontario,2024-10-01,Students,34.2,39.8,14.1
Ontario,2024-10-01,"Total, all students and non-students",48.9,56.1,12.8
Ontario,2024-11-01,Full-time students,34.2,40.5,15.6
Ontario,2024-11-01,Non-students,71.5,85.9,16.8
Ontario,2024-11-01,Part-time students,61.6,71.8,14.4
Ontario,2024-11-01,Students,35.6,42.1,15.5
Ontario,2024-11-01,"Total, all students and non-students",48.2,57.5,16.2
Ontario,2024-12-01,Full-time students,33.8,39.5,14.4
Ontario,2024-12-01,Non-students,69.9,84.6,17.4
Ontario,2024-12-01,Part-time students,60.4,68.3,11.6
Ontario,2024-12-01,Students,35.1,40.9,14.2
Ontario,2024-12-01,"Total, all students and non-students",47.7,56.7,15.9
Ontario,2025-01-01,Full-time students,34.0,40.2,15.4
Ontario,2025-01-01,Non-students,69.3,85.2,18.7
Ontario,2025-01-01,Part-time students,65.4,79.3,17.6
Ontario,2025-01-01,Students,35.5,42.1,15.6
Ontario,2025-01-01,"Total, all students and non-students",47.1,56.9,17.2
Ontario,2025-02-01,Full-time students,33.8,39.1,13.6
Ontario,2025-02-01,Non-students,72.2,84.9,15.0
Ontario,2025-02-01,Part-time students,71.8,84.0,14.5
Ontario,2025-02-01,Students,35.8,41.5,13.7
Ontario,2025-02-01,"Total, all students and non-students",48.6,56.7,14.4
Ontario,2025-03-01,Full-time students,33.6,39.9,15.8
Ontario,2025-03-01,Non-students,71.0,85.5,17.0
Ontario,2025-03-01,Part-time students,63.1,73.7,14.4
Ontario,2025-03-01,Students,35.1,41.6,15.7
Ontario,2025-03-01,"Total, all students and non-students",48.1,57.5,16.4
Ontario,2025-04-01,Full-time students,32.3,38.6,16.2
Ontario,2025-04-01,Non-students,74.4,87.6,15.1
Ontario,2025-04-01,Part-time students,62.5,75.5,17.1
Ontario,2025-04-01,Students,33.5,40.0,16.2
Ontario,2025-04-01,"Total, all students and non-students",48.5,57.5,15.6
Ontario,2025-09-01,Full-time students,29.4,38.4,23.6
Ontario,2025-09-01,Non-students,74.5,85.4,12.8
Ontario,2025-09-01,Part-time students,66.7,81.9,18.3
Ontario,2025-09-01,Students,30.7,39.9,23.2
Ontario,2025-09-01,"Total, all students and non-students",47.2,57.0,17.3
Ontario,2025-10-01,Full-time students,31.1,37.6,17.3
Ontario,2025-10-01,Non-students,76.2,87.2,12.6
Ontario,2025-10-01,Part-time students,62.3,69.4,10.2
Ontario,2025-10-01,Students,32.3,38.8,16.8
Ontario,2025-10-01,"Total, all students and non-students",48.8,57.0,14.4
Ontario,2025-11-01,Full-time students,31.7,38.1,17.0
Ontario,2025-11-01,Non-students,75.3,86.1,12.6
Ontario,2025-11-01,Part-time students,70.1,81.1,13.5
Ontario,2025-11-01,Students,33.3,40.0,16.7
Ontario,2025-11-01,"Total, all students and non-students",48.9,57.1,14.4
Ontario,2025-12-01,Full-time students,32.2,37.8,15.0
Ontario,2025-12-01,Non-students,78.0,88.7,12.1
Ontario,2025-12-01,Part-time students,63.7,75.9,15.8
Ontario,2025-12-01,Students,33.5,39.4,15.1
Ontario,2025-12-01,"Total, all students and non-students",49.9,57.7,13.4
Prince Edward Island,2015-01-01,Full-time students,34.6,40.2,14.0
Prince Edward Island,2015-01-01,Non-students,69.2,89.2,22.4
Prince Edward Island,2015-01-01,Part-time students,62.5,75.0,18.35
Prince Edward Island,2015-01-01,Students,36.5,42.6,14.3
Prince Edward Island,2015-01-01,"Total, all students and non-students",48.3,59.4,18.7
Prince Edward Island,2015-02-01,Full-time students,38.5,41.3,7.0
Prince Edward Island,2015-02-01,Non-students,68.1,88.9,23.4
Prince Edward Island,2015-02-01,Part-time students,50.0,75.0,14.95
Prince Edward Island,2015-02-01,Students,38.9,42.6,6.5
Prince Edward Island,2015-02-01,"Total, all students and non-students",51.1,61.1,16.4
Prince Edward Island,2015-03-01,Full-time students,34.3,40.4,15.0
Prince Edward Island,2015-03-01,Non-students,67.1,86.8,22.7
Prince Edward Island,2015-03-01,Part-time students,50.0,75.0,18.35
Prince Edward Island,2015-03-01,Students,35.6,41.3,14.0
Prince Edward Island,2015-03-01,"Total, all students and non-students",48.6,60.3,19.4
Prince Edward Island,2015-04-01,Full-time students,36.8,43.4,15.2
Prince Edward Island,2015-04-01,Non-students,66.2,94.1,29.7
Prince Edward Island,2015-04-01,Part-time students,75.0,100.0,23.0
Prince Edward Island,2015-04-01,Students,36.9,44.1,16.3
Prince Edward Island,2015-04-01,"Total, all students and non-students",48.6,63.7,23.7
Prince Edward Island,2015-09-01,Full-time students,40.9,46.2,11.6
Prince Edward Island,2015-09-01,Non-students,81.0,89.9,9.9
Prince Edward Island,2015-09-01,Part-time students,100.0,100.0,10.05
Prince Edward Island,2015-09-01,Students,44.4,49.5,10.2
Prince Edward Island,2015-09-01,"Total, all students and non-students",60.7,68.0,9.9
Prince Edward Island,2015-10-01,Full-time students,38.9,47.4,20.0
Prince Edward Island,2015-10-01,Non-students,83.1,94.8,13.7
Prince Edward Island,2015-10-01,Part-time students,83.3,83.3,15.85
Prince Edward Island,2015-10-01,Students,40.6,49.5,18.0
Prince Edward Island,2015-10-01,"Total, all students and non-students",59.0,69.1,14.6
Prince Edward Island,2015-11-01,Full-time students,36.5,46.9,22.2
Prince Edward Island,2015-11-01,Non-students,78.7,93.3,15.7
Prince Edward Island,2015-11-01,Part-time students,71.4,85.7,17.85
Prince Edward Island,2015-11-01,Students,38.8,48.5,20.0
Prince Edward Island,2015-11-01,"Total, all students and non-students",55.6,67.4,17.5
Prince Edward Island,2015-12-01,Full-time students,40.8,45.9,11.1
Prince Edward Island,2015-12-01,Non-students,76.0,89.3,14.9
Prince Edward Island,2015-12-01,Part-time students,50.0,50.0,13.7
Prince Edward Island,2015-12-01,Students,41.7,46.6,12.5
Prince Edward Island,2015-12-01,"Total, all students and non-students",56.2,64.6,13.0
Prince Edward Island,2016-01-01,Full-time students,37.1,41.2,10.0
Prince Edward Island,2016-01-01,Non-students,71.6,86.5,17.2
Prince Edward Island,2016-01-01,Part-time students,71.4,85.7,14.05
Prince Edward Island,2016-01-01,Students,39.4,44.2,10.9
Prince Edward Island,2016-01-01,"Total, all students and non-students",53.4,61.8,14.5
Prince Edward Island,2016-02-01,Full-time students,37.2,43.6,14.6
Prince Edward Island,2016-02-01,Non-students,72.4,88.2,16.4
Prince Edward Island,2016-02-01,Part-time students,55.6,66.7,14.6
Prince Edward Island,2016-02-01,Students,38.8,45.6,12.8
Prince Edward Island,2016-02-01,"Total, all students and non-students",53.9,64.0,15.8
Prince Edward Island,2016-03-01,Full-time students,31.9,38.3,16.7
Prince Edward Island,2016-03-01,Non-students,68.0,86.7,21.5
Prince Edward Island,2016-03-01,Part-time students,44.4,66.7,33.3
Prince Edward Island,2016-03-01,Students,34.0,40.8,19.0
Prince Edward Island,2016-03-01,"Total, all students and non-students",47.5,59.8,20.6
Prince Edward Island,2016-04-01,Full-time students,29.0,37.6,25.7
Prince Edward Island,2016-04-01,Non-students,70.4,88.9,19.4
Prince Edward Island,2016-04-01,Part-time students,50.0,75.0,22.85
Prince Edward Island,2016-04-01,Students,29.9,39.2,26.3
Prince Edward Island,2016-04-01,"Total, all students and non-students",48.0,61.5,21.8
Prince Edward Island,2016-09-01,Full-time students,44.0,50.0,12.0
Prince Edward Island,2016-09-01,Non-students,81.1,93.2,13.0
Prince Edward Island,2016-09-01,Part-time students,66.7,66.7,12.15
Prince Edward Island,2016-09-01,Students,45.6,51.5,11.3
Prince Edward Island,2016-09-01,"Total, all students and non-students",60.1,68.5,12.3
Prince Edward Island,2016-10-01,Full-time students,45.1,52.9,13.0
Prince Edward Island,2016-10-01,Non-students,70.8,87.5,19.0
Prince Edward Island,2016-10-01,Part-time students,,66.7,16.65
Prince Edward Island,2016-10-01,Students,45.7,53.3,14.3
Prince Edward Island,2016-10-01,"Total, all students and non-students",55.6,66.9,16.0
Prince Edward Island,2016-11-01,Full-time students,42.7,47.6,10.2
Prince Edward Island,2016-11-01,Non-students,73.2,88.7,17.5
Prince Edward Island,2016-11-01,Part-time students,,75.0,66.7
Prince Edward Island,2016-11-01,Students,42.1,48.6,13.5
Prince Edward Island,2016-11-01,"Total, all students and non-students",55.1,64.6,15.7
Prince Edward Island,2016-12-01,Full-time students,44.9,48.6,7.7
Prince Edward Island,2016-12-01,Non-students,74.6,89.6,16.7
Prince Edward Island,2016-12-01,Part-time students,75.0,100.0,12.8
Prince Edward Island,2016-12-01,Students,45.9,50.5,8.9
Prince Edward Island,2016-12-01,"Total, all students and non-students",56.2,65.2,12.9
Prince Edward Island,2017-01-01,Full-time students,43.3,46.4,6.7
Prince Edward Island,2017-01-01,Non-students,66.7,86.7,23.1
Prince Edward Island,2017-01-01,Part-time students,83.3,100.0,15.450000000000001
Prince Edward Island,2017-01-01,Students,45.6,49.5,7.8
Prince Edward Island,2017-01-01,"Total, all students and non-students",54.8,65.5,16.4
Prince Edward Island,2017-02-01,Full-time students,45.3,49.5,8.5
Prince Edward Island,2017-02-01,Non-students,59.5,83.8,29.0
Prince Edward Island,2017-02-01,Part-time students,88.9,100.0,18.95
Prince Edward Island,2017-02-01,Students,49.0,53.8,8.9
Prince Edward Island,2017-02-01,"Total, all students and non-students",53.7,66.1,19.7
Prince Edward Island,2017-03-01,Full-time students,46.4,50.5,8.2
Prince Edward Island,2017-03-01,Non-students,56.2,82.2,31.7
Prince Edward Island,2017-03-01,Part-time students,85.7,100.0,20.3
Prince Edward Island,2017-03-01,Students,48.6,53.3,8.9
Prince Edward Island,2017-03-01,"Total, all students and non-students",52.0,65.0,20.0
Prince Edward Island,2017-04-01,Full-time students,44.6,48.5,10.2
Prince Edward Island,2017-04-01,Non-students,63.9,86.1,25.8
Prince Edward Island,2017-04-01,Part-time students,80.0,80.0,17.55
Prince Edward Island,2017-04-01,Students,46.2,50.9,9.3
Prince Edward Island,2017-04-01,"Total, all students and non-students",53.4,65.2,18.1
Prince Edward Island,2017-09-01,Full-time students,39.8,42.7,6.8
Prince Edward Island,2017-09-01,Non-students,80.6,90.3,10.8
Prince Edward Island,2017-09-01,Part-time students,75.0,75.0,8.600000000000001
Prince Edward Island,2017-09-01,Students,41.1,43.9,6.4
Prince Edward Island,2017-09-01,"Total, all students and non-students",57.0,62.6,8.9
Prince Edward Island,2017-10-01,Full-time students,35.6,40.6,12.2
Prince Edward Island,2017-10-01,Non-students,79.7,89.2,10.6
Prince Edward Island,2017-10-01,Part-time students,100.0,100.0,11.0
Prince Edward Island,2017-10-01,Students,37.5,42.3,11.4
Prince Edward Island,2017-10-01,"Total, all students and non-students",55.3,62.0,10.8
Prince Edward Island,2017-11-01,Full-time students,32.0,38.8,17.5
Prince Edward Island,2017-11-01,Non-students,78.1,83.6,6.6
Prince Edward Island,2017-11-01,Part-time students,66.7,100.0,12.600000000000001
Prince Edward Island,2017-11-01,Students,33.0,40.6,18.6
Prince Edward Island,2017-11-01,"Total, all students and non-students",51.4,58.1,11.5
Prince Edward Island,2017-12-01,Full-time students,36.9,44.7,17.4
Prince Edward Island,2017-12-01,Non-students,73.2,84.5,13.3
Prince Edward Island,2017-12-01,Part-time students,80.0,100.0,15.450000000000001
Prince Edward Island,2017-12-01,Students,38.5,46.8,17.6
Prince Edward Island,2017-12-01,"Total, all students and non-students",52.5,61.5,15.5
Prince Edward Island,2018-01-01,Full-time students,35.8,42.5,15.6
Prince Edward Island,2018-01-01,Non-students,74.2,89.4,16.9
Prince Edward Island,2018-01-01,Part-time students,57.1,71.4,16.45
Prince Edward Island,2018-01-01,Students,37.2,44.2,16.0
Prince Edward Island,2018-01-01,"Total, all students and non-students",50.8,61.5,16.4
Prince Edward Island,2018-02-01,Full-time students,36.1,40.7,11.4
Prince Edward Island,2018-02-01,Non-students,79.0,88.7,10.9
Prince Edward Island,2018-02-01,Part-time students,55.6,77.8,11.350000000000001
Prince Edward Island,2018-02-01,Students,38.5,43.6,11.8
Prince Edward Island,2018-02-01,"Total, all students and non-students",52.2,58.9,11.3
Prince Edward Island,2018-03-01,Full-time students,34.0,42.7,20.5
Prince Edward Island,2018-03-01,Non-students,72.5,88.4,18.0
Prince Edward Island,2018-03-01,Part-time students,75.0,87.5,18.8
Prince Edward Island,2018-03-01,Students,36.9,45.9,19.6
Prince Edward Island,2018-03-01,"Total, all students and non-students",50.6,62.2,18.8
Prince Edward Island,2018-04-01,Full-time students,37.4,48.5,22.9
Prince Edward Island,2018-04-01,Non-students,72.4,92.1,21.4
Prince Edward Island,2018-04-01,Part-time students,60.0,100.0,40.0
Prince Edward Island,2018-04-01,Students,38.5,51.0,24.5
Prince Edward Island,2018-04-01,"Total, all students and non-students",52.8,68.3,22.8
Prince Edward Island,2018-09-01,Full-time students,40.2,42.2,4.7
Prince Edward Island,2018-09-01,Non-students,85.9,91.0,5.6
Prince Edward Island,2018-09-01,Part-time students,100.0,100.0,6.05
Prince Edward Island,2018-09-01,Students,41.9,43.8,6.5
Prince Edward Island,2018-09-01,"Total, all students and non-students",60.7,64.5,5.9
Prince Edward Island,2018-10-01,Full-time students,37.3,40.2,7.3
Prince Edward Island,2018-10-01,Non-students,79.2,88.3,10.3
Prince Edward Island,2018-10-01,Part-time students,75.0,100.0,9.5
Prince Edward Island,2018-10-01,Students,38.3,43.0,8.7
Prince Edward Island,2018-10-01,"Total, all students and non-students",55.4,62.0,10.5
Prince Edward Island,2018-11-01,Full-time students,32.4,39.2,15.0
Prince Edward Island,2018-11-01,Non-students,78.7,92.0,13.0
Prince Edward Island,2018-11-01,Part-time students,71.4,85.7,14.3
Prince Edward Island,2018-11-01,Students,34.9,41.3,15.6
Prince Edward Island,2018-11-01,"Total, all students and non-students",53.3,62.0,14.0
Prince Edward Island,2018-12-01,Full-time students,34.3,40.0,14.3
Prince Edward Island,2018-12-01,Non-students,74.7,86.7,15.4
Prince Edward Island,2018-12-01,Part-time students,60.0,80.0,14.2
Prince Edward Island,2018-12-01,Students,35.5,41.8,13.0
Prince Edward Island,2018-12-01,"Total, all students and non-students",51.4,60.0,14.4
Prince Edward Island,2019-01-01,Full-time students,31.1,37.7,15.0
Prince Edward Island,2019-01-01,Non-students,72.6,90.4,19.7
Prince Edward Island,2019-01-01,Part-time students,71.4,85.7,17.65
Prince Edward Island,2019-01-01,Students,33.9,40.2,15.6
Prince Edward Island,2019-01-01,"Total, all students and non-students",49.2,60.0,18.0
Prince Edward Island,2019-02-01,Full-time students,35.2,38.0,7.3
Prince Edward Island,2019-02-01,Non-students,78.4,90.5,13.4
Prince Edward Island,2019-02-01,Part-time students,75.0,100.0,11.15
Prince Edward Island,2019-02-01,Students,36.6,40.2,8.9
Prince Edward Island,2019-02-01,"Total, all students and non-students",53.2,60.2,11.6
Prince Edward Island,2019-03-01,Full-time students,38.3,43.9,14.9
Prince Edward Island,2019-03-01,Non-students,76.3,89.5,14.7
Prince Edward Island,2019-03-01,Part-time students,66.7,100.0,15.35
Prince Edward Island,2019-03-01,Students,37.8,45.0,16.0
Prince Edward Island,2019-03-01,"Total, all students and non-students",54.3,63.4,14.4
Prince Edward Island,2019-04-01,Full-time students,30.5,36.8,17.1
Prince Edward Island,2019-04-01,Non-students,74.7,90.1,15.9
Prince Edward Island,2019-04-01,Students,31.3,37.5,16.7
Prince Edward Island,2019-04-01,"Total, all students and non-students",52.1,62.8,16.1
Prince Edward Island,2019-09-01,Full-time students,45.2,52.7,14.3
Prince Edward Island,2019-09-01,Non-students,84.0,90.4,5.9
Prince Edward Island,2019-09-01,Part-time students,83.3,83.3,9.45
Prince Edward Island,2019-09-01,Students,47.5,54.5,13.0
Prince Edward Island,2019-09-01,"Total, all students and non-students",65.6,72.4,9.4
Prince Edward Island,2019-10-01,Full-time students,44.9,46.9,4.3
Prince Edward Island,2019-10-01,Non-students,84.8,94.6,10.3
Prince Edward Island,2019-10-01,Part-time students,75.0,75.0,7.2
Prince Edward Island,2019-10-01,Students,46.5,48.5,4.1
Prince Edward Island,2019-10-01,"Total, all students and non-students",64.8,70.5,8.1
Prince Edward Island,2019-11-01,Full-time students,37.3,45.1,17.4
Prince Edward Island,2019-11-01,Non-students,83.7,93.0,8.8
Prince Edward Island,2019-11-01,Part-time students,85.7,85.7,13.05
Prince Edward Island,2019-11-01,Students,39.4,47.7,17.3
Prince Edward Island,2019-11-01,"Total, all students and non-students",59.5,67.7,12.1
Prince Edward Island,2019-12-01,Full-time students,37.6,40.6,9.8
Prince Edward Island,2019-12-01,Non-students,85.7,91.2,6.0
Prince Edward Island,2019-12-01,Part-time students,75.0,75.0,8.55
Prince Edward Island,2019-12-01,Students,38.5,43.3,11.1
Prince Edward Island,2019-12-01,"Total, all students and non-students",60.7,65.3,7.8
Prince Edward Island,2020-01-01,Full-time students,39.6,45.9,11.8
Prince Edward Island,2020-01-01,Non-students,81.9,90.4,9.3
Prince Edward Island,2020-01-01,Part-time students,66.7,66.7,10.4
Prince Edward Island,2020-01-01,Students,40.4,45.6,11.5
Prince Edward Island,2020-01-01,"Total, all students and non-students",57.4,64.5,10.2
Prince Edward Island,2020-02-01,Full-time students,40.2,42.0,4.3
Prince Edward Island,2020-02-01,Non-students,81.0,95.2,15.0
Prince Edward Island,2020-02-01,Part-time students,66.7,100.0,10.5
Prince Edward Island,2020-02-01,Students,40.9,43.5,6.0
Prince Edward Island,2020-02-01,"Total, all students and non-students",58.1,65.7,11.5
Prince Edward Island,2020-03-01,Full-time students,25.0,30.7,18.5
Prince Edward Island,2020-03-01,Non-students,67.0,79.6,15.9
Prince Edward Island,2020-03-01,Part-time students,77.8,88.9,17.95
Prince Edward Island,2020-03-01,Students,29.9,36.1,20.0
Prince Edward Island,2020-03-01,"Total, all students and non-students",49.0,58.5,16.2
Prince Edward Island,2020-04-01,Full-time students,24.8,33.3,25.7
Prince Edward Island,2020-04-01,Non-students,55.4,69.6,20.3
Prince Edward Island,2020-04-01,Part-time students,50.0,50.0,22.0
Prince Edward Island,2020-04-01,Students,25.7,34.9,23.7
Prince Edward Island,2020-04-01,"Total, all students and non-students",39.3,50.7,22.5
Prince Edward Island,2020-09-01,Full-time students,32.3,37.1,15.2
Prince Edward Island,2020-09-01,Non-students,82.3,91.1,8.3
Prince Edward Island,2020-09-01,Students,32.8,37.6,14.9
Prince Edward Island,2020-09-01,"Total, all students and non-students",52.0,58.3,10.9
Prince Edward Island,2020-10-01,Full-time students,31.4,38.0,17.4
Prince Edward Island,2020-10-01,Non-students,76.5,90.1,15.1
Prince Edward Island,2020-10-01,Part-time students,,100.0,16.95
Prince Edward Island,2020-10-01,Students,31.7,39.0,18.8
Prince Edward Island,2020-10-01,"Total, all students and non-students",49.5,58.8,16.7
Prince Edward Island,2020-11-01,Full-time students,31.6,42.1,25.0
Prince Edward Island,2020-11-01,Non-students,71.6,85.2,17.3
Prince Edward Island,2020-11-01,Students,31.9,42.2,24.5
Prince Edward Island,2020-11-01,"Total, all students and non-students",48.8,61.1,20.2
Prince Edward Island,2020-12-01,Full-time students,27.0,35.7,22.0
Prince Edward Island,2020-12-01,Non-students,75.6,91.9,17.7
Prince Edward Island,2020-12-01,Part-time students,,100.0,21.65
Prince Edward Island,2020-12-01,Students,27.4,36.8,25.6
Prince Edward Island,2020-12-01,"Total, all students and non-students",47.8,60.1,20.5
Prince Edward Island,2021-01-01,Full-time students,30.7,36.0,14.6
Prince Edward Island,2021-01-01,Non-students,68.6,81.4,15.7
Prince Edward Island,2021-01-01,Part-time students,,100.0,66.7
Prince Edward Island,2021-01-01,Students,30.8,36.8,18.6
Prince Edward Island,2021-01-01,"Total, all students and non-students",46.8,55.7,15.9
Prince Edward Island,2021-02-01,Full-time students,25.0,31.5,20.6
Prince Edward Island,2021-02-01,Non-students,72.2,86.7,16.7
Prince Edward Island,2021-02-01,Part-time students,60.0,60.0,17.799999999999997
Prince Edward Island,2021-02-01,Students,26.5,32.7,18.9
Prince Edward Island,2021-02-01,"Total, all students and non-students",46.8,56.7,16.5
Prince Edward Island,2021-03-01,Full-time students,29.1,36.4,20.0
Prince Edward Island,2021-03-01,Non-students,68.9,83.3,17.3
Prince Edward Island,2021-03-01,Part-time students,50.0,50.0,17.950000000000003
Prince Edward Island,2021-03-01,Students,30.7,37.7,18.6
Prince Edward Island,2021-03-01,"Total, all students and non-students",47.8,58.1,17.8
Prince Edward Island,2021-04-01,Full-time students,30.7,37.7,20.9
Prince Edward Island,2021-04-01,Non-students,77.0,92.0,16.3
Prince Edward Island,2021-04-01,Part-time students,,66.7,19.25
Prince Edward Island,2021-04-01,Students,29.9,38.5,22.2
Prince Edward Island,2021-04-01,"Total, all students and non-students",50.5,61.3,18.4
Prince Edward Island,2021-09-01,Full-time students,39.1,46.1,15.1
Prince Edward Island,2021-09-01,Non-students,80.4,91.3,11.9
Prince Edward Island,2021-09-01,Part-time students,66.7,100.0,14.0
Prince Edward Island,2021-09-01,Students,39.8,47.5,16.1
Prince Edward Island,2021-09-01,"Total, all students and non-students",57.6,66.7,13.6
Prince Edward Island,2021-10-01,Full-time students,33.9,40.9,17.0
Prince Edward Island,2021-10-01,Non-students,82.6,92.4,10.6
Prince Edward Island,2021-10-01,Part-time students,80.0,100.0,13.95
Prince Edward Island,2021-10-01,Students,36.7,43.3,17.3
Prince Edward Island,2021-10-01,"Total, all students and non-students",56.6,65.1,13.0
Prince Edward Island,2021-11-01,Full-time students,39.2,48.5,19.0
Prince Edward Island,2021-11-01,Non-students,81.7,92.7,13.2
Prince Edward Island,2021-11-01,Students,38.9,48.1,19.0
Prince Edward Island,2021-11-01,"Total, all students and non-students",55.4,65.7,15.7
Prince Edward Island,2021-12-01,Full-time students,39.5,44.4,10.9
Prince Edward Island,2021-12-01,Non-students,81.8,88.6,7.7
Prince Edward Island,2021-12-01,Students,39.7,44.4,10.7
Prince Edward Island,2021-12-01,"Total, all students and non-students",57.5,62.6,9.0
Prince Edward Island,2022-01-01,Full-time students,25.8,35.5,27.3
Prince Edward Island,2022-01-01,Non-students,80.7,87.5,7.8
Prince Edward Island,2022-01-01,Part-time students,66.7,66.7,16.95
Prince Edward Island,2022-01-01,Students,26.8,36.2,26.1
Prince Edward Island,2022-01-01,"Total, all students and non-students",48.8,57.2,13.8
Prince Edward Island,2022-02-01,Full-time students,31.1,38.5,19.1
Prince Edward Island,2022-02-01,Non-students,83.1,97.8,14.9
Prince Edward Island,2022-02-01,Part-time students,40.0,60.0,17.45
Prince Edward Island,2022-02-01,Students,31.5,39.4,20.0
Prince Edward Island,2022-02-01,"Total, all students and non-students",52.8,63.4,16.8
Prince Edward Island,2022-03-01,Full-time students,38.0,42.6,12.7
Prince Edward Island,2022-03-01,Non-students,79.3,95.4,16.9
Prince Edward Island,2022-03-01,Students,37.7,43.1,12.5
Prince Edward Island,2022-03-01,"Total, all students and non-students",54.4,64.1,15.1
Prince Edward Island,2022-04-01,Full-time students,36.0,40.8,11.8
Prince Edward Island,2022-04-01,Non-students,72.5,92.3,21.4
Prince Edward Island,2022-04-01,Students,35.4,40.2,11.8
Prince Edward Island,2022-04-01,"Total, all students and non-students",50.9,61.9,17.8
Prince Edward Island,2022-09-01,Full-time students,32.8,39.8,17.6
Prince Edward Island,2022-09-01,Non-students,72.4,79.3,8.7
Prince Edward Island,2022-09-01,Part-time students,50.0,83.3,13.45
Prince Edward Island,2022-09-01,Students,33.6,41.0,18.2
Prince Edward Island,2022-09-01,"Total, all students and non-students",48.9,56.6,13.6
Prince Edward Island,2022-10-01,Full-time students,29.1,35.9,19.0
Prince Edward Island,2022-10-01,Non-students,73.0,86.0,14.0
Prince Edward Island,2022-10-01,Part-time students,75.0,100.0,16.8
Prince Edward Island,2022-10-01,Students,31.4,38.0,19.6
Prince Edward Island,2022-10-01,"Total, all students and non-students",50.0,59.5,15.9
Prince Edward Island,2022-11-01,Full-time students,27.1,30.8,12.2
Prince Edward Island,2022-11-01,Non-students,70.1,83.9,16.4
Prince Edward Island,2022-11-01,Students,26.7,30.4,12.2
Prince Edward Island,2022-11-01,"Total, all students and non-students",43.7,51.8,15.7
Prince Edward Island,2022-12-01,Full-time students,29.2,32.1,9.1
Prince Edward Island,2022-12-01,Non-students,76.5,83.5,8.5
Prince Edward Island,2022-12-01,Students,29.0,31.9,9.1
Prince Edward Island,2022-12-01,"Total, all students and non-students",47.1,51.6,8.7
Prince Edward Island,2023-01-01,Full-time students,27.5,32.1,14.3
Prince Edward Island,2023-01-01,Non-students,64.0,82.0,21.9
Prince Edward Island,2023-01-01,Part-time students,,50.0,18.9
Prince Edward Island,2023-01-01,Students,27.4,32.6,15.9
Prince Edward Island,2023-01-01,"Total, all students and non-students",42.0,52.2,19.7
Prince Edward Island,2023-02-01,Full-time students,28.0,35.2,20.5
Prince Edward Island,2023-02-01,Non-students,76.0,87.0,12.6
Prince Edward Island,2023-02-01,Students,27.8,35.7,20.0
Prince Edward Island,2023-02-01,"Total, all students and non-students",49.1,58.0,15.3
Prince Edward Island,2023-03-01,Full-time students,33.3,40.2,17.0
Prince Edward Island,2023-03-01,Non-students,73.9,83.7,11.7
Prince Edward Island,2023-03-01,Part-time students,50.0,50.0,13.9
Prince Edward Island,2023-03-01,Students,33.8,41.2,16.1
Prince Edward Island,2023-03-01,"Total, all students and non-students",50.2,58.6,14.3
Prince Edward Island,2023-04-01,Full-time students,33.3,38.2,12.8
Prince Edward Island,2023-04-01,Non-students,75.5,90.2,17.4
Prince Edward Island,2023-04-01,Part-time students,75.0,75.0,14.7
Prince Edward Island,2023-04-01,Students,34.6,39.4,12.0
Prince Edward Island,2023-04-01,"Total, all students and non-students",52.8,62.4,14.7
Prince Edward Island,2023-09-01,Full-time students,42.7,47.6,10.2
Prince Edward Island,2023-09-01,Non-students,86.9,93.5,7.0
Prince Edward Island,2023-09-01,Part-time students,100.0,100.0,8.25
Prince Edward Island,2023-09-01,Students,44.1,49.6,9.5
Prince Edward Island,2023-09-01,"Total, all students and non-students",63.4,69.4,8.0
Prince Edward Island,2023-10-01,Full-time students,36.9,41.5,11.1
Prince Edward Island,2023-10-01,Non-students,87.1,92.1,5.4
Prince Edward Island,2023-10-01,Part-time students,75.0,75.0,7.95
Prince Edward Island,2023-10-01,Students,38.1,42.5,10.5
Prince Edward Island,2023-10-01,"Total, all students and non-students",59.1,63.8,7.3
Prince Edward Island,2023-11-01,Full-time students,31.1,37.9,20.0
Prince Edward Island,2023-11-01,Non-students,82.7,90.8,7.9
Prince Edward Island,2023-11-01,Part-time students,85.7,85.7,12.899999999999999
Prince Edward Island,2023-11-01,Students,33.1,40.3,17.9
Prince Edward Island,2023-11-01,"Total, all students and non-students",54.2,61.0,11.8
Prince Edward Island,2023-12-01,Full-time students,35.3,40.6,13.0
Prince Edward Island,2023-12-01,Non-students,83.3,89.2,6.6
Prince Edward Island,2023-12-01,Part-time students,100.0,100.0,9.55
Prince Edward Island,2023-12-01,Students,36.3,41.5,12.5
Prince Edward Island,2023-12-01,"Total, all students and non-students",56.5,62.0,8.8
Prince Edward Island,2024-01-01,Full-time students,32.5,39.2,17.0
Prince Edward Island,2024-01-01,Non-students,78.2,87.3,10.4
Prince Edward Island,2024-01-01,Part-time students,71.4,71.4,12.9
Prince Edward Island,2024-01-01,Students,34.4,40.6,15.4
Prince Edward Island,2024-01-01,"Total, all students and non-students",54.6,62.2,12.2
Prince Edward Island,2024-02-01,Full-time students,39.4,46.0,14.3
Prince Edward Island,2024-02-01,Non-students,76.8,85.3,9.9
Prince Edward Island,2024-02-01,Part-time students,62.5,62.5,11.65
Prince Edward Island,2024-02-01,Students,41.0,46.5,13.4
Prince Edward Island,2024-02-01,"Total, all students and non-students",55.2,61.9,10.8
Prince Edward Island,2024-03-01,Full-time students,31.9,37.8,15.7
Prince Edward Island,2024-03-01,Non-students,76.8,87.9,12.6
Prince Edward Island,2024-03-01,Part-time students,66.7,66.7,13.55
Prince Edward Island,2024-03-01,Students,33.3,39.0,14.5
Prince Edward Island,2024-03-01,"Total, all students and non-students",51.3,59.2,13.4
Prince Edward Island,2024-04-01,Full-time students,29.5,35.6,17.0
Prince Edward Island,2024-04-01,Non-students,78.8,88.5,9.8
Prince Edward Island,2024-04-01,Part-time students,40.0,80.0,13.9
Prince Edward Island,2024-04-01,Students,29.9,36.5,18.0
Prince Edward Island,2024-04-01,"Total, all students and non-students",51.0,58.9,13.4
Prince Edward Island,2024-09-01,Full-time students,37.2,40.9,8.9
Prince Edward Island,2024-09-01,Non-students,80.4,88.7,9.3
Prince Edward Island,2024-09-01,Part-time students,63.6,72.7,8.55
Prince Edward Island,2024-09-01,Students,39.9,43.2,7.8
Prince Edward Island,2024-09-01,"Total, all students and non-students",55.9,61.2,8.7
Prince Edward Island,2024-10-01,Full-time students,33.9,39.4,14.0
Prince Edward Island,2024-10-01,Non-students,79.8,87.2,9.5
Prince Edward Island,2024-10-01,Part-time students,62.5,62.5,11.1
Prince Edward Island,2024-10-01,Students,35.3,40.4,12.7
Prince Edward Island,2024-10-01,"Total, all students and non-students",55.1,61.6,10.6
Prince Edward Island,2024-11-01,Full-time students,32.8,38.4,14.6
Prince Edward Island,2024-11-01,Non-students,79.2,91.5,13.4
Prince Edward Island,2024-11-01,Part-time students,66.7,83.3,20.0
Prince Edward Island,2024-11-01,Students,35.0,42.3,15.5
Prince Edward Island,2024-11-01,"Total, all students and non-students",54.1,63.5,14.8
Prince Edward Island,2024-12-01,Full-time students,38.1,42.5,10.5
Prince Edward Island,2024-12-01,Non-students,77.9,84.6,8.0
Prince Edward Island,2024-12-01,Part-time students,80.0,80.0,8.9
Prince Edward Island,2024-12-01,Students,40.3,43.9,9.8
Prince Edward Island,2024-12-01,"Total, all students and non-students",56.4,61.3,8.1
Prince Edward Island,2025-01-01,Full-time students,34.3,36.6,6.1
Prince Edward Island,2025-01-01,Non-students,81.4,89.2,8.8
Prince Edward Island,2025-01-01,Part-time students,40.0,40.0,7.300000000000001
Prince Edward Island,2025-01-01,Students,35.0,37.1,5.8
Prince Edward Island,2025-01-01,"Total, all students and non-students",54.5,59.1,7.7
Prince Edward Island,2025-02-01,Full-time students,30.4,38.5,21.2
Prince Edward Island,2025-02-01,Non-students,85.0,94.0,9.6
Prince Edward Island,2025-02-01,Part-time students,66.7,83.3,15.350000000000001
Prince Edward Island,2025-02-01,Students,31.9,40.4,21.1
Prince Edward Island,2025-02-01,"Total, all students and non-students",53.9,62.7,13.9
Prince Edward Island,2025-03-01,Full-time students,33.1,41.5,20.4
Prince Edward Island,2025-03-01,Non-students,81.1,88.7,9.6
Prince Edward Island,2025-03-01,Part-time students,50.0,75.0,14.45
Prince Edward Island,2025-03-01,Students,34.1,42.2,19.3
Prince Edward Island,2025-03-01,"Total, all students and non-students",54.4,62.7,13.2
Prince Edward Island,2025-04-01,Full-time students,31.6,38.5,17.8
Prince Edward Island,2025-04-01,Non-students,81.7,87.0,6.0
Prince Edward Island,2025-04-01,Part-time students,66.7,66.7,10.85
Prince Edward Island,2025-04-01,Students,34.9,40.5,15.7
Prince Edward Island,2025-04-01,"Total, all students and non-students",57.3,63.1,9.2
Prince Edward Island,2025-09-01,Full-time students,39.5,43.7,9.6
Prince Edward Island,2025-09-01,Non-students,79.7,94.9,15.2
Prince Edward Island,2025-09-01,Students,40.2,44.3,9.3
Prince Edward Island,2025-09-01,"Total, all students and non-students",59.3,68.5,13.3
Prince Edward Island,2025-10-01,Full-time students,30.8,36.2,14.9
Prince Edward Island,2025-10-01,Non-students,77.8,91.7,16.2
Prince Edward Island,2025-10-01,Students,31.1,36.4,14.6
Prince Edward Island,2025-10-01,"Total, all students and non-students",51.9,61.4,15.5
Prince Edward Island,2025-11-01,Full-time students,35.7,37.2,4.2
Prince Edward Island,2025-11-01,Non-students,76.2,93.3,18.4
Prince Edward Island,2025-11-01,Part-time students,66.7,66.7,11.1
Prince Edward Island,2025-11-01,Students,37.0,38.5,3.8
Prince Edward Island,2025-11-01,"Total, all students and non-students",53.9,61.8,13.4
Prince Edward Island,2025-12-01,Full-time students,30.6,32.8,6.8
Prince Edward Island,2025-12-01,Non-students,82.4,92.2,10.6
Prince Edward Island,2025-12-01,Part-time students,,60.0,66.7
Prince Edward Island,2025-12-01,Students,30.4,34.1,10.6
Prince Edward Island,2025-12-01,"Total, all students and non-students",52.3,58.5,10.6
Quebec,2015-01-01,Full-time students,44.4,49.6,10.4
Quebec,2015-01-01,Non-students,71.1,85.7,17.0
Quebec,2015-01-01,Part-time students,70.7,82.3,14.0
Quebec,2015-01-01,Students,46.3,52.0,10.8
Quebec,2015-01-01,"Total, all students and non-students",55.8,64.8,13.9
Quebec,2015-02-01,Full-time students,46.7,53.0,11.8
Quebec,2015-02-01,Non-students,73.1,87.0,16.1
Quebec,2015-02-01,Part-time students,69.7,82.8,15.9
Quebec,2015-02-01,Students,48.4,55.2,12.3
Quebec,2015-02-01,"Total, all students and non-students",56.6,65.7,13.9
Quebec,2015-03-01,Full-time students,46.0,53.9,14.7
Quebec,2015-03-01,Non-students,73.4,85.4,14.0
Quebec,2015-03-01,Part-time students,75.3,84.9,11.3
Quebec,2015-03-01,Students,47.9,55.9,14.3
Quebec,2015-03-01,"Total, all students and non-students",56.7,66.1,14.2
Quebec,2015-04-01,Full-time students,44.6,53.6,16.8
Quebec,2015-04-01,Non-students,77.2,87.2,11.4
Quebec,2015-04-01,Part-time students,78.4,88.9,11.6
Quebec,2015-04-01,Students,47.2,56.3,16.2
Quebec,2015-04-01,"Total, all students and non-students",57.5,66.9,14.1
Quebec,2015-09-01,Full-time students,47.2,53.5,11.8
Quebec,2015-09-01,Non-students,80.3,90.4,11.1
Quebec,2015-09-01,Part-time students,83.5,91.6,8.9
Quebec,2015-09-01,Students,49.8,56.2,11.5
Quebec,2015-09-01,"Total, all students and non-students",60.5,68.1,11.3
Quebec,2015-10-01,Full-time students,47.7,53.3,10.5
Quebec,2015-10-01,Non-students,79.7,88.9,10.4
Quebec,2015-10-01,Part-time students,85.6,95.1,10.0
Quebec,2015-10-01,Students,50.6,56.4,10.4
Quebec,2015-10-01,"Total, all students and non-students",60.6,67.6,10.4
Quebec,2015-11-01,Full-time students,46.0,51.1,10.0
Quebec,2015-11-01,Non-students,78.4,88.7,11.6
Quebec,2015-11-01,Part-time students,85.7,87.8,10.3
Quebec,2015-11-01,Students,49.1,53.9,9.0
Quebec,2015-11-01,"Total, all students and non-students",58.8,65.5,10.2
Quebec,2015-12-01,Full-time students,46.8,51.5,9.2
Quebec,2015-12-01,Non-students,76.2,88.1,13.5
Quebec,2015-12-01,Part-time students,80.0,84.4,5.1
Quebec,2015-12-01,Students,49.0,53.7,8.8
Quebec,2015-12-01,"Total, all students and non-students",58.3,65.5,10.9
Quebec,2016-01-01,Full-time students,41.7,48.6,14.3
Quebec,2016-01-01,Non-students,72.4,83.8,13.6
Quebec,2016-01-01,Part-time students,77.1,82.5,6.5
Quebec,2016-01-01,Students,44.5,51.3,13.3
Quebec,2016-01-01,"Total, all students and non-students",55.7,64.4,13.4
Quebec,2016-02-01,Full-time students,44.3,51.0,13.1
Quebec,2016-02-01,Non-students,74.5,86.6,14.0
Quebec,2016-02-01,Part-time students,75.9,83.8,9.4
Quebec,2016-02-01,Students,46.9,53.7,12.6
Quebec,2016-02-01,"Total, all students and non-students",56.3,65.0,13.3
Quebec,2016-03-01,Full-time students,45.3,51.7,12.4
Quebec,2016-03-01,Non-students,74.1,88.2,15.9
Quebec,2016-03-01,Part-time students,80.1,87.7,8.9
Quebec,2016-03-01,Students,47.7,54.2,12.0
Quebec,2016-03-01,"Total, all students and non-students",56.7,65.7,13.8
Quebec,2016-04-01,Full-time students,43.9,52.0,15.5
Quebec,2016-04-01,Non-students,77.0,89.4,13.8
Quebec,2016-04-01,Part-time students,79.8,87.2,8.5
Quebec,2016-04-01,Students,46.7,54.7,14.7
Quebec,2016-04-01,"Total, all students and non-students",56.6,66.1,14.3
Quebec,2016-09-01,Full-time students,45.2,51.4,12.1
Quebec,2016-09-01,Non-students,81.4,91.8,11.3
Quebec,2016-09-01,Part-time students,73.5,84.6,13.2
Quebec,2016-09-01,Students,47.2,53.8,12.2
Quebec,2016-09-01,"Total, all students and non-students",59.2,67.1,11.8
Quebec,2016-10-01,Full-time students,47.4,52.7,10.0
Quebec,2016-10-01,Non-students,79.6,90.8,12.4
Quebec,2016-10-01,Part-time students,68.6,80.2,14.5
Quebec,2016-10-01,Students,49.2,55.0,10.6
Quebec,2016-10-01,"Total, all students and non-students",59.5,67.1,11.4
Quebec,2016-11-01,Full-time students,49.1,52.5,6.6
Quebec,2016-11-01,Non-students,79.7,90.3,11.8
Quebec,2016-11-01,Part-time students,67.5,82.4,18.0
Quebec,2016-11-01,Students,50.3,54.5,7.7
Quebec,2016-11-01,"Total, all students and non-students",59.4,65.6,9.5
Quebec,2016-12-01,Full-time students,48.8,52.2,6.4
Quebec,2016-12-01,Non-students,81.5,90.0,9.3
Quebec,2016-12-01,Part-time students,75.2,85.0,11.5
Quebec,2016-12-01,Students,50.8,54.6,7.0
Quebec,2016-12-01,"Total, all students and non-students",60.3,65.5,8.0
Quebec,2017-01-01,Full-time students,45.3,49.7,8.8
Quebec,2017-01-01,Non-students,76.7,89.3,14.1
Quebec,2017-01-01,Part-time students,75.3,81.0,7.0
Quebec,2017-01-01,Students,48.0,52.4,8.5
Quebec,2017-01-01,"Total, all students and non-students",57.6,64.8,11.1
Quebec,2017-02-01,Full-time students,47.3,52.5,9.9
Quebec,2017-02-01,Non-students,77.7,88.8,12.5
Quebec,2017-02-01,Part-time students,64.7,79.6,18.8
Quebec,2017-02-01,Students,48.9,55.0,11.1
Quebec,2017-02-01,"Total, all students and non-students",57.4,64.9,11.6
Quebec,2017-03-01,Full-time students,46.7,51.8,9.9
Quebec,2017-03-01,Non-students,82.0,89.6,8.5
Quebec,2017-03-01,Part-time students,68.6,78.0,12.0
Quebec,2017-03-01,Students,48.6,54.1,10.2
Quebec,2017-03-01,"Total, all students and non-students",58.7,64.8,9.5
Quebec,2017-04-01,Full-time students,47.7,52.9,9.8
Quebec,2017-04-01,Non-students,78.0,87.9,11.2
Quebec,2017-04-01,Part-time students,65.8,79.5,17.2
Quebec,2017-04-01,Students,49.2,55.1,10.7
Quebec,2017-04-01,"Total, all students and non-students",58.0,65.0,10.9
Quebec,2017-09-01,Full-time students,47.5,51.9,8.5
Quebec,2017-09-01,Non-students,82.5,90.8,9.1
Quebec,2017-09-01,Part-time students,73.9,75.9,8.5
Quebec,2017-09-01,Students,49.4,53.6,7.9
Quebec,2017-09-01,"Total, all students and non-students",59.6,65.1,8.5
Quebec,2017-10-01,Full-time students,48.3,53.5,9.7
Quebec,2017-10-01,Non-students,81.1,89.7,9.5
Quebec,2017-10-01,Part-time students,75.3,84.5,10.9
Quebec,2017-10-01,Students,50.2,55.7,9.8
Quebec,2017-10-01,"Total, all students and non-students",59.7,66.2,9.7
Quebec,2017-11-01,Full-time students,47.7,52.5,9.1
Quebec,2017-11-01,Non-students,83.3,88.7,6.1
Quebec,2017-11-01,Part-time students,69.9,82.2,14.7
Quebec,2017-11-01,Students,49.1,54.4,9.7
Quebec,2017-11-01,"Total, all students and non-students",59.9,65.2,8.2
Quebec,2017-12-01,Full-time students,49.5,52.4,5.5
Quebec,2017-12-01,Non-students,81.5,88.0,7.4
Quebec,2017-12-01,Part-time students,76.5,79.3,6.35
Quebec,2017-12-01,Students,51.3,54.2,5.3
Quebec,2017-12-01,"Total, all students and non-students",60.7,64.7,6.2
Quebec,2018-01-01,Full-time students,46.4,51.1,9.2
Quebec,2018-01-01,Non-students,78.4,88.1,11.1
Quebec,2018-01-01,Part-time students,79.0,83.9,5.8
Quebec,2018-01-01,Students,48.3,53.0,8.9
Quebec,2018-01-01,"Total, all students and non-students",59.4,66.0,9.9
Quebec,2018-02-01,Full-time students,48.7,54.1,9.9
Quebec,2018-02-01,Non-students,77.6,86.7,10.5
Quebec,2018-02-01,Part-time students,74.6,83.3,10.5
Quebec,2018-02-01,Students,50.6,56.2,10.0
Quebec,2018-02-01,"Total, all students and non-students",59.1,65.8,10.2
Quebec,2018-03-01,Full-time students,45.5,50.5,9.9
Quebec,2018-03-01,Non-students,79.9,88.4,9.6
Quebec,2018-03-01,Part-time students,78.9,84.6,7.0
Quebec,2018-03-01,Students,48.2,53.3,9.6
Quebec,2018-03-01,"Total, all students and non-students",59.0,65.3,9.6
Quebec,2018-04-01,Full-time students,46.2,51.9,11.0
Quebec,2018-04-01,Non-students,80.7,89.5,9.9
Quebec,2018-04-01,Part-time students,84.3,88.8,5.1
Quebec,2018-04-01,Students,49.2,54.8,10.2
Quebec,2018-04-01,"Total, all students and non-students",59.7,66.4,10.1
Quebec,2018-09-01,Full-time students,47.5,52.7,9.9
Quebec,2018-09-01,Non-students,81.9,87.1,5.9
Quebec,2018-09-01,Part-time students,70.4,76.4,7.5
Quebec,2018-09-01,Students,48.6,53.9,9.8
Quebec,2018-09-01,"Total, all students and non-students",60.0,65.3,8.0
Quebec,2018-10-01,Full-time students,49.5,54.2,8.7
Quebec,2018-10-01,Non-students,80.5,87.1,7.7
Quebec,2018-10-01,Part-time students,79.3,87.3,9.1
Quebec,2018-10-01,Students,51.4,56.3,8.8
Quebec,2018-10-01,"Total, all students and non-students",61.3,66.8,8.3
Quebec,2018-11-01,Full-time students,49.3,53.4,7.7
Quebec,2018-11-01,Non-students,79.7,87.9,9.4
Quebec,2018-11-01,Part-time students,68.9,74.6,7.6
Quebec,2018-11-01,Students,50.4,54.6,7.7
Quebec,2018-11-01,"Total, all students and non-students",60.5,66.1,8.4
Quebec,2018-12-01,Full-time students,48.7,51.7,6.0
Quebec,2018-12-01,Non-students,82.3,91.4,9.9
Quebec,2018-12-01,Part-time students,71.6,78.2,8.9
Quebec,2018-12-01,Students,49.6,52.8,6.1
Quebec,2018-12-01,"Total, all students and non-students",60.8,66.0,7.9
Quebec,2019-01-01,Full-time students,48.2,51.7,6.7
Quebec,2019-01-01,Non-students,78.2,88.8,12.0
Quebec,2019-01-01,Part-time students,58.2,73.8,20.7
Quebec,2019-01-01,Students,48.7,52.8,7.6
Quebec,2019-01-01,"Total, all students and non-students",59.9,66.5,9.8
Quebec,2019-02-01,Full-time students,49.3,53.6,8.0
Quebec,2019-02-01,Non-students,80.4,90.1,10.8
Quebec,2019-02-01,Part-time students,70.8,76.6,7.6
Quebec,2019-02-01,Students,50.6,55.0,8.0
Quebec,2019-02-01,"Total, all students and non-students",60.0,66.1,9.2
Quebec,2019-03-01,Full-time students,49.2,54.2,9.2
Quebec,2019-03-01,Non-students,81.5,90.3,9.7
Quebec,2019-03-01,Part-time students,81.3,86.7,6.2
Quebec,2019-03-01,Students,51.3,56.3,8.8
Quebec,2019-03-01,"Total, all students and non-students",60.9,67.0,9.2
Quebec,2019-04-01,Full-time students,50.8,54.6,7.0
Quebec,2019-04-01,Non-students,83.1,90.8,8.4
Quebec,2019-04-01,Part-time students,74.3,74.5,7.35
Quebec,2019-04-01,Students,52.6,56.1,6.3
Quebec,2019-04-01,"Total, all students and non-students",62.0,66.8,7.2
Quebec,2019-09-01,Full-time students,52.6,58.3,9.8
Quebec,2019-09-01,Non-students,84.1,90.7,7.3
Quebec,2019-09-01,Part-time students,82.7,86.4,8.3
Quebec,2019-09-01,Students,54.4,60.0,9.3
Quebec,2019-09-01,"Total, all students and non-students",64.0,69.9,8.5
Quebec,2019-10-01,Full-time students,52.2,56.8,8.1
Quebec,2019-10-01,Non-students,82.6,89.7,7.9
Quebec,2019-10-01,Part-time students,87.5,88.3,7.550000000000001
Quebec,2019-10-01,Students,55.1,59.4,7.2
Quebec,2019-10-01,"Total, all students and non-students",64.2,69.4,7.5
Quebec,2019-11-01,Full-time students,51.9,55.7,6.7
Quebec,2019-11-01,Non-students,81.3,90.0,9.6
Quebec,2019-11-01,Part-time students,89.5,91.5,7.9
Quebec,2019-11-01,Students,54.4,58.0,6.2
Quebec,2019-11-01,"Total, all students and non-students",63.1,68.3,7.7
Quebec,2019-12-01,Full-time students,54.1,57.5,5.9
Quebec,2019-12-01,Non-students,79.3,88.7,10.5
Quebec,2019-12-01,Part-time students,79.9,83.3,8.15
Quebec,2019-12-01,Students,55.3,58.7,5.8
Quebec,2019-12-01,"Total, all students and non-students",63.3,68.6,7.8
Quebec,2020-01-01,Full-time students,49.2,54.1,9.0
Quebec,2020-01-01,Non-students,79.9,87.3,8.5
Quebec,2020-01-01,Part-time students,71.4,79.8,10.5
Quebec,2020-01-01,Students,50.6,55.7,9.2
Quebec,2020-01-01,"Total, all students and non-students",61.7,67.6,8.8
Quebec,2020-02-01,Full-time students,53.2,55.6,4.4
Quebec,2020-02-01,Non-students,79.7,88.5,9.9
Quebec,2020-02-01,Part-time students,82.3,87.1,5.5
Quebec,2020-02-01,Students,55.4,58.0,4.5
Quebec,2020-02-01,"Total, all students and non-students",63.3,67.9,6.8
Quebec,2020-03-01,Full-time students,42.5,53.4,20.3
Quebec,2020-03-01,Non-students,64.8,78.3,17.3
Quebec,2020-03-01,Part-time students,62.5,76.5,18.2
Quebec,2020-03-01,Students,44.3,55.4,20.1
Quebec,2020-03-01,"Total, all students and non-students",52.9,65.0,18.6
Quebec,2020-04-01,Full-time students,29.4,47.3,37.8
Quebec,2020-04-01,Non-students,53.6,77.2,30.5
Quebec,2020-04-01,Part-time students,47.7,71.3,33.2
Quebec,2020-04-01,Students,30.6,48.9,37.4
Quebec,2020-04-01,"Total, all students and non-students",40.0,60.5,33.8
Quebec,2020-09-01,Full-time students,51.4,58.9,12.8
Quebec,2020-09-01,Non-students,81.8,91.6,10.7
Quebec,2020-09-01,Part-time students,81.0,81.8,11.25
Quebec,2020-09-01,Students,53.2,60.3,11.8
Quebec,2020-09-01,"Total, all students and non-students",61.9,69.8,11.4
Quebec,2020-10-01,Full-time students,50.3,57.0,11.7
Quebec,2020-10-01,Non-students,73.4,87.8,16.4
Quebec,2020-10-01,Part-time students,75.1,78.5,13.75
Quebec,2020-10-01,Students,51.8,58.3,11.1
Quebec,2020-10-01,"Total, all students and non-students",58.3,67.1,13.2
Quebec,2020-11-01,Full-time students,49.4,54.8,9.9
Quebec,2020-11-01,Non-students,77.1,88.0,12.3
Quebec,2020-11-01,Part-time students,80.4,91.0,11.4
Quebec,2020-11-01,Students,51.5,57.2,10.1
Quebec,2020-11-01,"Total, all students and non-students",58.6,65.7,10.9
Quebec,2020-12-01,Full-time students,47.1,50.2,6.2
Quebec,2020-12-01,Non-students,73.5,84.1,12.6
Quebec,2020-12-01,Part-time students,70.6,85.8,18.0
Quebec,2020-12-01,Students,48.8,52.8,7.6
Quebec,2020-12-01,"Total, all students and non-students",56.0,62.0,9.6
Quebec,2021-01-01,Full-time students,35.0,43.5,19.6
Quebec,2021-01-01,Non-students,69.8,83.5,16.4
Quebec,2021-01-01,Part-time students,64.8,88.5,26.5
Quebec,2021-01-01,Students,37.5,47.3,20.7
Quebec,2021-01-01,"Total, all students and non-students",50.3,61.6,18.4
Quebec,2021-02-01,Full-time students,44.7,50.5,11.5
Quebec,2021-02-01,Non-students,77.2,88.0,12.3
Quebec,2021-02-01,Part-time students,76.1,87.3,12.8
Quebec,2021-02-01,Students,47.3,53.6,11.7
Quebec,2021-02-01,"Total, all students and non-students",55.8,63.3,11.9
Quebec,2021-03-01,Full-time students,44.9,52.8,14.9
Quebec,2021-03-01,Non-students,81.6,91.2,10.6
Quebec,2021-03-01,Part-time students,73.0,81.5,10.4
Quebec,2021-03-01,Students,47.6,55.5,14.3
Quebec,2021-03-01,"Total, all students and non-students",57.0,65.3,12.8
Quebec,2021-04-01,Full-time students,43.0,51.3,16.2
Quebec,2021-04-01,Non-students,81.6,91.7,11.0
Quebec,2021-04-01,Part-time students,75.8,87.0,12.8
Quebec,2021-04-01,Students,45.7,54.3,15.8
Quebec,2021-04-01,"Total, all students and non-students",55.9,64.9,13.8
Quebec,2021-09-01,Full-time students,52.2,57.5,9.1
Quebec,2021-09-01,Non-students,81.8,89.4,8.5
Quebec,2021-09-01,Part-time students,81.0,82.1,8.5
Quebec,2021-09-01,Students,53.9,58.9,8.5
Quebec,2021-09-01,"Total, all students and non-students",62.7,68.5,8.5
Quebec,2021-10-01,Full-time students,52.6,56.0,6.1
Quebec,2021-10-01,Non-students,81.4,88.3,7.9
Quebec,2021-10-01,Part-time students,79.2,82.9,4.2
Quebec,2021-10-01,Students,54.6,58.0,5.9
Quebec,2021-10-01,"Total, all students and non-students",62.7,67.2,6.7
Quebec,2021-11-01,Full-time students,54.3,56.7,4.2
Quebec,2021-11-01,Non-students,81.3,86.5,6.1
Quebec,2021-11-01,Part-time students,70.6,71.5,5.0
Quebec,2021-11-01,Students,55.5,57.7,3.9
Quebec,2021-11-01,"Total, all students and non-students",63.1,66.3,4.8
Quebec,2021-12-01,Full-time students,54.3,57.8,6.2
Quebec,2021-12-01,Non-students,82.5,89.5,7.9
Quebec,2021-12-01,Part-time students,70.5,73.5,6.95
Quebec,2021-12-01,Students,55.2,58.7,6.0
Quebec,2021-12-01,"Total, all students and non-students",63.4,68.0,6.7
Quebec,2022-01-01,Full-time students,44.8,50.3,10.9
Quebec,2022-01-01,Non-students,73.0,83.1,12.2
Quebec,2022-01-01,Part-time students,67.9,75.7,9.9
Quebec,2022-01-01,Students,46.0,51.6,10.9
Quebec,2022-01-01,"Total, all students and non-students",56.1,63.4,11.5
Quebec,2022-02-01,Full-time students,52.2,54.8,4.9
Quebec,2022-02-01,Non-students,77.1,84.8,9.2
Quebec,2022-02-01,Part-time students,57.2,72.0,20.9
Quebec,2022-02-01,Students,52.5,56.0,6.2
Quebec,2022-02-01,"Total, all students and non-students",60.1,64.9,7.4
Quebec,2022-03-01,Full-time students,50.0,52.7,5.0
Quebec,2022-03-01,Non-students,83.5,91.0,8.3
Quebec,2022-03-01,Part-time students,61.1,70.5,13.6
Quebec,2022-03-01,Students,51.1,54.3,6.1
Quebec,2022-03-01,"Total, all students and non-students",60.8,65.4,7.0
Quebec,2022-04-01,Full-time students,49.2,53.3,7.6
Quebec,2022-04-01,Non-students,77.1,86.1,10.5
Quebec,2022-04-01,Part-time students,77.5,83.2,6.9
Quebec,2022-04-01,Students,51.7,55.9,7.5
Quebec,2022-04-01,"Total, all students and non-students",59.3,64.9,8.7
Quebec,2022-09-01,Full-time students,51.4,55.9,8.1
Quebec,2022-09-01,Non-students,80.1,88.8,9.8
Quebec,2022-09-01,Part-time students,71.9,80.8,11.0
Quebec,2022-09-01,Students,53.1,57.9,8.4
Quebec,2022-09-01,"Total, all students and non-students",61.6,67.7,9.0
Quebec,2022-10-01,Full-time students,51.1,54.3,5.8
Quebec,2022-10-01,Non-students,82.8,90.1,8.2
Quebec,2022-10-01,Part-time students,89.2,92.8,6.949999999999999
Quebec,2022-10-01,Students,53.3,56.5,5.7
Quebec,2022-10-01,"Total, all students and non-students",62.5,67.0,6.7
Quebec,2022-11-01,Full-time students,51.4,54.7,6.0
Quebec,2022-11-01,Non-students,82.3,90.0,8.6
Quebec,2022-11-01,Part-time students,82.0,87.7,6.5
Quebec,2022-11-01,Students,53.6,57.0,6.0
Quebec,2022-11-01,"Total, all students and non-students",62.3,67.1,7.1
Quebec,2022-12-01,Full-time students,53.8,57.2,6.0
Quebec,2022-12-01,Non-students,83.5,90.2,7.4
Quebec,2022-12-01,Part-time students,80.7,81.3,6.5
Quebec,2022-12-01,Students,55.3,58.6,5.6
Quebec,2022-12-01,"Total, all students and non-students",63.8,68.1,6.3
Quebec,2023-01-01,Full-time students,52.4,55.7,6.0
Quebec,2023-01-01,Non-students,80.1,89.2,10.2
Quebec,2023-01-01,Part-time students,64.7,71.1,9.0
Quebec,2023-01-01,Students,53.1,56.7,6.3
Quebec,2023-01-01,"Total, all students and non-students",62.5,68.0,8.1
Quebec,2023-02-01,Full-time students,51.7,55.5,6.9
Quebec,2023-02-01,Non-students,79.7,86.1,7.5
Quebec,2023-02-01,Part-time students,76.1,82.6,7.9
Quebec,2023-02-01,Students,53.5,57.5,7.1
Quebec,2023-02-01,"Total, all students and non-students",61.3,66.1,7.2
Quebec,2023-03-01,Full-time students,54.1,58.7,7.8
Quebec,2023-03-01,Non-students,80.7,88.8,9.1
Quebec,2023-03-01,Part-time students,70.0,75.7,7.5
Quebec,2023-03-01,Students,55.0,59.7,7.8
Quebec,2023-03-01,"Total, all students and non-students",62.5,68.2,8.3
Quebec,2023-04-01,Full-time students,53.2,56.9,6.4
Quebec,2023-04-01,Non-students,83.9,91.3,8.1
Quebec,2023-04-01,Part-time students,65.7,67.4,7.1
Quebec,2023-04-01,Students,54.0,57.5,6.1
Quebec,2023-04-01,"Total, all students and non-students",62.8,67.4,6.9
Quebec,2023-09-01,Full-time students,53.7,56.8,5.5
Quebec,2023-09-01,Non-students,82.6,89.8,8.0
Quebec,2023-09-01,Part-time students,76.0,78.9,6.7
Quebec,2023-09-01,Students,54.8,57.9,5.4
Quebec,2023-09-01,"Total, all students and non-students",64.1,68.5,6.5
Quebec,2023-10-01,Full-time students,51.8,56.4,8.2
Quebec,2023-10-01,Non-students,81.9,90.2,9.2
Quebec,2023-10-01,Part-time students,80.5,84.1,4.5
Quebec,2023-10-01,Students,54.1,58.7,7.8
Quebec,2023-10-01,"Total, all students and non-students",63.1,68.8,8.3
Quebec,2023-11-01,Full-time students,53.0,56.1,5.5
Quebec,2023-11-01,Non-students,78.0,88.9,12.2
Quebec,2023-11-01,Part-time students,71.5,80.3,11.0
Quebec,2023-11-01,Students,54.5,58.0,6.1
Quebec,2023-11-01,"Total, all students and non-students",61.8,67.6,8.6
Quebec,2023-12-01,Full-time students,53.8,56.7,5.0
Quebec,2023-12-01,Non-students,76.8,85.3,10.0
Quebec,2023-12-01,Part-time students,75.8,76.6,7.35
Quebec,2023-12-01,Students,55.1,57.8,4.7
Quebec,2023-12-01,"Total, all students and non-students",62.7,67.4,7.0
Quebec,2024-01-01,Full-time students,50.1,53.8,6.8
Quebec,2024-01-01,Non-students,75.8,85.9,11.7
Quebec,2024-01-01,Part-time students,61.6,71.2,13.4
Quebec,2024-01-01,Students,50.8,54.9,7.4
Quebec,2024-01-01,"Total, all students and non-students",60.2,66.5,9.5
Quebec,2024-02-01,Full-time students,50.0,53.7,6.9
Quebec,2024-02-01,Non-students,77.2,86.5,10.8
Quebec,2024-02-01,Part-time students,77.0,80.8,4.7
Quebec,2024-02-01,Students,51.8,55.6,6.7
Quebec,2024-02-01,"Total, all students and non-students",60.4,66.0,8.5
Quebec,2024-03-01,Full-time students,48.8,53.6,8.9
Quebec,2024-03-01,Non-students,78.5,86.7,9.4
Quebec,2024-03-01,Part-time students,85.8,92.7,7.4
Quebec,2024-03-01,Students,51.1,56.1,8.8
Quebec,2024-03-01,"Total, all students and non-students",60.1,66.1,9.0
Quebec,2024-04-01,Full-time students,49.8,55.1,9.6
Quebec,2024-04-01,Non-students,78.2,87.3,10.5
Quebec,2024-04-01,Part-time students,82.6,87.4,5.5
Quebec,2024-04-01,Students,51.7,56.9,9.2
Quebec,2024-04-01,"Total, all students and non-students",60.8,67.4,9.8
Quebec,2024-09-01,Full-time students,50.4,55.7,9.6
Quebec,2024-09-01,Non-students,81.1,89.1,9.0
Quebec,2024-09-01,Part-time students,81.8,84.8,9.0
Quebec,2024-09-01,Students,52.3,57.5,9.0
Quebec,2024-09-01,"Total, all students and non-students",61.0,67.0,9.0
Quebec,2024-10-01,Full-time students,49.3,53.1,7.2
Quebec,2024-10-01,Non-students,81.9,91.5,10.5
Quebec,2024-10-01,Part-time students,74.3,74.5,8.5
Quebec,2024-10-01,Students,51.0,54.5,6.5
Quebec,2024-10-01,"Total, all students and non-students",60.8,66.3,8.3
Quebec,2024-11-01,Full-time students,50.0,54.1,7.7
Quebec,2024-11-01,Non-students,80.3,89.5,10.2
Quebec,2024-11-01,Part-time students,61.7,77.2,20.1
Quebec,2024-11-01,Students,50.6,55.4,8.6
Quebec,2024-11-01,"Total, all students and non-students",59.9,66.0,9.3
Quebec,2024-12-01,Full-time students,47.8,51.1,6.5
Quebec,2024-12-01,Non-students,82.6,91.1,9.3
Quebec,2024-12-01,Part-time students,75.9,85.0,10.6
Quebec,2024-12-01,Students,49.4,53.0,6.8
Quebec,2024-12-01,"Total, all students and non-students",59.3,64.3,7.9
Quebec,2025-01-01,Full-time students,45.7,51.2,10.7
Quebec,2025-01-01,Non-students,77.1,86.0,10.3
Quebec,2025-01-01,Part-time students,70.7,82.7,14.0
Quebec,2025-01-01,Students,46.9,52.7,11.0
Quebec,2025-01-01,"Total, all students and non-students",57.8,64.7,10.7
Quebec,2025-02-01,Full-time students,46.6,49.0,5.0
Quebec,2025-02-01,Non-students,78.6,87.9,10.6
Quebec,2025-02-01,Part-time students,75.9,79.8,5.2
Quebec,2025-02-01,Students,48.3,50.9,5.0
Quebec,2025-02-01,"Total, all students and non-students",57.9,62.6,7.5
Quebec,2025-03-01,Full-time students,47.4,52.4,9.6
Quebec,2025-03-01,Non-students,79.0,87.0,9.2
Quebec,2025-03-01,Part-time students,62.5,68.6,8.9
Quebec,2025-03-01,Students,48.2,53.3,9.6
Quebec,2025-03-01,"Total, all students and non-students",58.2,64.2,9.4
Quebec,2025-04-01,Full-time students,47.2,53.9,12.4
Quebec,2025-04-01,Non-students,80.1,90.4,11.4
Quebec,2025-04-01,Part-time students,62.4,69.8,10.2
Quebec,2025-04-01,Students,48.2,54.9,12.2
Quebec,2025-04-01,"Total, all students and non-students",58.9,66.8,11.8
Quebec,2025-09-01,Full-time students,49.3,54.3,9.2
Quebec,2025-09-01,Non-students,84.3,92.6,9.0
Quebec,2025-09-01,Part-time students,65.1,69.4,6.2
Quebec,2025-09-01,Students,50.4,55.4,8.9
Quebec,2025-09-01,"Total, all students and non-students",59.8,65.7,8.9
Quebec,2025-10-01,Full-time students,49.4,53.5,7.7
Quebec,2025-10-01,Non-students,83.9,92.8,9.5
Quebec,2025-10-01,Part-time students,76.6,80.7,5.1
Quebec,2025-10-01,Students,51.5,55.7,7.4
Quebec,2025-10-01,"Total, all students and non-students",61.3,66.9,8.3
Quebec,2025-11-01,Full-time students,51.2,54.7,6.5
Quebec,2025-11-01,Non-students,86.0,92.9,7.5
Quebec,2025-11-01,Part-time students,81.3,81.7,6.7
Quebec,2025-11-01,Students,53.3,56.6,5.9
Quebec,2025-11-01,"Total, all students and non-students",62.3,66.7,6.5
Quebec,2025-12-01,Full-time students,51.8,55.6,6.9
Quebec,2025-12-01,Non-students,82.7,89.8,7.8
Quebec,2025-12-01,Part-time students,69.7,80.6,13.6
Quebec,2025-12-01,Students,53.2,57.6,7.6
Quebec,2025-12-01,"Total, all students and non-students",62.0,67.2,7.7
Saskatchewan,2015-01-01,Full-time students,38.4,42.2,9.2
Saskatchewan,2015-01-01,Non-students,76.3,84.1,9.1
Saskatchewan,2015-01-01,Part-time students,62.0,70.0,9.399999999999999
Saskatchewan,2015-01-01,Students,39.9,44.1,9.7
Saskatchewan,2015-01-01,"Total, all students and non-students",56.4,62.2,9.3
Saskatchewan,2015-02-01,Full-time students,40.1,45.4,11.7
Saskatchewan,2015-02-01,Non-students,77.2,87.0,11.3
Saskatchewan,2015-02-01,Part-time students,69.6,76.1,11.350000000000001
Saskatchewan,2015-02-01,Students,41.9,47.3,11.4
Saskatchewan,2015-02-01,"Total, all students and non-students",58.9,66.4,11.3
Saskatchewan,2015-03-01,Full-time students,40.9,46.1,11.7
Saskatchewan,2015-03-01,Non-students,78.7,89.1,11.9
Saskatchewan,2015-03-01,Part-time students,63.8,68.1,11.55
Saskatchewan,2015-03-01,Students,42.3,47.6,11.2
Saskatchewan,2015-03-01,"Total, all students and non-students",57.9,65.5,11.5
Saskatchewan,2015-04-01,Full-time students,42.1,46.9,10.0
Saskatchewan,2015-04-01,Non-students,79.9,88.2,9.4
Saskatchewan,2015-04-01,Part-time students,48.6,68.6,29.2
Saskatchewan,2015-04-01,Students,42.4,47.9,11.5
Saskatchewan,2015-04-01,"Total, all students and non-students",58.8,65.5,10.2
Saskatchewan,2015-09-01,Full-time students,38.9,43.5,10.5
Saskatchewan,2015-09-01,Non-students,84.5,90.7,6.9
Saskatchewan,2015-09-01,Part-time students,69.0,78.6,8.600000000000001
Saskatchewan,2015-09-01,Students,40.7,45.4,10.3
Saskatchewan,2015-09-01,"Total, all students and non-students",61.0,66.4,8.2
Saskatchewan,2015-10-01,Full-time students,36.3,41.9,13.7
Saskatchewan,2015-10-01,Non-students,82.1,90.2,9.0
Saskatchewan,2015-10-01,Part-time students,80.4,86.3,10.9
Saskatchewan,2015-10-01,Students,39.2,45.0,12.8
Saskatchewan,2015-10-01,"Total, all students and non-students",58.4,65.2,10.5
Saskatchewan,2015-11-01,Full-time students,38.3,43.7,12.5
Saskatchewan,2015-11-01,Non-students,80.4,87.9,8.6
Saskatchewan,2015-11-01,Part-time students,86.8,92.1,10.2
Saskatchewan,2015-11-01,Students,40.8,46.2,11.8
Saskatchewan,2015-11-01,"Total, all students and non-students",58.7,65.1,9.8
Saskatchewan,2015-12-01,Full-time students,36.8,40.7,9.6
Saskatchewan,2015-12-01,Non-students,79.8,88.5,9.7
Saskatchewan,2015-12-01,Part-time students,80.9,80.9,9.2
Saskatchewan,2015-12-01,Students,39.7,43.5,8.7
Saskatchewan,2015-12-01,"Total, all students and non-students",58.5,64.5,9.5
Saskatchewan,2016-01-01,Full-time students,38.1,42.9,11.1
Saskatchewan,2016-01-01,Non-students,76.6,86.1,11.0
Saskatchewan,2016-01-01,Part-time students,81.8,81.8,10.4
Saskatchewan,2016-01-01,Students,40.7,45.3,9.8
Saskatchewan,2016-01-01,"Total, all students and non-students",57.5,64.3,10.6
Saskatchewan,2016-02-01,Full-time students,36.3,42.9,15.8
Saskatchewan,2016-02-01,Non-students,75.2,84.9,11.4
Saskatchewan,2016-02-01,Part-time students,81.3,85.4,12.850000000000001
Saskatchewan,2016-02-01,Students,39.3,45.9,14.3
Saskatchewan,2016-02-01,"Total, all students and non-students",56.4,64.6,12.5
Saskatchewan,2016-03-01,Full-time students,41.5,46.6,10.9
Saskatchewan,2016-03-01,Non-students,76.0,85.9,11.3
Saskatchewan,2016-03-01,Part-time students,57.4,66.7,13.9
Saskatchewan,2016-03-01,Students,42.8,48.0,11.2
Saskatchewan,2016-03-01,"Total, all students and non-students",57.1,64.3,11.3
Saskatchewan,2016-04-01,Full-time students,40.6,46.3,12.3
Saskatchewan,2016-04-01,Non-students,73.1,86.4,15.5
Saskatchewan,2016-04-01,Part-time students,70.5,79.5,13.85
Saskatchewan,2016-04-01,Students,42.4,48.3,12.2
Saskatchewan,2016-04-01,"Total, all students and non-students",55.9,65.2,14.1
Saskatchewan,2016-09-01,Full-time students,37.4,46.5,19.6
Saskatchewan,2016-09-01,Non-students,80.4,88.0,8.7
Saskatchewan,2016-09-01,Part-time students,57.5,65.0,13.799999999999999
Saskatchewan,2016-09-01,Students,38.6,47.6,18.9
Saskatchewan,2016-09-01,"Total, all students and non-students",59.6,67.8,12.3
Saskatchewan,2016-10-01,Full-time students,37.5,44.5,15.9
Saskatchewan,2016-10-01,Non-students,78.4,85.7,8.5
Saskatchewan,2016-10-01,Part-time students,60.5,78.9,23.3
Saskatchewan,2016-10-01,Students,38.8,46.4,16.6
Saskatchewan,2016-10-01,"Total, all students and non-students",58.0,65.5,11.5
Saskatchewan,2016-11-01,Full-time students,37.8,45.3,16.4
Saskatchewan,2016-11-01,Non-students,76.6,86.2,11.3
Saskatchewan,2016-11-01,Part-time students,54.8,71.0,22.7
Saskatchewan,2016-11-01,Students,39.3,47.5,17.3
Saskatchewan,2016-11-01,"Total, all students and non-students",56.8,65.7,13.6
Saskatchewan,2016-12-01,Full-time students,37.0,39.8,7.1
Saskatchewan,2016-12-01,Non-students,77.2,86.6,10.9
Saskatchewan,2016-12-01,Part-time students,76.4,81.8,8.95
Saskatchewan,2016-12-01,Students,40.0,43.0,7.0
Saskatchewan,2016-12-01,"Total, all students and non-students",56.8,62.8,9.4
Saskatchewan,2017-01-01,Full-time students,37.5,42.8,12.5
Saskatchewan,2017-01-01,Non-students,76.0,87.1,12.7
Saskatchewan,2017-01-01,Part-time students,67.9,77.4,12.2
Saskatchewan,2017-01-01,Students,39.8,45.4,12.4
Saskatchewan,2017-01-01,"Total, all students and non-students",56.7,64.9,12.6
Saskatchewan,2017-02-01,Full-time students,39.0,43.0,9.0
Saskatchewan,2017-02-01,Non-students,76.5,88.2,13.0
Saskatchewan,2017-02-01,Part-time students,71.1,78.9,11.2
Saskatchewan,2017-02-01,Students,40.7,44.9,9.4
Saskatchewan,2017-02-01,"Total, all students and non-students",56.6,64.1,11.6
Saskatchewan,2017-03-01,Full-time students,37.3,42.0,11.1
Saskatchewan,2017-03-01,Non-students,75.1,86.9,13.6
Saskatchewan,2017-03-01,Part-time students,80.0,83.3,12.1
Saskatchewan,2017-03-01,Students,39.1,43.7,10.6
Saskatchewan,2017-03-01,"Total, all students and non-students",54.6,62.3,12.4
Saskatchewan,2017-04-01,Full-time students,38.1,44.1,13.6
Saskatchewan,2017-04-01,Non-students,76.7,87.5,12.4
Saskatchewan,2017-04-01,Part-time students,81.5,88.9,12.65
Saskatchewan,2017-04-01,Students,39.6,45.7,12.9
Saskatchewan,2017-04-01,"Total, all students and non-students",56.4,64.6,12.7
Saskatchewan,2017-09-01,Full-time students,33.5,39.7,15.6
Saskatchewan,2017-09-01,Non-students,77.8,86.7,10.3
Saskatchewan,2017-09-01,Part-time students,89.7,96.6,12.55
Saskatchewan,2017-09-01,Students,35.8,42.0,14.8
Saskatchewan,2017-09-01,"Total, all students and non-students",55.2,62.7,11.9
Saskatchewan,2017-10-01,Full-time students,35.5,40.8,13.0
Saskatchewan,2017-10-01,Non-students,78.6,86.1,8.7
Saskatchewan,2017-10-01,Part-time students,64.0,92.0,34.8
Saskatchewan,2017-10-01,Students,36.5,42.6,14.3
Saskatchewan,2017-10-01,"Total, all students and non-students",55.1,61.9,11.0
Saskatchewan,2017-11-01,Full-time students,36.3,41.7,12.8
Saskatchewan,2017-11-01,Non-students,78.8,87.8,10.2
Saskatchewan,2017-11-01,Part-time students,64.5,71.0,11.399999999999999
Saskatchewan,2017-11-01,Students,37.5,42.9,12.6
Saskatchewan,2017-11-01,"Total, all students and non-students",55.6,62.6,11.1
Saskatchewan,2017-12-01,Full-time students,35.2,40.8,14.1
Saskatchewan,2017-12-01,Non-students,75.4,86.9,13.2
Saskatchewan,2017-12-01,Part-time students,67.4,74.4,13.45
Saskatchewan,2017-12-01,Students,37.1,42.8,13.7
Saskatchewan,2017-12-01,"Total, all students and non-students",54.1,62.4,13.3
Saskatchewan,2018-01-01,Full-time students,35.4,38.8,8.8
Saskatchewan,2018-01-01,Non-students,73.0,85.0,14.1
Saskatchewan,2018-01-01,Part-time students,69.7,84.8,17.9
Saskatchewan,2018-01-01,Students,36.9,41.0,10.0
Saskatchewan,2018-01-01,"Total, all students and non-students",52.9,60.5,12.5
Saskatchewan,2018-02-01,Full-time students,33.9,37.8,10.4
Saskatchewan,2018-02-01,Non-students,77.1,87.1,11.2
Saskatchewan,2018-02-01,Part-time students,51.4,60.0,10.95
Saskatchewan,2018-02-01,Students,34.7,38.8,10.7
Saskatchewan,2018-02-01,"Total, all students and non-students",53.2,59.8,11.0
Saskatchewan,2018-03-01,Full-time students,37.9,42.7,11.1
Saskatchewan,2018-03-01,Non-students,76.0,86.7,12.3
Saskatchewan,2018-03-01,Part-time students,63.4,75.6,16.1
Saskatchewan,2018-03-01,Students,39.4,44.4,11.3
Saskatchewan,2018-03-01,"Total, all students and non-students",54.4,61.8,11.9
Saskatchewan,2018-04-01,Full-time students,35.9,42.0,14.5
Saskatchewan,2018-04-01,Non-students,74.0,84.7,12.8
Saskatchewan,2018-04-01,Part-time students,67.4,73.9,13.3
Saskatchewan,2018-04-01,Students,37.9,44.1,13.8
Saskatchewan,2018-04-01,"Total, all students and non-students",53.8,62.0,13.2
Saskatchewan,2018-09-01,Full-time students,37.2,42.8,13.2
Saskatchewan,2018-09-01,Non-students,80.0,87.5,8.6
Saskatchewan,2018-09-01,Part-time students,78.0,82.9,10.5
Saskatchewan,2018-09-01,Students,39.5,45.2,12.4
Saskatchewan,2018-09-01,"Total, all students and non-students",57.4,63.9,10.1
Saskatchewan,2018-10-01,Full-time students,36.9,41.9,12.0
Saskatchewan,2018-10-01,Non-students,81.6,90.1,9.4
Saskatchewan,2018-10-01,Part-time students,72.1,81.4,10.65
Saskatchewan,2018-10-01,Students,38.8,44.1,11.9
Saskatchewan,2018-10-01,"Total, all students and non-students",56.9,63.5,10.3
Saskatchewan,2018-11-01,Full-time students,38.3,41.3,7.6
Saskatchewan,2018-11-01,Non-students,82.9,88.4,6.2
Saskatchewan,2018-11-01,Part-time students,60.0,92.5,35.1
Saskatchewan,2018-11-01,Students,39.2,43.9,10.6
Saskatchewan,2018-11-01,"Total, all students and non-students",57.3,62.3,8.0
Saskatchewan,2018-12-01,Full-time students,38.5,42.9,10.3
Saskatchewan,2018-12-01,Non-students,79.7,87.9,9.3
Saskatchewan,2018-12-01,Part-time students,67.3,69.2,9.4
Saskatchewan,2018-12-01,Students,40.4,44.6,9.5
Saskatchewan,2018-12-01,"Total, all students and non-students",56.3,62.2,9.4
Saskatchewan,2019-01-01,Full-time students,38.4,43.3,11.4
Saskatchewan,2019-01-01,Non-students,78.3,85.9,8.9
Saskatchewan,2019-01-01,Part-time students,60.0,74.0,18.9
Saskatchewan,2019-01-01,Students,39.6,45.2,12.3
Saskatchewan,2019-01-01,"Total, all students and non-students",55.4,61.8,10.3
Saskatchewan,2019-02-01,Full-time students,40.1,45.0,10.9
Saskatchewan,2019-02-01,Non-students,75.6,84.0,10.0
Saskatchewan,2019-02-01,Part-time students,63.0,65.2,10.15
Saskatchewan,2019-02-01,Students,41.5,46.2,10.3
Saskatchewan,2019-02-01,"Total, all students and non-students",55.5,61.6,10.1
Saskatchewan,2019-03-01,Full-time students,41.5,45.6,9.0
Saskatchewan,2019-03-01,Non-students,80.8,88.7,8.9
Saskatchewan,2019-03-01,Part-time students,61.9,69.0,8.9
Saskatchewan,2019-03-01,Students,42.6,46.7,8.9
Saskatchewan,2019-03-01,"Total, all students and non-students",57.8,63.4,8.9
Saskatchewan,2019-04-01,Full-time students,39.2,46.2,15.1
Saskatchewan,2019-04-01,Non-students,77.4,87.8,11.8
Saskatchewan,2019-04-01,Part-time students,64.3,71.4,13.3
Saskatchewan,2019-04-01,Students,40.2,47.3,14.8
Saskatchewan,2019-04-01,"Total, all students and non-students",56.0,64.4,13.1
Saskatchewan,2019-09-01,Full-time students,38.4,43.8,12.5
Saskatchewan,2019-09-01,Non-students,78.7,87.5,10.0
Saskatchewan,2019-09-01,Part-time students,67.6,83.8,19.4
Saskatchewan,2019-09-01,Students,39.9,45.9,12.9
Saskatchewan,2019-09-01,"Total, all students and non-students",57.8,65.1,11.2
Saskatchewan,2019-10-01,Full-time students,39.1,43.4,10.2
Saskatchewan,2019-10-01,Non-students,79.4,85.7,7.3
Saskatchewan,2019-10-01,Part-time students,53.5,69.8,23.3
Saskatchewan,2019-10-01,Students,39.8,45.0,11.4
Saskatchewan,2019-10-01,"Total, all students and non-students",57.1,62.8,9.1
Saskatchewan,2019-11-01,Full-time students,36.7,42.6,13.8
Saskatchewan,2019-11-01,Non-students,80.4,89.4,10.1
Saskatchewan,2019-11-01,Part-time students,71.2,84.6,15.9
Saskatchewan,2019-11-01,Students,39.1,45.6,14.1
Saskatchewan,2019-11-01,"Total, all students and non-students",57.5,65.1,11.7
Saskatchewan,2019-12-01,Full-time students,37.3,43.8,15.3
Saskatchewan,2019-12-01,Non-students,77.9,86.5,10.0
Saskatchewan,2019-12-01,Part-time students,73.8,81.0,12.3
Saskatchewan,2019-12-01,Students,39.2,46.0,14.6
Saskatchewan,2019-12-01,"Total, all students and non-students",56.4,64.0,11.9
Saskatchewan,2020-01-01,Full-time students,33.5,39.6,15.8
Saskatchewan,2020-01-01,Non-students,74.7,86.7,13.8
Saskatchewan,2020-01-01,Part-time students,66.7,84.8,21.4
Saskatchewan,2020-01-01,Students,35.0,41.6,16.3
Saskatchewan,2020-01-01,"Total, all students and non-students",52.8,62.0,14.7
Saskatchewan,2020-02-01,Full-time students,36.1,42.3,14.7
Saskatchewan,2020-02-01,Non-students,75.9,86.0,11.7
Saskatchewan,2020-02-01,Part-time students,46.2,66.7,30.8
Saskatchewan,2020-02-01,Students,36.7,43.6,16.0
Saskatchewan,2020-02-01,"Total, all students and non-students",54.1,62.4,13.3
Saskatchewan,2020-03-01,Full-time students,30.3,39.9,24.1
Saskatchewan,2020-03-01,Non-students,66.0,78.8,16.2
Saskatchewan,2020-03-01,Part-time students,63.5,73.0,13.0
Saskatchewan,2020-03-01,Students,33.3,42.9,22.4
Saskatchewan,2020-03-01,"Total, all students and non-students",48.7,59.8,18.4
Saskatchewan,2020-04-01,Full-time students,23.5,32.9,28.6
Saskatchewan,2020-04-01,Non-students,54.5,70.2,22.4
Saskatchewan,2020-04-01,Part-time students,24.2,62.9,61.5
Saskatchewan,2020-04-01,Students,23.7,35.9,33.9
Saskatchewan,2020-04-01,"Total, all students and non-students",40.1,54.3,26.1
Saskatchewan,2020-09-01,Full-time students,35.3,42.3,16.5
Saskatchewan,2020-09-01,Non-students,73.7,82.6,10.8
Saskatchewan,2020-09-01,Part-time students,81.1,81.1,12.600000000000001
Saskatchewan,2020-09-01,Students,38.6,45.1,14.4
Saskatchewan,2020-09-01,"Total, all students and non-students",54.3,61.8,12.2
Saskatchewan,2020-10-01,Full-time students,34.3,40.5,15.4
Saskatchewan,2020-10-01,Non-students,76.4,86.6,11.8
Saskatchewan,2020-10-01,Part-time students,82.1,85.1,12.4
Saskatchewan,2020-10-01,Students,38.6,44.5,13.0
Saskatchewan,2020-10-01,"Total, all students and non-students",55.1,62.8,12.3
Saskatchewan,2020-11-01,Full-time students,30.8,37.7,18.4
Saskatchewan,2020-11-01,Non-students,79.8,87.6,8.7
Saskatchewan,2020-11-01,Part-time students,56.1,66.7,15.9
Saskatchewan,2020-11-01,Students,33.0,40.3,18.0
Saskatchewan,2020-11-01,"Total, all students and non-students",53.3,60.7,12.2
Saskatchewan,2020-12-01,Full-time students,33.7,39.3,14.3
Saskatchewan,2020-12-01,Non-students,69.0,82.1,15.9
Saskatchewan,2020-12-01,Part-time students,66.7,69.0,14.600000000000001
Saskatchewan,2020-12-01,Students,35.4,41.0,13.3
Saskatchewan,2020-12-01,"Total, all students and non-students",50.2,59.0,14.9
Saskatchewan,2021-01-01,Full-time students,34.7,39.6,12.5
Saskatchewan,2021-01-01,Non-students,68.8,84.7,18.8
Saskatchewan,2021-01-01,Part-time students,52.4,66.7,21.4
Saskatchewan,2021-01-01,Students,35.6,41.1,13.2
Saskatchewan,2021-01-01,"Total, all students and non-students",49.2,58.9,16.5
Saskatchewan,2021-02-01,Full-time students,35.4,42.5,16.8
Saskatchewan,2021-02-01,Non-students,66.6,78.8,15.5
Saskatchewan,2021-02-01,Part-time students,60.8,66.7,15.75
Saskatchewan,2021-02-01,Students,37.1,44.1,16.0
Saskatchewan,2021-02-01,"Total, all students and non-students",50.0,59.4,15.7
Saskatchewan,2021-03-01,Full-time students,37.6,43.0,12.5
Saskatchewan,2021-03-01,Non-students,70.8,84.1,15.8
Saskatchewan,2021-03-01,Part-time students,67.6,78.4,14.2
Saskatchewan,2021-03-01,Students,39.1,44.7,12.6
Saskatchewan,2021-03-01,"Total, all students and non-students",52.2,61.0,14.6
Saskatchewan,2021-04-01,Full-time students,39.8,45.4,12.4
Saskatchewan,2021-04-01,Non-students,74.2,84.9,12.6
Saskatchewan,2021-04-01,Part-time students,47.5,64.4,26.3
Saskatchewan,2021-04-01,Students,40.3,46.8,13.8
Saskatchewan,2021-04-01,"Total, all students and non-students",53.4,61.5,13.2
Saskatchewan,2021-09-01,Full-time students,43.5,48.7,10.6
Saskatchewan,2021-09-01,Non-students,83.6,91.7,8.8
Saskatchewan,2021-09-01,Part-time students,58.7,63.0,9.55
Saskatchewan,2021-09-01,Students,44.4,49.5,10.3
Saskatchewan,2021-09-01,"Total, all students and non-students",60.7,67.1,9.5
Saskatchewan,2021-10-01,Full-time students,42.6,46.3,8.0
Saskatchewan,2021-10-01,Non-students,81.2,86.3,5.9
Saskatchewan,2021-10-01,Part-time students,60.7,60.7,6.800000000000001
Saskatchewan,2021-10-01,Students,43.2,46.8,7.7
Saskatchewan,2021-10-01,"Total, all students and non-students",58.5,62.8,6.8
Saskatchewan,2021-11-01,Full-time students,39.1,42.2,7.3
Saskatchewan,2021-11-01,Non-students,77.7,85.0,8.6
Saskatchewan,2021-11-01,Part-time students,54.5,54.5,7.75
Saskatchewan,2021-11-01,Students,39.9,42.9,6.9
Saskatchewan,2021-11-01,"Total, all students and non-students",56.1,61.0,7.9
Saskatchewan,2021-12-01,Full-time students,40.0,44.3,9.3
Saskatchewan,2021-12-01,Non-students,77.2,87.0,11.3
Saskatchewan,2021-12-01,Part-time students,55.6,55.6,10.05
Saskatchewan,2021-12-01,Students,40.9,44.8,8.8
Saskatchewan,2021-12-01,"Total, all students and non-students",56.1,62.5,10.3
Saskatchewan,2022-01-01,Full-time students,38.4,42.3,9.3
Saskatchewan,2022-01-01,Non-students,78.9,88.3,10.8
Saskatchewan,2022-01-01,Part-time students,60.7,71.4,10.100000000000001
Saskatchewan,2022-01-01,Students,39.3,43.3,9.4
Saskatchewan,2022-01-01,"Total, all students and non-students",55.8,62.1,10.2
Saskatchewan,2022-02-01,Full-time students,41.4,44.3,6.6
Saskatchewan,2022-02-01,Non-students,80.0,84.2,4.8
Saskatchewan,2022-02-01,Part-time students,72.3,76.6,5.65
Saskatchewan,2022-02-01,Students,43.2,46.2,6.5
Saskatchewan,2022-02-01,"Total, all students and non-students",57.6,61.1,5.7
Saskatchewan,2022-03-01,Full-time students,38.9,41.7,6.7
Saskatchewan,2022-03-01,Non-students,77.9,88.1,11.6
Saskatchewan,2022-03-01,Part-time students,80.4,82.1,8.85
Saskatchewan,2022-03-01,Students,41.8,44.6,6.1
Saskatchewan,2022-03-01,"Total, all students and non-students",56.6,62.4,9.3
Saskatchewan,2022-04-01,Full-time students,39.5,46.2,14.5
Saskatchewan,2022-04-01,Non-students,80.4,89.6,10.2
Saskatchewan,2022-04-01,Part-time students,70.7,73.2,11.899999999999999
Saskatchewan,2022-04-01,Students,41.2,47.7,13.6
Saskatchewan,2022-04-01,"Total, all students and non-students",57.4,65.0,11.7
Saskatchewan,2022-09-01,Full-time students,36.4,38.3,4.9
Saskatchewan,2022-09-01,Non-students,79.1,85.3,7.1
Saskatchewan,2022-09-01,Part-time students,66.7,82.5,19.1
Saskatchewan,2022-09-01,Students,38.6,41.4,6.9
Saskatchewan,2022-09-01,"Total, all students and non-students",54.7,58.9,7.0
Saskatchewan,2022-10-01,Full-time students,36.2,38.9,7.0
Saskatchewan,2022-10-01,Non-students,78.6,86.7,9.3
Saskatchewan,2022-10-01,Part-time students,63.0,77.8,19.0
Saskatchewan,2022-10-01,Students,37.9,41.5,8.6
Saskatchewan,2022-10-01,"Total, all students and non-students",54.6,60.0,8.9
Saskatchewan,2022-11-01,Full-time students,34.2,37.2,7.9
Saskatchewan,2022-11-01,Non-students,79.2,85.9,7.9
Saskatchewan,2022-11-01,Part-time students,82.0,82.0,7.300000000000001
Saskatchewan,2022-11-01,Students,37.8,40.6,6.7
Saskatchewan,2022-11-01,"Total, all students and non-students",54.3,58.6,7.4
Saskatchewan,2022-12-01,Full-time students,36.1,37.4,3.4
Saskatchewan,2022-12-01,Non-students,82.9,91.8,9.7
Saskatchewan,2022-12-01,Part-time students,69.0,69.0,6.3999999999999995
Saskatchewan,2022-12-01,Students,37.8,39.0,3.1
Saskatchewan,2022-12-01,"Total, all students and non-students",55.4,59.7,7.1
Saskatchewan,2023-01-01,Full-time students,37.0,40.2,8.4
Saskatchewan,2023-01-01,Non-students,78.5,88.8,11.6
Saskatchewan,2023-01-01,Part-time students,70.2,73.7,9.65
Saskatchewan,2023-01-01,Students,39.2,42.6,7.7
Saskatchewan,2023-01-01,"Total, all students and non-students",55.4,61.6,10.1
Saskatchewan,2023-02-01,Full-time students,36.5,38.6,5.8
Saskatchewan,2023-02-01,Non-students,77.2,84.8,9.2
Saskatchewan,2023-02-01,Part-time students,77.3,77.3,7.1499999999999995
Saskatchewan,2023-02-01,Students,38.8,40.8,5.1
Saskatchewan,2023-02-01,"Total, all students and non-students",55.5,60.1,7.5
Saskatchewan,2023-03-01,Full-time students,37.2,40.1,7.3
Saskatchewan,2023-03-01,Non-students,76.8,86.0,10.7
Saskatchewan,2023-03-01,Part-time students,52.6,61.4,14.3
Saskatchewan,2023-03-01,Students,38.3,41.7,8.1
Saskatchewan,2023-03-01,"Total, all students and non-students",54.9,60.8,9.6
Saskatchewan,2023-04-01,Full-time students,34.5,39.8,13.2
Saskatchewan,2023-04-01,Non-students,77.6,84.7,8.4
Saskatchewan,2023-04-01,Part-time students,75.0,75.0,10.05
Saskatchewan,2023-04-01,Students,37.0,42.1,11.7
Saskatchewan,2023-04-01,"Total, all students and non-students",54.7,60.5,9.7
Saskatchewan,2023-09-01,Full-time students,37.3,40.3,7.3
Saskatchewan,2023-09-01,Non-students,78.3,87.7,10.8
Saskatchewan,2023-09-01,Part-time students,47.7,52.3,9.100000000000001
Saskatchewan,2023-09-01,Students,37.9,40.9,7.4
Saskatchewan,2023-09-01,"Total, all students and non-students",54.5,60.1,9.4
Saskatchewan,2023-10-01,Full-time students,39.6,43.1,8.1
Saskatchewan,2023-10-01,Non-students,82.9,89.6,7.4
Saskatchewan,2023-10-01,Part-time students,47.5,55.0,8.05
Saskatchewan,2023-10-01,Students,40.0,43.6,8.7
Saskatchewan,2023-10-01,"Total, all students and non-students",57.1,62.0,8.0
Saskatchewan,2023-11-01,Full-time students,38.4,43.5,11.6
Saskatchewan,2023-11-01,Non-students,79.2,88.1,10.1
Saskatchewan,2023-11-01,Part-time students,59.6,66.0,10.75
Saskatchewan,2023-11-01,Students,39.7,44.8,11.4
Saskatchewan,2023-11-01,"Total, all students and non-students",55.5,62.1,10.7
Saskatchewan,2023-12-01,Full-time students,36.5,40.8,10.7
Saskatchewan,2023-12-01,Non-students,75.8,86.8,12.4
Saskatchewan,2023-12-01,Part-time students,80.0,84.0,11.2
Saskatchewan,2023-12-01,Students,39.0,43.4,10.0
Saskatchewan,2023-12-01,"Total, all students and non-students",53.7,60.6,11.4
Saskatchewan,2024-01-01,Full-time students,31.8,37.2,14.5
Saskatchewan,2024-01-01,Non-students,74.7,82.2,9.1
Saskatchewan,2024-01-01,Part-time students,67.4,73.9,11.5
Saskatchewan,2024-01-01,Students,33.8,39.2,13.9
Saskatchewan,2024-01-01,"Total, all students and non-students",50.4,56.6,11.1
Saskatchewan,2024-02-01,Full-time students,34.2,40.4,15.5
Saskatchewan,2024-02-01,Non-students,79.6,86.0,7.1
Saskatchewan,2024-02-01,Part-time students,58.2,74.5,22.0
Saskatchewan,2024-02-01,Students,35.7,42.6,16.2
Saskatchewan,2024-02-01,"Total, all students and non-students",53.3,60.0,11.0
Saskatchewan,2024-03-01,Full-time students,35.8,39.3,8.9
Saskatchewan,2024-03-01,Non-students,74.4,86.9,14.3
Saskatchewan,2024-03-01,Part-time students,60.3,77.6,22.2
Saskatchewan,2024-03-01,Students,37.4,41.8,10.5
Saskatchewan,2024-03-01,"Total, all students and non-students",51.4,58.7,12.6
Saskatchewan,2024-04-01,Full-time students,34.6,42.3,18.1
Saskatchewan,2024-04-01,Non-students,75.8,89.2,15.0
Saskatchewan,2024-04-01,Part-time students,61.8,67.3,16.05
Saskatchewan,2024-04-01,Students,36.4,43.9,17.1
Saskatchewan,2024-04-01,"Total, all students and non-students",51.3,61.1,15.9
Saskatchewan,2024-09-01,Full-time students,31.2,35.3,11.8
Saskatchewan,2024-09-01,Non-students,81.6,90.4,9.7
Saskatchewan,2024-09-01,Part-time students,59.7,73.1,18.4
Saskatchewan,2024-09-01,Students,33.3,38.2,12.8
Saskatchewan,2024-09-01,"Total, all students and non-students",52.8,59.2,10.9
Saskatchewan,2024-10-01,Full-time students,32.4,38.1,15.0
Saskatchewan,2024-10-01,Non-students,80.5,87.2,7.7
Saskatchewan,2024-10-01,Part-time students,61.2,69.4,11.2
Saskatchewan,2024-10-01,Students,34.0,39.9,14.7
Saskatchewan,2024-10-01,"Total, all students and non-students",53.8,59.9,10.3
Saskatchewan,2024-11-01,Full-time students,34.0,38.6,11.9
Saskatchewan,2024-11-01,Non-students,78.3,87.5,10.5
Saskatchewan,2024-11-01,Part-time students,67.4,80.4,18.9
Saskatchewan,2024-11-01,Students,35.7,40.9,12.6
Saskatchewan,2024-11-01,"Total, all students and non-students",53.8,60.7,11.3
Saskatchewan,2024-12-01,Full-time students,30.8,36.9,16.5
Saskatchewan,2024-12-01,Non-students,79.6,88.4,9.9
Saskatchewan,2024-12-01,Part-time students,73.0,73.0,12.05
Saskatchewan,2024-12-01,Students,34.0,39.6,14.2
Saskatchewan,2024-12-01,"Total, all students and non-students",53.9,61.0,11.5
Saskatchewan,2025-01-01,Full-time students,28.1,35.5,20.8
Saskatchewan,2025-01-01,Non-students,76.0,83.8,9.3
Saskatchewan,2025-01-01,Part-time students,76.1,80.4,14.05
Saskatchewan,2025-01-01,Students,30.8,37.8,18.8
Saskatchewan,2025-01-01,"Total, all students and non-students",50.3,57.7,12.8
Saskatchewan,2025-02-01,Full-time students,30.6,36.9,17.1
Saskatchewan,2025-02-01,Non-students,75.2,83.7,10.1
Saskatchewan,2025-02-01,Part-time students,72.0,78.0,13.2
Saskatchewan,2025-02-01,Students,33.1,39.4,16.3
Saskatchewan,2025-02-01,"Total, all students and non-students",51.4,58.7,12.5
Saskatchewan,2025-03-01,Full-time students,34.9,41.0,14.7
Saskatchewan,2025-03-01,Non-students,77.6,85.6,9.4
Saskatchewan,2025-03-01,Part-time students,50.0,60.3,17.1
Saskatchewan,2025-03-01,Students,35.9,42.2,14.9
Saskatchewan,2025-03-01,"Total, all students and non-students",52.8,59.8,11.7
Saskatchewan,2025-04-01,Full-time students,34.2,41.2,17.1
Saskatchewan,2025-04-01,Non-students,77.1,84.6,8.8
Saskatchewan,2025-04-01,Part-time students,58.7,60.9,12.6
Saskatchewan,2025-04-01,Students,35.4,42.2,16.4
Saskatchewan,2025-04-01,"Total, all students and non-students",52.5,59.6,11.9
Saskatchewan,2025-09-01,Full-time students,36.5,44.1,17.3
Saskatchewan,2025-09-01,Non-students,78.9,88.6,11.0
Saskatchewan,2025-09-01,Part-time students,67.9,75.0,13.9
Saskatchewan,2025-09-01,Students,37.6,45.1,16.8
Saskatchewan,2025-09-01,"Total, all students and non-students",55.5,64.0,13.3
Saskatchewan,2025-10-01,Full-time students,36.7,42.2,12.9
Saskatchewan,2025-10-01,Non-students,78.7,85.3,7.8
Saskatchewan,2025-10-01,Part-time students,62.9,65.7,10.1
Saskatchewan,2025-10-01,Students,37.8,43.1,12.4
Saskatchewan,2025-10-01,"Total, all students and non-students",54.5,60.3,9.8
Saskatchewan,2025-11-01,Full-time students,37.2,42.1,11.3
Saskatchewan,2025-11-01,Non-students,73.2,85.1,13.8
Saskatchewan,2025-11-01,Part-time students,69.6,82.6,15.8
Saskatchewan,2025-11-01,Students,38.8,44.1,12.0
Saskatchewan,2025-11-01,"Total, all students and non-students",52.7,60.6,13.0
Saskatchewan,2025-12-01,Full-time students,34.9,41.8,16.8
Saskatchewan,2025-12-01,Non-students,75.4,85.8,12.1
Saskatchewan,2025-12-01,Part-time students,63.2,80.9,21.8
Saskatchewan,2025-12-01,Students,37.1,44.9,17.4
Saskatchewan,2025-12-01,"Total, all students and non-students",53.3,62.1,14.4
